timestamp,endpoint,symbol,resolution,range_from,range_to,date_format,cont_flag,oi_flag,status_code,message
2026-09-29 10:17:15,/history,NSE:NIFTY50-INDEX,5S,2026-06-21,2026-07-21,1,1,1,200,no_data
2026-09-29 10:17:16,/history,NSE:NIFTY50-INDEX,5S,2026-07-22,2026-08-21,1,1,1,200,no_data
2026-09-29 10:17:18,/history,NSE:NIFTY50-INDEX,5S,2026-08-22,2026-09-21,1,1,1,200,ok
2026-09-29 10:17:19,/history,NSE:NIFTY50-INDEX,5S,2026-09-22,2026-09-29,1,1,1,200,ok
2026-09-29 10:17:20,/history,NSE:NIFTY50-INDEX,1,2026-06-21,2026-09-29,1,1,1,200,ok
2026-09-29 10:17:21,/history,NSE:NIFTY50-INDEX,5,2026-06-21,2026-09-29,1,1,1,200,ok
2026-09-29 10:17:22,/history,NSE:NIFTY50-INDEX,60,2026-06-21,2026-09-29,1,1,1,200,ok
2026-09-29 10:17:22,/history,NSE:NIFTY50-INDEX,D,2026-06-21,2026-09-29,1,1,1,200,ok
2026-09-29 10:17:26,/history,NSE:NIFTY26SEPFUT,5S,2026-06-21,2026-07-21,1,1,1,200,ok
2026-09-29 10:17:28,/history,NSE:NIFTY26SEPFUT,5S,2026-07-22,2026-08-21,1,1,1,200,ok
2026-09-29 10:17:31,/history,NSE:NIFTY26SEPFUT,5S,2026-08-22,2026-09-21,1,1,1,200,ok
2026-09-29 10:17:32,/history,NSE:NIFTY26SEPFUT,5S,2026-09-22,2026-09-29,1,1,1,200,ok
2026-09-29 10:17:36,/history,NSE:NIFTY26SEPFUT,1,2026-06-21,2026-09-29,1,1,1,200,ok
2026-09-29 10:17:37,/history,NSE:NIFTY26SEPFUT,5,2026-06-21,2026-09-29,1,1,1,200,ok
2026-09-29 10:17:37,/history,NSE:NIFTY26SEPFUT,60,2026-06-21,2026-09-29,1,1,1,200,ok
2026-09-29 10:17:37,/history,NSE:NIFTY26SEPFUT,D,2026-06-21,2026-09-29,1,1,1,200,ok
2026-09-29 10:17:38,/history,NSE:NIFTY50-INDEX,D,2026-04-02,2026-09-29,1,1,1,200,ok
2026-09-29 10:17:38,/history,NSE:NIFTY26SEP21050PE,5S,2026-06-21,2026-07-21,1,1,1,200,no_data
2026-09-29 10:17:38,/history,NSE:NIFTY26SEP21050PE,5S,2026-07-22,2026-08-21,1,1,1,200,no_data
2026-09-29 10:17:38,/history,NSE:NIFTY26SEP21050CE,5,2026-06-21,2026-09-29,1,1,1,200,no_data
2026-09-29 10:17:38,/history,NSE:NIFTY26SEP21050CE,1,2026-06-21,2026-09-29,1,1,1,200,no_data
2026-09-29 10:17:38,/history,NSE:NIFTY26SEP21050PE,5S,2026-08-22,2026-09-21,1,1,1,200,no_data
2026-09-29 10:17:38,/history,NSE:NIFTY26SEP21050PE,5,2026-06-21,2026-09-29,1,1,1,200,ok
2026-09-29 10:17:39,/history,NSE:NIFTY26SEP21050CE,5S,2026-06-21,2026-07-21,1,1,1,200,no_data
2026-09-29 10:17:39,/history,NSE:NIFTY26SEP21050CE,60,2026-06-21,2026-09-29,1,1,1,200,no_data
2026-09-29 10:17:39,/history,NSE:NIFTY26SEP21050PE,1,2026-06-21,2026-09-29,1,1,1,200,ok
2026-09-29 10:17:39,/history,NSE:NIFTY26SEP21050PE,5S,2026-09-22,2026-09-29,1,1,1,200,ok
2026-09-29 10:17:39,/history,NSE:NIFTY26SEP21050PE,60,2026-06-21,2026-09-29,1,1,1,200,ok
2026-09-29 10:17:39,/history,NSE:NIFTY26SEP21050CE,5S,2026-07-22,2026-08-21,1,1,1,200,no_data
2026-09-29 10:17:39,/history,NSE:NIFTY26SEP21050PE,D,2026-06-21,2026-09-29,1,1,1,200,ok
2026-09-29 10:17:39,/history,NSE:NIFTY26SEP21050CE,D,2026-06-21,2026-09-29,1,1,1,200,no_data
2026-09-29 10:17:39,/history,NSE:NIFTY26SEP21100CE,5S,2026-06-21,2026-07-21,1,1,1,200,no_data
2026-09-29 10:17:39,/history,NSE:NIFTY26SEP21100CE,1,2026-06-21,2026-09-29,1,1,1,200,no_data
2026-09-29 10:17:40,/history,NSE:NIFTY26SEP21050CE,5S,2026-08-22,2026-09-21,1,1,1,200,no_data
2026-09-29 10:17:40,/history,NSE:NIFTY26SEP21100CE,5,2026-06-21,2026-09-29,1,1,1,200,no_data
2026-09-29 10:17:40,/history,NSE:NIFTY26SEP21100PE,1,2026-06-21,2026-09-29,1,1,1,200,ok
2026-09-29 10:17:40,/history,NSE:NIFTY26SEP21050CE,5S,2026-09-22,2026-09-29,1,1,1,200,no_data
2026-09-29 10:17:40,/history,NSE:NIFTY26SEP21100PE,5S,2026-06-21,2026-07-21,1,1,1,200,no_data
2026-09-29 10:17:40,/history,NSE:NIFTY26SEP21100PE,60,2026-06-21,2026-09-29,1,1,1,200,ok
2026-09-29 10:17:40,/history,NSE:NIFTY26SEP21100PE,5,2026-06-21,2026-09-29,1,1,1,200,ok
2026-09-29 10:17:40,/history,NSE:NIFTY26SEP21100CE,5S,2026-07-22,2026-08-21,1,1,1,200,no_data
2026-09-29 10:17:41,/history,NSE:NIFTY26SEP21100PE,5S,2026-07-22,2026-08-21,1,1,1,200,no_data
2026-09-29 10:17:41,/history,NSE:NIFTY26SEP21100PE,D,2026-06-21,2026-09-29,1,1,1,200,ok
2026-09-29 10:17:41,/history,NSE:NIFTY26SEP21100PE,5S,2026-08-22,2026-09-21,1,1,1,200,no_data
2026-09-29 10:17:41,/history,NSE:NIFTY26SEP21150CE,5S,2026-06-21,2026-07-21,1,1,1,200,no_data
2026-09-29 10:17:41,/history,NSE:NIFTY26SEP21100CE,5S,2026-08-22,2026-09-21,1,1,1,200,no_data
2026-09-29 10:17:41,/history,NSE:NIFTY26SEP21100CE,5S,2026-09-22,2026-09-29,1,1,1,200,no_data
2026-09-29 10:17:41,/history,NSE:NIFTY26SEP21100CE,D,2026-06-21,2026-09-29,1,1,1,200,no_data
2026-09-29 10:17:41,/history,NSE:NIFTY26SEP21100CE,60,2026-06-21,2026-09-29,1,1,1,200,no_data
2026-09-29 10:17:41,/history,NSE:NIFTY26SEP21150PE,5S,2026-06-21,2026-07-21,1,1,1,200,no_data
2026-09-29 10:17:42,/history,NSE:NIFTY26SEP21150PE,1,2026-06-21,2026-09-29,1,1,1,200,ok
2026-09-29 10:17:42,/history,NSE:NIFTY26SEP21150CE,5S,2026-07-22,2026-08-21,1,1,1,200,no_data
2026-09-29 10:17:42,/history,NSE:NIFTY26SEP21100PE,5S,2026-09-22,2026-09-29,1,1,1,200,ok
2026-09-29 10:17:42,/history,NSE:NIFTY26SEP21150CE,5,2026-06-21,2026-09-29,1,1,1,200,no_data
2026-09-29 10:17:42,/history,NSE:NIFTY26SEP21150PE,5S,2026-07-22,2026-08-21,1,1,1,200,no_data
2026-09-29 10:17:42,/history,NSE:NIFTY26SEP21150CE,5S,2026-08-22,2026-09-21,1,1,1,200,no_data
2026-09-29 10:17:42,/history,NSE:NIFTY26SEP21150CE,60,2026-06-21,2026-09-29,1,1,1,200,no_data
2026-09-29 10:17:42,/history,NSE:NIFTY26SEP21150PE,5,2026-06-21,2026-09-29,1,1,1,200,ok
2026-09-29 10:17:42,/history,NSE:NIFTY26SEP21150PE,5S,2026-08-22,2026-09-21,1,1,1,200,no_data
2026-09-29 10:17:43,/history,NSE:NIFTY26SEP21150CE,5S,2026-09-22,2026-09-29,1,1,1,200,no_data
2026-09-29 10:17:43,/history,NSE:NIFTY26SEP21150CE,1,2026-06-21,2026-09-29,1,1,1,200,no_data
2026-09-29 10:17:43,/history,NSE:NIFTY26SEP21150PE,60,2026-06-21,2026-09-29,1,1,1,200,ok
2026-09-29 10:17:43,/history,NSE:NIFTY26SEP21150CE,D,2026-06-21,2026-09-29,1,1,1,200,no_data
2026-09-29 10:17:43,/history,NSE:NIFTY26SEP21150PE,D,2026-06-21,2026-09-29,1,1,1,200,ok
2026-09-29 10:17:43,/history,NSE:NIFTY26SEP21200CE,1,2026-06-21,2026-09-29,1,1,1,200,no_data
2026-09-29 10:17:43,/history,NSE:NIFTY26SEP21200CE,5S,2026-06-21,2026-07-21,1,1,1,200,no_data
2026-09-29 10:17:43,/history,NSE:NIFTY26SEP21200PE,5S,2026-06-21,2026-07-21,1,1,1,200,no_data
2026-09-29 10:17:43,/history,NSE:NIFTY26SEP21150PE,5S,2026-09-22,2026-09-29,1,1,1,200,ok
2026-09-29 10:17:44,/history,NSE:NIFTY26SEP21200PE,1,2026-06-21,2026-09-29,1,1,1,200,ok
2026-09-29 10:17:44,/history,NSE:NIFTY26SEP21200CE,5S,2026-07-22,2026-08-21,1,1,1,200,no_data
2026-09-29 10:17:44,/history,NSE:NIFTY26SEP21200PE,5S,2026-07-22,2026-08-21,1,1,1,200,no_data
2026-09-29 10:17:44,/history,NSE:NIFTY26SEP21200CE,5,2026-06-21,2026-09-29,1,1,1,200,no_data
2026-09-29 10:17:44,/history,NSE:NIFTY26SEP21200PE,5S,2026-08-22,2026-09-21,1,1,1,200,no_data
2026-09-29 10:17:44,/history,NSE:NIFTY26SEP21200CE,60,2026-06-21,2026-09-29,1,1,1,200,no_data
2026-09-29 10:17:44,/history,NSE:NIFTY26SEP21200CE,5S,2026-08-22,2026-09-21,1,1,1,200,no_data
2026-09-29 10:17:44,/history,NSE:NIFTY26SEP21200PE,5,2026-06-21,2026-09-29,1,1,1,200,ok
2026-09-29 10:17:44,/history,NSE:NIFTY26SEP21200PE,60,2026-06-21,2026-09-29,1,1,1,200,ok
2026-09-29 10:17:45,/history,NSE:NIFTY26SEP21200CE,D,2026-06-21,2026-09-29,1,1,1,200,no_data
2026-09-29 10:17:45,/history,NSE:NIFTY26SEP21200PE,D,2026-06-21,2026-09-29,1,1,1,200,ok
2026-09-29 10:17:45,/history,NSE:NIFTY26SEP21250CE,1,2026-06-21,2026-09-29,1,1,1,200,no_data
2026-09-29 10:17:45,/history,NSE:NIFTY26SEP21250PE,5S,2026-06-21,2026-07-21,1,1,1,200,no_data
2026-09-29 10:17:45,/history,NSE:NIFTY26SEP21250PE,1,2026-06-21,2026-09-29,1,1,1,200,ok
2026-09-29 10:17:45,/history,NSE:NIFTY26SEP21250CE,5S,2026-06-21,2026-07-21,1,1,1,200,no_data
2026-09-29 10:17:45,/history,NSE:NIFTY26SEP21250PE,5S,2026-07-22,2026-08-21,1,1,1,200,no_data
2026-09-29 10:17:45,/history,NSE:NIFTY26SEP21200CE,5S,2026-09-22,2026-09-29,1,1,1,200,no_data
2026-09-29 10:17:46,/history,NSE:NIFTY26SEP21250CE,5,2026-06-21,2026-09-29,1,1,1,200,no_data
2026-09-29 10:17:46,/history,NSE:NIFTY26SEP21250PE,5S,2026-08-22,2026-09-21,1,1,1,200,no_data
2026-09-29 10:17:46,/history,NSE:NIFTY26SEP21200PE,5S,2026-09-22,2026-09-29,1,1,1,200,ok
2026-09-29 10:17:46,/history,NSE:NIFTY26SEP21250CE,5S,2026-07-22,2026-08-21,1,1,1,200,no_data
2026-09-29 10:17:46,/history,NSE:NIFTY26SEP21250PE,5,2026-06-21,2026-09-29,1,1,1,200,ok
2026-09-29 10:17:46,/history,NSE:NIFTY26SEP21250CE,60,2026-06-21,2026-09-29,1,1,1,200,no_data
2026-09-29 10:17:46,/history,NSE:NIFTY26SEP21250CE,5S,2026-08-22,2026-09-21,1,1,1,200,no_data
2026-09-29 10:17:46,/history,NSE:NIFTY26SEP21250PE,60,2026-06-21,2026-09-29,1,1,1,200,ok
2026-09-29 10:17:46,/history,NSE:NIFTY26SEP21250CE,D,2026-06-21,2026-09-29,1,1,1,200,no_data
2026-09-29 10:17:47,/history,NSE:NIFTY26SEP21250PE,D,2026-06-21,2026-09-29,1,1,1,200,ok
2026-09-29 10:17:47,/history,NSE:NIFTY26SEP21300CE,5S,2026-06-21,2026-07-21,1,1,1,200,no_data
2026-09-29 10:17:47,/history,NSE:NIFTY26SEP21250PE,5S,2026-09-22,2026-09-29,1,1,1,200,ok
2026-09-29 10:17:47,/history,NSE:NIFTY26SEP21300PE,5S,2026-06-21,2026-07-21,1,1,1,200,no_data
2026-09-29 10:17:47,/history,NSE:NIFTY26SEP21250CE,5S,2026-09-22,2026-09-29,1,1,1,200,no_data
2026-09-29 10:17:47,/history,NSE:NIFTY26SEP21300CE,5S,2026-07-22,2026-08-21,1,1,1,200,no_data
2026-09-29 10:17:47,/history,NSE:NIFTY26SEP21300PE,1,2026-06-21,2026-09-29,1,1,1,200,ok
2026-09-29 10:17:47,/history,NSE:NIFTY26SEP21300PE,5S,2026-07-22,2026-08-21,1,1,1,200,no_data
2026-09-29 10:17:48,/history,NSE:NIFTY26SEP21300CE,5,2026-06-21,2026-09-29,1,1,1,200,no_data
2026-09-29 10:17:48,/history,NSE:NIFTY26SEP21300CE,1,2026-06-21,2026-09-29,1,1,1,200,no_data
2026-09-29 10:17:48,/history,NSE:NIFTY26SEP21300CE,5S,2026-08-22,2026-09-21,1,1,1,200,no_data
2026-09-29 10:17:48,/history,NSE:NIFTY26SEP21300PE,5S,2026-08-22,2026-09-21,1,1,1,200,no_data
2026-09-29 10:17:48,/history,NSE:NIFTY26SEP21300CE,60,2026-06-21,2026-09-29,1,1,1,200,no_data
2026-09-29 10:17:48,/history,NSE:NIFTY26SEP21300PE,5,2026-06-21,2026-09-29,1,1,1,200,ok
2026-09-29 10:17:48,/history,NSE:NIFTY26SEP21300PE,60,2026-06-21,2026-09-29,1,1,1,200,ok
2026-09-29 10:17:48,/history,NSE:NIFTY26SEP21300CE,5S,2026-09-22,2026-09-29,1,1,1,200,no_data
2026-09-29 10:17:49,/history,NSE:NIFTY26SEP21300PE,D,2026-06-21,2026-09-29,1,1,1,200,ok
2026-09-29 10:17:49,/history,NSE:NIFTY26SEP21300PE,5S,2026-09-22,2026-09-29,1,1,1,200,ok
2026-09-29 10:17:49,/history,NSE:NIFTY26SEP21300CE,D,2026-06-21,2026-09-29,1,1,1,200,no_data
2026-09-29 10:17:49,/history,NSE:NIFTY26SEP21350CE,5S,2026-06-21,2026-07-21,1,1,1,200,no_data
2026-09-29 10:17:49,/history,NSE:NIFTY26SEP21350PE,5S,2026-06-21,2026-07-21,1,1,1,200,no_data
2026-09-29 10:17:49,/history,NSE:NIFTY26SEP21350CE,1,2026-06-21,2026-09-29,1,1,1,200,no_data
2026-09-29 10:17:49,/history,NSE:NIFTY26SEP21350PE,5S,2026-07-22,2026-08-21,1,1,1,200,no_data
2026-09-29 10:17:49,/history,NSE:NIFTY26SEP21350PE,1,2026-06-21,2026-09-29,1,1,1,200,ok
2026-09-29 10:17:50,/history,NSE:NIFTY26SEP21350CE,5S,2026-07-22,2026-08-21,1,1,1,200,no_data
2026-09-29 10:17:50,/history,NSE:NIFTY26SEP21350CE,5,2026-06-21,2026-09-29,1,1,1,200,no_data
2026-09-29 10:17:50,/history,NSE:NIFTY26SEP21350PE,5,2026-06-21,2026-09-29,1,1,1,200,ok
2026-09-29 10:17:50,/history,NSE:NIFTY26SEP21350CE,60,2026-06-21,2026-09-29,1,1,1,200,no_data
2026-09-29 10:17:50,/history,NSE:NIFTY26SEP21350CE,5S,2026-08-22,2026-09-21,1,1,1,200,no_data
2026-09-29 10:17:50,/history,NSE:NIFTY26SEP21350CE,5S,2026-09-22,2026-09-29,1,1,1,200,no_data
2026-09-29 10:17:50,/history,NSE:NIFTY26SEP21400CE,5S,2026-06-21,2026-07-21,1,1,1,200,no_data
2026-09-29 10:17:50,/history,NSE:NIFTY26SEP21350CE,D,2026-06-21,2026-09-29,1,1,1,200,no_data
2026-09-29 10:17:50,/history,NSE:NIFTY26SEP21350PE,60,2026-06-21,2026-09-29,1,1,1,200,ok
2026-09-29 10:17:50,/history,NSE:NIFTY26SEP21350PE,5S,2026-08-22,2026-09-21,1,1,1,200,ok
2026-09-29 10:17:51,/history,NSE:NIFTY26SEP21350PE,D,2026-06-21,2026-09-29,1,1,1,200,ok
2026-09-29 10:17:51,/history,NSE:NIFTY26SEP21400CE,5S,2026-07-22,2026-08-21,1,1,1,200,no_data
2026-09-29 10:17:51,/history,NSE:NIFTY26SEP21400PE,5S,2026-06-21,2026-07-21,1,1,1,200,no_data
2026-09-29 10:17:51,/history,NSE:NIFTY26SEP21400CE,1,2026-06-21,2026-09-29,1,1,1,200,ok
2026-09-29 10:17:51,/history,NSE:NIFTY26SEP21400PE,1,2026-06-21,2026-09-29,1,1,1,200,ok
2026-09-29 10:17:51,/history,NSE:NIFTY26SEP21400PE,5S,2026-07-22,2026-08-21,1,1,1,200,no_data
2026-09-29 10:17:51,/history,NSE:NIFTY26SEP21400CE,5,2026-06-21,2026-09-29,1,1,1,200,ok
2026-09-29 10:17:51,/history,NSE:NIFTY26SEP21400PE,5,2026-06-21,2026-09-29,1,1,1,200,ok
2026-09-29 10:17:52,/history,NSE:NIFTY26SEP21400PE,60,2026-06-21,2026-09-29,1,1,1,200,ok
2026-09-29 10:17:52,/history,NSE:NIFTY26SEP21400CE,60,2026-06-21,2026-09-29,1,1,1,200,ok
2026-09-29 10:17:52,/history,NSE:NIFTY26SEP21400CE,5S,2026-08-22,2026-09-21,1,1,1,200,ok
2026-09-29 10:17:52,/history,NSE:NIFTY26SEP21400CE,D,2026-06-21,2026-09-29,1,1,1,200,ok
2026-09-29 10:17:52,/history,NSE:NIFTY26SEP21350PE,5S,2026-09-22,2026-09-29,1,1,1,200,ok
2026-09-29 10:17:52,/history,NSE:NIFTY26SEP21400PE,5S,2026-08-22,2026-09-21,1,1,1,200,ok
2026-09-29 10:17:52,/history,NSE:NIFTY26SEP21400PE,D,2026-06-21,2026-09-29,1,1,1,200,ok
2026-09-29 10:17:52,/history,NSE:NIFTY26SEP21400CE,5S,2026-09-22,2026-09-29,1,1,1,200,no_data
2026-09-29 10:17:53,/history,NSE:NIFTY26SEP21450CE,5S,2026-06-21,2026-07-21,1,1,1,200,no_data
2026-09-29 10:17:53,/history,NSE:NIFTY26SEP21450PE,5S,2026-06-21,2026-07-21,1,1,1,200,no_data
2026-09-29 10:17:53,/history,NSE:NIFTY26SEP21450CE,1,2026-06-21,2026-09-29,1,1,1,200,no_data
2026-09-29 10:17:53,/history,NSE:NIFTY26SEP21450CE,5S,2026-07-22,2026-08-21,1,1,1,200,no_data
2026-09-29 10:17:53,/history,NSE:NIFTY26SEP21450PE,5S,2026-07-22,2026-08-21,1,1,1,200,no_data
2026-09-29 10:17:53,/history,NSE:NIFTY26SEP21400PE,5S,2026-09-22,2026-09-29,1,1,1,200,ok
2026-09-29 10:17:53,/history,NSE:NIFTY26SEP21450PE,1,2026-06-21,2026-09-29,1,1,1,200,ok
2026-09-29 10:17:53,/history,NSE:NIFTY26SEP21450CE,5,2026-06-21,2026-09-29,1,1,1,200,no_data
2026-09-29 10:17:54,/history,NSE:NIFTY26SEP21450PE,5,2026-06-21,2026-09-29,1,1,1,200,ok
2026-09-29 10:17:54,/history,NSE:NIFTY26SEP21450CE,5S,2026-08-22,2026-09-21,1,1,1,200,no_data
2026-09-29 10:17:54,/history,NSE:NIFTY26SEP21450CE,60,2026-06-21,2026-09-29,1,1,1,200,no_data
2026-09-29 10:17:54,/history,NSE:NIFTY26SEP21450PE,60,2026-06-21,2026-09-29,1,1,1,200,ok
2026-09-29 10:17:54,/history,NSE:NIFTY26SEP21450CE,5S,2026-09-22,2026-09-29,1,1,1,200,no_data
2026-09-29 10:17:54,/history,NSE:NIFTY26SEP21450CE,D,2026-06-21,2026-09-29,1,1,1,200,no_data
2026-09-29 10:17:54,/history,NSE:NIFTY26SEP21450PE,5S,2026-08-22,2026-09-21,1,1,1,200,ok
2026-09-29 10:17:54,/history,NSE:NIFTY26SEP21450PE,D,2026-06-21,2026-09-29,1,1,1,200,ok
2026-09-29 10:17:54,/history,NSE:NIFTY26SEP21500CE,5S,2026-06-21,2026-07-21,1,1,1,200,no_data
2026-09-29 10:17:55,/history,NSE:NIFTY26SEP21500PE,1,2026-06-21,2026-09-29,1,1,1,200,ok
2026-09-29 10:17:55,/history,NSE:NIFTY26SEP21500PE,5S,2026-06-21,2026-07-21,1,1,1,200,no_data
2026-09-29 10:17:55,/history,NSE:NIFTY26SEP21500CE,1,2026-06-21,2026-09-29,1,1,1,200,ok
2026-09-29 10:17:55,/history,NSE:NIFTY26SEP21500CE,5S,2026-07-22,2026-08-21,1,1,1,200,no_data
2026-09-29 10:17:55,/history,NSE:NIFTY26SEP21500PE,5S,2026-07-22,2026-08-21,1,1,1,200,no_data
2026-09-29 10:17:55,/history,NSE:NIFTY26SEP21500CE,5,2026-06-21,2026-09-29,1,1,1,200,ok
2026-09-29 10:17:55,/history,NSE:NIFTY26SEP21500PE,5,2026-06-21,2026-09-29,1,1,1,200,ok
2026-09-29 10:17:55,/history,NSE:NIFTY26SEP21500CE,5S,2026-08-22,2026-09-21,1,1,1,200,no_data
2026-09-29 10:17:55,/history,NSE:NIFTY26SEP21450PE,5S,2026-09-22,2026-09-29,1,1,1,200,ok
2026-09-29 10:17:56,/history,NSE:NIFTY26SEP21500PE,60,2026-06-21,2026-09-29,1,1,1,200,ok
2026-09-29 10:17:56,/history,NSE:NIFTY26SEP21500CE,60,2026-06-21,2026-09-29,1,1,1,200,ok
2026-09-29 10:17:56,/history,NSE:NIFTY26SEP21500CE,D,2026-06-21,2026-09-29,1,1,1,200,ok
2026-09-29 10:17:56,/history,NSE:NIFTY26SEP21500PE,D,2026-06-21,2026-09-29,1,1,1,200,ok
2026-09-29 10:17:56,/history,NSE:NIFTY26SEP21550CE,5S,2026-06-21,2026-07-21,1,1,1,200,no_data
2026-09-29 10:17:56,/history,NSE:NIFTY26SEP21500CE,5S,2026-09-22,2026-09-29,1,1,1,200,ok
2026-09-29 10:17:56,/history,NSE:NIFTY26SEP21550PE,5S,2026-06-21,2026-07-21,1,1,1,200,no_data
2026-09-29 10:17:56,/history,NSE:NIFTY26SEP21550CE,1,2026-06-21,2026-09-29,1,1,1,200,no_data
2026-09-29 10:17:56,/history,NSE:NIFTY26SEP21500PE,5S,2026-08-22,2026-09-21,1,1,1,200,ok
2026-09-29 10:17:57,/history,NSE:NIFTY26SEP21550CE,5S,2026-07-22,2026-08-21,1,1,1,200,no_data
2026-09-29 10:17:57,/history,NSE:NIFTY26SEP21550PE,1,2026-06-21,2026-09-29,1,1,1,200,ok
2026-09-29 10:17:57,/history,NSE:NIFTY26SEP21550PE,5S,2026-07-22,2026-08-21,1,1,1,200,no_data
2026-09-29 10:17:57,/history,NSE:NIFTY26SEP21550CE,5S,2026-08-22,2026-09-21,1,1,1,200,no_data
2026-09-29 10:17:57,/history,NSE:NIFTY26SEP21550CE,5,2026-06-21,2026-09-29,1,1,1,200,no_data
2026-09-29 10:17:57,/history,NSE:NIFTY26SEP21500PE,5S,2026-09-22,2026-09-29,1,1,1,200,ok
2026-09-29 10:17:57,/history,NSE:NIFTY26SEP21550PE,5,2026-06-21,2026-09-29,1,1,1,200,ok
2026-09-29 10:17:57,/history,NSE:NIFTY26SEP21550CE,5S,2026-09-22,2026-09-29,1,1,1,200,no_data
2026-09-29 10:17:57,/history,NSE:NIFTY26SEP21550CE,60,2026-06-21,2026-09-29,1,1,1,200,no_data
2026-09-29 10:17:58,/history,NSE:NIFTY26SEP21550CE,D,2026-06-21,2026-09-29,1,1,1,200,no_data
2026-09-29 10:17:58,/history,NSE:NIFTY26SEP21550PE,D,2026-06-21,2026-09-29,1,1,1,200,ok
2026-09-29 10:17:58,/history,NSE:NIFTY26SEP21550PE,60,2026-06-21,2026-09-29,1,1,1,200,ok
2026-09-29 10:17:58,/history,NSE:NIFTY26SEP21600CE,5S,2026-06-21,2026-07-21,1,1,1,200,no_data
2026-09-29 10:17:58,/history,NSE:NIFTY26SEP21550PE,5S,2026-08-22,2026-09-21,1,1,1,200,ok
2026-09-29 10:17:59,/history,NSE:NIFTY26SEP21600CE,1,2026-06-21,2026-09-29,1,1,1,200,ok
2026-09-29 10:17:59,/history,NSE:NIFTY26SEP21600PE,5S,2026-06-21,2026-07-21,1,1,1,200,ok
2026-09-29 10:18:16,/history,NSE:NIFTY26SEP21600CE,5,2026-06-21,2026-09-29,1,1,1,200,ok
2026-09-29 10:18:17,/history,NSE:NIFTY26SEP21600CE,5S,2026-07-22,2026-08-21,1,1,1,200,ok
2026-09-29 10:18:18,/history,NSE:NIFTY26SEP21600PE,5S,2026-07-22,2026-08-21,1,1,1,200,ok
2026-09-29 10:18:19,/history,NSE:NIFTY26SEP21600PE,1,2026-06-21,2026-09-29,1,1,1,200,ok
2026-09-29 10:18:22,/history,NSE:NIFTY26SEP21550PE,5S,2026-09-22,2026-09-29,1,1,1,200,ok
2026-09-29 10:18:22,/history,NSE:NIFTY26SEP21600CE,60,2026-06-21,2026-09-29,1,1,1,200,ok
2026-09-29 10:18:23,/history,NSE:NIFTY26SEP21600PE,5,2026-06-21,2026-09-29,1,1,1,200,ok
2026-09-29 10:18:23,/history,NSE:NIFTY26SEP21600PE,60,2026-06-21,2026-09-29,1,1,1,200,ok
2026-09-29 10:18:23,/history,NSE:NIFTY26SEP21600PE,5S,2026-08-22,2026-09-21,1,1,1,200,ok
2026-09-29 10:18:26,/history,NSE:NIFTY26SEP21600CE,D,2026-06-21,2026-09-29,1,1,1,200,ok
2026-09-29 10:18:29,/history,NSE:NIFTY26SEP21600PE,D,2026-06-21,2026-09-29,1,1,1,200,ok
2026-09-29 10:18:32,/history,NSE:NIFTY26SEP21600PE,5S,2026-09-22,2026-09-29,1,1,1,200,ok
2026-09-29 10:18:36,/history,NSE:NIFTY26SEP21600CE,5S,2026-08-22,2026-09-21,1,1,1,200,ok
2026-09-29 10:18:37,/history,NSE:NIFTY26SEP21600CE,5S,2026-09-22,2026-09-29,1,1,1,200,ok
2026-09-29 10:18:38,/history,NSE:NIFTY26SEP21650CE,1,2026-06-21,2026-09-29,1,1,1,200,ok
2026-09-29 10:18:38,/history,NSE:NIFTY26SEP21650PE,1,2026-06-21,2026-09-29,1,1,1,200,ok
2026-09-29 10:18:38,/history,NSE:NIFTY26SEP21650CE,5,2026-06-21,2026-09-29,1,1,1,200,ok
2026-09-29 10:18:39,/history,NSE:NIFTY26SEP21650CE,5S,2026-06-21,2026-07-21,1,1,1,200,no_data
2026-09-29 10:18:39,/history,NSE:NIFTY26SEP21650PE,5,2026-06-21,2026-09-29,1,1,1,200,ok
2026-09-29 10:18:39,/history,NSE:NIFTY26SEP21650CE,5S,2026-07-22,2026-08-21,1,1,1,200,no_data
2026-09-29 10:18:39,/history,NSE:NIFTY26SEP21650CE,60,2026-06-21,2026-09-29,1,1,1,200,ok
2026-09-29 10:18:39,/history,NSE:NIFTY26SEP21650PE,60,2026-06-21,2026-09-29,1,1,1,200,ok
2026-09-29 10:18:39,/history,NSE:NIFTY26SEP21650CE,D,2026-06-21,2026-09-29,1,1,1,200,ok
2026-09-29 10:18:40,/history,NSE:NIFTY26SEP21650PE,5S,2026-06-21,2026-07-21,1,1,1,200,ok
2026-09-29 10:18:40,/history,NSE:NIFTY26SEP21650CE,5S,2026-08-22,2026-09-21,1,1,1,200,ok
2026-09-29 10:18:40,/history,NSE:NIFTY26SEP21650PE,D,2026-06-21,2026-09-29,1,1,1,200,ok
2026-09-29 10:18:40,/history,NSE:NIFTY26SEP21700CE,5S,2026-06-21,2026-07-21,1,1,1,200,no_data
2026-09-29 10:18:40,/history,NSE:NIFTY26SEP21650CE,5S,2026-09-22,2026-09-29,1,1,1,200,ok
2026-09-29 10:18:40,/history,NSE:NIFTY26SEP21700CE,5S,2026-07-22,2026-08-21,1,1,1,200,ok
2026-09-29 10:18:41,/history,NSE:NIFTY26SEP21700CE,1,2026-06-21,2026-09-29,1,1,1,200,ok
2026-09-29 10:18:41,/history,NSE:NIFTY26SEP21700CE,5S,2026-08-22,2026-09-21,1,1,1,200,ok
2026-09-29 10:18:41,/history,NSE:NIFTY26SEP21700CE,5,2026-06-21,2026-09-29,1,1,1,200,ok
2026-09-29 10:18:41,/history,NSE:NIFTY26SEP21700PE,5S,2026-06-21,2026-07-21,1,1,1,200,ok
2026-09-29 10:18:41,/history,NSE:NIFTY26SEP21700CE,5S,2026-09-22,2026-09-29,1,1,1,200,no_data
2026-09-29 10:18:42,/history,NSE:NIFTY26SEP21700PE,1,2026-06-21,2026-09-29,1,1,1,200,ok
2026-09-29 10:18:42,/history,NSE:NIFTY26SEP21700PE,5,2026-06-21,2026-09-29,1,1,1,200,ok
2026-09-29 10:18:42,/history,NSE:NIFTY26SEP21650PE,5S,2026-07-22,2026-08-21,1,1,1,200,ok
2026-09-29 10:18:42,/history,NSE:NIFTY26SEP21700CE,60,2026-06-21,2026-09-29,1,1,1,200,ok
2026-09-29 10:18:43,/history,NSE:NIFTY26SEP21700PE,60,2026-06-21,2026-09-29,1,1,1,200,ok
2026-09-29 10:18:43,/history,NSE:NIFTY26SEP21700CE,D,2026-06-21,2026-09-29,1,1,1,200,ok
2026-09-29 10:18:43,/history,NSE:NIFTY26SEP21700PE,D,2026-06-21,2026-09-29,1,1,1,200,ok
2026-09-29 10:18:43,/history,NSE:NIFTY26SEP21750CE,5S,2026-06-21,2026-07-21,1,1,1,200,no_data
2026-09-29 10:18:43,/history,NSE:NIFTY26SEP21750CE,1,2026-06-21,2026-09-29,1,1,1,200,ok
2026-09-29 10:18:43,/history,NSE:NIFTY26SEP21750CE,5S,2026-07-22,2026-08-21,1,1,1,200,no_data
2026-09-29 10:18:44,/history,NSE:NIFTY26SEP21700PE,5S,2026-07-22,2026-08-21,1,1,1,200,ok
2026-09-29 10:18:44,/history,NSE:NIFTY26SEP21750CE,5S,2026-08-22,2026-09-21,1,1,1,200,ok
2026-09-29 10:18:44,/history,NSE:NIFTY26SEP21750PE,5S,2026-06-21,2026-07-21,1,1,1,200,ok
2026-09-29 10:18:45,/history,NSE:NIFTY26SEP21750PE,1,2026-06-21,2026-09-29,1,1,1,200,ok
2026-09-29 10:18:45,/history,NSE:NIFTY26SEP21750CE,5S,2026-09-22,2026-09-29,1,1,1,200,ok
2026-09-29 10:18:45,/history,NSE:NIFTY26SEP21650PE,5S,2026-08-22,2026-09-21,1,1,1,200,ok
2026-09-29 10:18:45,/history,NSE:NIFTY26SEP21750CE,5,2026-06-21,2026-09-29,1,1,1,200,ok
2026-09-29 10:18:45,/history,NSE:NIFTY26SEP21750CE,60,2026-06-21,2026-09-29,1,1,1,200,ok
2026-09-29 10:18:46,/history,NSE:NIFTY26SEP21750PE,5,2026-06-21,2026-09-29,1,1,1,200,ok
2026-09-29 10:18:46,/history,NSE:NIFTY26SEP21750PE,60,2026-06-21,2026-09-29,1,1,1,200,ok
2026-09-29 10:18:46,/history,NSE:NIFTY26SEP21750CE,D,2026-06-21,2026-09-29,1,1,1,200,ok
2026-09-29 10:18:47,/history,NSE:NIFTY26SEP21750PE,D,2026-06-21,2026-09-29,1,1,1,200,ok
2026-09-29 10:18:47,/history,NSE:NIFTY26SEP21650PE,5S,2026-09-22,2026-09-29,1,1,1,200,ok
2026-09-29 10:18:47,/history,NSE:NIFTY26SEP21800CE,5S,2026-06-21,2026-07-21,1,1,1,200,no_data
2026-09-29 10:18:48,/history,NSE:NIFTY26SEP21750PE,5S,2026-07-22,2026-08-21,1,1,1,200,ok
2026-09-29 10:18:48,/history,NSE:NIFTY26SEP21800CE,5S,2026-07-22,2026-08-21,1,1,1,200,ok
2026-09-29 10:18:48,/history,NSE:NIFTY26SEP21700PE,5S,2026-08-22,2026-09-21,1,1,1,200,ok
2026-09-29 10:18:48,/history,NSE:NIFTY26SEP21800PE,5S,2026-06-21,2026-07-21,1,1,1,200,ok
2026-09-29 10:18:49,/history,NSE:NIFTY26SEP21800CE,5S,2026-08-22,2026-09-21,1,1,1,200,ok
2026-09-29 10:18:51,/history,NSE:NIFTY26SEP21700PE,5S,2026-09-22,2026-09-29,1,1,1,200,ok
2026-09-29 10:18:51,/history,NSE:NIFTY26SEP21800CE,5S,2026-09-22,2026-09-29,1,1,1,200,ok
2026-09-29 10:18:54,/history,NSE:NIFTY26SEP21750PE,5S,2026-08-22,2026-09-21,1,1,1,200,ok
2026-09-29 10:18:55,/history,NSE:NIFTY26SEP21800PE,5S,2026-07-22,2026-08-21,1,1,1,200,ok
2026-09-29 10:18:55,/history,NSE:NIFTY26SEP21800CE,1,2026-06-21,2026-09-29,1,1,1,200,ok
2026-09-29 10:18:55,/history,NSE:NIFTY26SEP21750PE,5S,2026-09-22,2026-09-29,1,1,1,200,ok
2026-09-29 10:18:57,/history,NSE:NIFTY26SEP21800PE,1,2026-06-21,2026-09-29,1,1,1,200,ok
2026-09-29 10:18:58,/history,NSE:NIFTY26SEP21800CE,5,2026-06-21,2026-09-29,1,1,1,200,ok
2026-09-29 10:18:58,/history,NSE:NIFTY26SEP21800PE,5,2026-06-21,2026-09-29,1,1,1,200,ok
2026-09-29 10:18:58,/history,NSE:NIFTY26SEP21800CE,60,2026-06-21,2026-09-29,1,1,1,200,ok
2026-09-29 10:18:59,/history,NSE:NIFTY26SEP21800CE,D,2026-06-21,2026-09-29,1,1,1,200,ok
2026-09-29 10:18:59,/history,NSE:NIFTY26SEP21800PE,60,2026-06-21,2026-09-29,1,1,1,200,ok
2026-09-29 10:18:59,/history,NSE:NIFTY26SEP21850CE,5S,2026-06-21,2026-07-21,1,1,1,200,no_data
2026-09-29 10:18:59,/history,NSE:NIFTY26SEP21800PE,D,2026-06-21,2026-09-29,1,1,1,200,ok
2026-09-29 10:18:59,/history,NSE:NIFTY26SEP21800PE,5S,2026-08-22,2026-09-21,1,1,1,200,ok
2026-09-29 10:19:00,/history,NSE:NIFTY26SEP21850CE,5S,2026-07-22,2026-08-21,1,1,1,200,no_data
2026-09-29 10:19:00,/history,NSE:NIFTY26SEP21850PE,5S,2026-06-21,2026-07-21,1,1,1,200,ok
2026-09-29 10:19:00,/history,NSE:NIFTY26SEP21850CE,5S,2026-08-22,2026-09-21,1,1,1,200,ok
2026-09-29 10:19:01,/history,NSE:NIFTY26SEP21850CE,5S,2026-09-22,2026-09-29,1,1,1,200,ok
2026-09-29 10:19:01,/history,NSE:NIFTY26SEP21850CE,1,2026-06-21,2026-09-29,1,1,1,200,ok
2026-09-29 10:19:01,/history,NSE:NIFTY26SEP21800PE,5S,2026-09-22,2026-09-29,1,1,1,200,ok
2026-09-29 10:19:03,/history,NSE:NIFTY26SEP21850PE,1,2026-06-21,2026-09-29,1,1,1,200,ok
2026-09-29 10:19:03,/history,NSE:NIFTY26SEP21850PE,5S,2026-07-22,2026-08-21,1,1,1,200,ok
2026-09-29 10:19:03,/history,NSE:NIFTY26SEP21850CE,5,2026-06-21,2026-09-29,1,1,1,200,ok
2026-09-29 10:19:03,/history,NSE:NIFTY26SEP21850CE,60,2026-06-21,2026-09-29,1,1,1,200,ok
2026-09-29 10:19:03,/history,NSE:NIFTY26SEP21850PE,5,2026-06-21,2026-09-29,1,1,1,200,ok
2026-09-29 10:19:04,/history,NSE:NIFTY26SEP21850PE,60,2026-06-21,2026-09-29,1,1,1,200,ok
2026-09-29 10:19:04,/history,NSE:NIFTY26SEP21850CE,D,2026-06-21,2026-09-29,1,1,1,200,ok
2026-09-29 10:19:04,/history,NSE:NIFTY26SEP21850PE,D,2026-06-21,2026-09-29,1,1,1,200,ok
2026-09-29 10:19:05,/history,NSE:NIFTY26SEP21900CE,5S,2026-06-21,2026-07-21,1,1,1,200,no_data
2026-09-29 10:19:06,/history,NSE:NIFTY26SEP21900CE,1,2026-06-21,2026-09-29,1,1,1,200,ok
2026-09-29 10:19:06,/history,NSE:NIFTY26SEP21900CE,5S,2026-07-22,2026-08-21,1,1,1,200,ok
2026-09-29 10:19:07,/history,NSE:NIFTY26SEP21900CE,5S,2026-08-22,2026-09-21,1,1,1,200,ok
2026-09-29 10:19:07,/history,NSE:NIFTY26SEP21900PE,5S,2026-06-21,2026-07-21,1,1,1,200,ok
2026-09-29 10:19:07,/history,NSE:NIFTY26SEP21850PE,5S,2026-08-22,2026-09-21,1,1,1,200,ok
2026-09-29 10:19:07,/history,NSE:NIFTY26SEP21900PE,1,2026-06-21,2026-09-29,1,1,1,200,ok
2026-09-29 10:19:08,/history,NSE:NIFTY26SEP21900CE,5S,2026-09-22,2026-09-29,1,1,1,200,ok
2026-09-29 10:19:08,/history,NSE:NIFTY26SEP21850PE,5S,2026-09-22,2026-09-29,1,1,1,200,ok
2026-09-29 10:19:09,/history,NSE:NIFTY26SEP21900CE,5,2026-06-21,2026-09-29,1,1,1,200,ok
2026-09-29 10:19:09,/history,NSE:NIFTY26SEP21900PE,5,2026-06-21,2026-09-29,1,1,1,200,ok
2026-09-29 10:19:10,/history,NSE:NIFTY26SEP21900CE,60,2026-06-21,2026-09-29,1,1,1,200,ok
2026-09-29 10:19:10,/history,NSE:NIFTY26SEP21900PE,60,2026-06-21,2026-09-29,1,1,1,200,ok
2026-09-29 10:19:10,/history,NSE:NIFTY26SEP21900CE,D,2026-06-21,2026-09-29,1,1,1,200,ok
2026-09-29 10:19:10,/history,NSE:NIFTY26SEP21950CE,5S,2026-06-21,2026-07-21,1,1,1,200,no_data
2026-09-29 10:19:10,/history,NSE:NIFTY26SEP21900PE,D,2026-06-21,2026-09-29,1,1,1,200,ok
2026-09-29 10:19:11,/history,NSE:NIFTY26SEP21950CE,5S,2026-07-22,2026-08-21,1,1,1,200,no_data
2026-09-29 10:19:11,/history,NSE:NIFTY26SEP21900PE,5S,2026-07-22,2026-08-21,1,1,1,200,ok
2026-09-29 10:19:11,/history,NSE:NIFTY26SEP21950PE,5S,2026-06-21,2026-07-21,1,1,1,200,ok
2026-09-29 10:19:12,/history,NSE:NIFTY26SEP21950CE,5S,2026-08-22,2026-09-21,1,1,1,200,ok
2026-09-29 10:19:12,/history,NSE:NIFTY26SEP21950CE,5S,2026-09-22,2026-09-29,1,1,1,200,ok
2026-09-29 10:19:14,/history,NSE:NIFTY26SEP21950CE,1,2026-06-21,2026-09-29,1,1,1,200,ok
2026-09-29 10:19:15,/history,NSE:NIFTY26SEP21950PE,5S,2026-07-22,2026-08-21,1,1,1,200,ok
2026-09-29 10:19:15,/history,NSE:NIFTY26SEP21950CE,5,2026-06-21,2026-09-29,1,1,1,200,ok
2026-09-29 10:19:15,/history,NSE:NIFTY26SEP21900PE,5S,2026-08-22,2026-09-21,1,1,1,200,ok
2026-09-29 10:19:15,/history,NSE:NIFTY26SEP21950PE,1,2026-06-21,2026-09-29,1,1,1,200,ok
2026-09-29 10:19:15,/history,NSE:NIFTY26SEP21950PE,5,2026-06-21,2026-09-29,1,1,1,200,ok
2026-09-29 10:19:16,/history,NSE:NIFTY26SEP21950CE,60,2026-06-21,2026-09-29,1,1,1,200,ok
2026-09-29 10:19:16,/history,NSE:NIFTY26SEP21950PE,60,2026-06-21,2026-09-29,1,1,1,200,ok
2026-09-29 10:19:16,/history,NSE:NIFTY26SEP21950CE,D,2026-06-21,2026-09-29,1,1,1,200,ok
2026-09-29 10:19:16,/history,NSE:NIFTY26SEP21900PE,5S,2026-09-22,2026-09-29,1,1,1,200,ok
2026-09-29 10:19:16,/history,NSE:NIFTY26SEP21950PE,D,2026-06-21,2026-09-29,1,1,1,200,ok
2026-09-29 10:19:17,/history,NSE:NIFTY26SEP22000CE,5S,2026-06-21,2026-07-21,1,1,1,200,ok
2026-09-29 10:19:19,/history,NSE:NIFTY26SEP22000CE,1,2026-06-21,2026-09-29,1,1,1,200,ok
2026-09-29 10:19:20,/history,NSE:NIFTY26SEP22000PE,5S,2026-06-21,2026-07-21,1,1,1,200,ok
2026-09-29 10:19:21,/history,NSE:NIFTY26SEP21950PE,5S,2026-08-22,2026-09-21,1,1,1,200,ok
2026-09-29 10:19:21,/history,NSE:NIFTY26SEP22000CE,5S,2026-07-22,2026-08-21,1,1,1,200,ok
2026-09-29 10:19:23,/history,NSE:NIFTY26SEP22000PE,1,2026-06-21,2026-09-29,1,1,1,200,ok
2026-09-29 10:19:23,/history,NSE:NIFTY26SEP21950PE,5S,2026-09-22,2026-09-29,1,1,1,200,ok
2026-09-29 10:19:25,/history,NSE:NIFTY26SEP22000CE,5,2026-06-21,2026-09-29,1,1,1,200,ok
2026-09-29 10:19:25,/history,NSE:NIFTY26SEP22000PE,5S,2026-07-22,2026-08-21,1,1,1,200,ok
2026-09-29 10:19:26,/history,NSE:NIFTY26SEP22000PE,5,2026-06-21,2026-09-29,1,1,1,200,ok
2026-09-29 10:19:26,/history,NSE:NIFTY26SEP22000CE,5S,2026-08-22,2026-09-21,1,1,1,200,ok
2026-09-29 10:19:27,/history,NSE:NIFTY26SEP22000CE,60,2026-06-21,2026-09-29,1,1,1,200,ok
2026-09-29 10:19:27,/history,NSE:NIFTY26SEP22000PE,60,2026-06-21,2026-09-29,1,1,1,200,ok
2026-09-29 10:19:28,/history,NSE:NIFTY26SEP22000CE,D,2026-06-21,2026-09-29,1,1,1,200,ok
2026-09-29 10:19:28,/history,NSE:NIFTY26SEP22000PE,D,2026-06-21,2026-09-29,1,1,1,200,ok
2026-09-29 10:19:28,/history,NSE:NIFTY26SEP22000CE,5S,2026-09-22,2026-09-29,1,1,1,200,ok
2026-09-29 10:19:29,/history,NSE:NIFTY26SEP22050CE,5S,2026-06-21,2026-07-21,1,1,1,200,no_data
2026-09-29 10:19:29,/history,NSE:NIFTY26SEP22050CE,5S,2026-07-22,2026-08-21,1,1,1,200,no_data
2026-09-29 10:19:30,/history,NSE:NIFTY26SEP22000PE,5S,2026-08-22,2026-09-21,1,1,1,200,ok
2026-09-29 10:19:31,/history,NSE:NIFTY26SEP22050CE,5S,2026-08-22,2026-09-21,1,1,1,200,ok
2026-09-29 10:19:32,/history,NSE:NIFTY26SEP22050CE,5S,2026-09-22,2026-09-29,1,1,1,200,ok
2026-09-29 10:19:32,/history,NSE:NIFTY26SEP22000PE,5S,2026-09-22,2026-09-29,1,1,1,200,ok
2026-09-29 10:19:34,/history,NSE:NIFTY26SEP22050CE,1,2026-06-21,2026-09-29,1,1,1,200,ok
2026-09-29 10:19:34,/history,NSE:NIFTY26SEP22050PE,5S,2026-06-21,2026-07-21,1,1,1,200,ok
2026-09-29 10:19:34,/history,NSE:NIFTY26SEP22050CE,5,2026-06-21,2026-09-29,1,1,1,200,ok
2026-09-29 10:19:35,/history,NSE:NIFTY26SEP22050PE,5,2026-06-21,2026-09-29,1,1,1,200,ok
2026-09-29 10:19:35,/history,NSE:NIFTY26SEP22050PE,1,2026-06-21,2026-09-29,1,1,1,200,ok
2026-09-29 10:19:35,/history,NSE:NIFTY26SEP22050CE,60,2026-06-21,2026-09-29,1,1,1,200,ok
2026-09-29 10:19:36,/history,NSE:NIFTY26SEP22050PE,60,2026-06-21,2026-09-29,1,1,1,200,ok
2026-09-29 10:19:36,/history,NSE:NIFTY26SEP22050CE,D,2026-06-21,2026-09-29,1,1,1,200,ok
2026-09-29 10:19:37,/history,NSE:NIFTY26SEP22050PE,D,2026-06-21,2026-09-29,1,1,1,200,ok
2026-09-29 10:19:37,/history,NSE:NIFTY26SEP22100CE,5S,2026-06-21,2026-07-21,1,1,1,200,no_data
2026-09-29 10:19:37,/history,NSE:NIFTY26SEP22050PE,5S,2026-07-22,2026-08-21,1,1,1,200,ok
2026-09-29 10:19:37,/history,NSE:NIFTY26SEP22100CE,5S,2026-07-22,2026-08-21,1,1,1,200,no_data
2026-09-29 10:19:39,/history,NSE:NIFTY26SEP22100CE,5S,2026-08-22,2026-09-21,1,1,1,200,ok
2026-09-29 10:19:40,/history,NSE:NIFTY26SEP22100PE,5S,2026-06-21,2026-07-21,1,1,1,200,ok
2026-09-29 10:19:40,/history,NSE:NIFTY26SEP22100CE,5S,2026-09-22,2026-09-29,1,1,1,200,ok
2026-09-29 10:19:41,/history,NSE:NIFTY26SEP22050PE,5S,2026-08-22,2026-09-21,1,1,1,200,ok
2026-09-29 10:19:41,/history,NSE:NIFTY26SEP22100CE,1,2026-06-21,2026-09-29,1,1,1,200,ok
2026-09-29 10:19:43,/history,NSE:NIFTY26SEP22050PE,5S,2026-09-22,2026-09-29,1,1,1,200,ok
2026-09-29 10:19:44,/history,NSE:NIFTY26SEP22100PE,1,2026-06-21,2026-09-29,1,1,1,200,ok
2026-09-29 10:19:46,/history,NSE:NIFTY26SEP22100CE,5,2026-06-21,2026-09-29,1,1,1,200,ok
2026-09-29 10:19:46,/history,NSE:NIFTY26SEP22100PE,5S,2026-07-22,2026-08-21,1,1,1,200,ok
2026-09-29 10:19:47,/history,NSE:NIFTY26SEP22100PE,5,2026-06-21,2026-09-29,1,1,1,200,ok
2026-09-29 10:19:47,/history,NSE:NIFTY26SEP22100CE,60,2026-06-21,2026-09-29,1,1,1,200,ok
2026-09-29 10:19:47,/history,NSE:NIFTY26SEP22100PE,60,2026-06-21,2026-09-29,1,1,1,200,ok
2026-09-29 10:19:47,/history,NSE:NIFTY26SEP22100CE,D,2026-06-21,2026-09-29,1,1,1,200,ok
2026-09-29 10:19:47,/history,NSE:NIFTY26SEP22100PE,D,2026-06-21,2026-09-29,1,1,1,200,ok
2026-09-29 10:19:47,/history,NSE:NIFTY26SEP22150CE,5S,2026-06-21,2026-07-21,1,1,1,200,no_data
2026-09-29 10:19:47,/history,NSE:NIFTY26SEP22150CE,1,2026-06-21,2026-09-29,1,1,1,200,ok
2026-09-29 10:19:48,/history,NSE:NIFTY26SEP22150CE,5S,2026-07-22,2026-08-21,1,1,1,200,no_data
2026-09-29 10:19:49,/history,NSE:NIFTY26SEP22150CE,5S,2026-08-22,2026-09-21,1,1,1,200,ok
2026-09-29 10:19:49,/history,NSE:NIFTY26SEP22150PE,1,2026-06-21,2026-09-29,1,1,1,200,ok
2026-09-29 10:19:50,/history,NSE:NIFTY26SEP22150CE,5S,2026-09-22,2026-09-29,1,1,1,200,ok
2026-09-29 10:19:50,/history,NSE:NIFTY26SEP22150CE,5,2026-06-21,2026-09-29,1,1,1,200,ok
2026-09-29 10:19:51,/history,NSE:NIFTY26SEP22100PE,5S,2026-08-22,2026-09-21,1,1,1,200,ok
2026-09-29 10:19:51,/history,NSE:NIFTY26SEP22150PE,5S,2026-06-21,2026-07-21,1,1,1,200,ok
2026-09-29 10:19:51,/history,NSE:NIFTY26SEP22150PE,5,2026-06-21,2026-09-29,1,1,1,200,ok
2026-09-29 10:19:51,/history,NSE:NIFTY26SEP22150CE,60,2026-06-21,2026-09-29,1,1,1,200,ok
2026-09-29 10:19:51,/history,NSE:NIFTY26SEP22150PE,60,2026-06-21,2026-09-29,1,1,1,200,ok
2026-09-29 10:19:51,/history,NSE:NIFTY26SEP22100PE,5S,2026-09-22,2026-09-29,1,1,1,200,ok
2026-09-29 10:19:52,/history,NSE:NIFTY26SEP22150CE,D,2026-06-21,2026-09-29,1,1,1,200,ok
2026-09-29 10:19:52,/history,NSE:NIFTY26SEP22150PE,D,2026-06-21,2026-09-29,1,1,1,200,ok
2026-09-29 10:19:52,/history,NSE:NIFTY26SEP22200CE,5S,2026-06-21,2026-07-21,1,1,1,200,no_data
2026-09-29 10:19:52,/history,NSE:NIFTY26SEP22200CE,5S,2026-07-22,2026-08-21,1,1,1,200,no_data
2026-09-29 10:19:52,/history,NSE:NIFTY26SEP22200CE,1,2026-06-21,2026-09-29,1,1,1,200,ok
2026-09-29 10:19:54,/history,NSE:NIFTY26SEP22150PE,5S,2026-07-22,2026-08-21,1,1,1,200,ok
2026-09-29 10:19:54,/history,NSE:NIFTY26SEP22200CE,5S,2026-08-22,2026-09-21,1,1,1,200,ok
2026-09-29 10:19:55,/history,NSE:NIFTY26SEP22200PE,5S,2026-06-21,2026-07-21,1,1,1,200,ok
2026-09-29 10:19:55,/history,NSE:NIFTY26SEP22200PE,1,2026-06-21,2026-09-29,1,1,1,200,ok
2026-09-29 10:19:55,/history,NSE:NIFTY26SEP22200CE,5S,2026-09-22,2026-09-29,1,1,1,200,ok
2026-09-29 10:19:56,/history,NSE:NIFTY26SEP22200CE,5,2026-06-21,2026-09-29,1,1,1,200,ok
2026-09-29 10:19:57,/history,NSE:NIFTY26SEP22200PE,5,2026-06-21,2026-09-29,1,1,1,200,ok
2026-09-29 10:19:58,/history,NSE:NIFTY26SEP22150PE,5S,2026-08-22,2026-09-21,1,1,1,200,ok
2026-09-29 10:19:58,/history,NSE:NIFTY26SEP22200CE,60,2026-06-21,2026-09-29,1,1,1,200,ok
2026-09-29 10:19:59,/history,NSE:NIFTY26SEP22200PE,60,2026-06-21,2026-09-29,1,1,1,200,ok
2026-09-29 10:19:59,/history,NSE:NIFTY26SEP22200CE,D,2026-06-21,2026-09-29,1,1,1,200,ok
2026-09-29 10:20:00,/history,NSE:NIFTY26SEP22200PE,D,2026-06-21,2026-09-29,1,1,1,200,ok
2026-09-29 10:20:00,/history,NSE:NIFTY26SEP22150PE,5S,2026-09-22,2026-09-29,1,1,1,200,ok
2026-09-29 10:20:00,/history,NSE:NIFTY26SEP22250CE,5S,2026-06-21,2026-07-21,1,1,1,200,no_data
2026-09-29 10:20:00,/history,NSE:NIFTY26SEP22250CE,5S,2026-07-22,2026-08-21,1,1,1,200,no_data
2026-09-29 10:20:01,/history,NSE:NIFTY26SEP22200PE,5S,2026-07-22,2026-08-21,1,1,1,200,ok
2026-09-29 10:20:01,/history,NSE:NIFTY26SEP22250CE,5S,2026-08-22,2026-09-21,1,1,1,200,ok
2026-09-29 10:20:02,/history,NSE:NIFTY26SEP22250CE,5S,2026-09-22,2026-09-29,1,1,1,200,ok
2026-09-29 10:20:03,/history,NSE:NIFTY26SEP22250PE,5S,2026-06-21,2026-07-21,1,1,1,200,ok
2026-09-29 10:20:05,/history,NSE:NIFTY26SEP22250CE,1,2026-06-21,2026-09-29,1,1,1,200,ok
2026-09-29 10:20:06,/history,NSE:NIFTY26SEP22200PE,5S,2026-08-22,2026-09-21,1,1,1,200,ok
2026-09-29 10:20:06,/history,NSE:NIFTY26SEP22250PE,1,2026-06-21,2026-09-29,1,1,1,200,ok
2026-09-29 10:20:08,/history,NSE:NIFTY26SEP22250PE,5S,2026-07-22,2026-08-21,1,1,1,200,ok
2026-09-29 10:20:08,/history,NSE:NIFTY26SEP22200PE,5S,2026-09-22,2026-09-29,1,1,1,200,ok
2026-09-29 10:20:08,/history,NSE:NIFTY26SEP22250CE,5,2026-06-21,2026-09-29,1,1,1,200,ok
2026-09-29 10:20:09,/history,NSE:NIFTY26SEP22250CE,60,2026-06-21,2026-09-29,1,1,1,200,ok
2026-09-29 10:20:09,/history,NSE:NIFTY26SEP22250PE,5,2026-06-21,2026-09-29,1,1,1,200,ok
2026-09-29 10:20:09,/history,NSE:NIFTY26SEP22250PE,60,2026-06-21,2026-09-29,1,1,1,200,ok
2026-09-29 10:20:10,/history,NSE:NIFTY26SEP22250CE,D,2026-06-21,2026-09-29,1,1,1,200,ok
2026-09-29 10:20:10,/history,NSE:NIFTY26SEP22250PE,D,2026-06-21,2026-09-29,1,1,1,200,ok
2026-09-29 10:20:10,/history,NSE:NIFTY26SEP22300CE,5S,2026-06-21,2026-07-21,1,1,1,200,no_data
2026-09-29 10:20:11,/history,NSE:NIFTY26SEP22300CE,5S,2026-07-22,2026-08-21,1,1,1,200,ok
2026-09-29 10:20:12,/history,NSE:NIFTY26SEP22250PE,5S,2026-08-22,2026-09-21,1,1,1,200,ok
2026-09-29 10:20:13,/history,NSE:NIFTY26SEP22300CE,5S,2026-08-22,2026-09-21,1,1,1,200,ok
2026-09-29 10:20:13,/history,NSE:NIFTY26SEP22300CE,1,2026-06-21,2026-09-29,1,1,1,200,ok
2026-09-29 10:20:13,/history,NSE:NIFTY26SEP22300PE,5S,2026-06-21,2026-07-21,1,1,1,200,ok
2026-09-29 10:20:14,/history,NSE:NIFTY26SEP22250PE,5S,2026-09-22,2026-09-29,1,1,1,200,ok
2026-09-29 10:20:14,/history,NSE:NIFTY26SEP22300CE,5S,2026-09-22,2026-09-29,1,1,1,200,ok
2026-09-29 10:20:15,/history,NSE:NIFTY26SEP22300PE,1,2026-06-21,2026-09-29,1,1,1,200,ok
2026-09-29 10:20:16,/history,NSE:NIFTY26SEP22300CE,5,2026-06-21,2026-09-29,1,1,1,200,ok
2026-09-29 10:20:17,/history,NSE:NIFTY26SEP22300CE,60,2026-06-21,2026-09-29,1,1,1,200,ok
2026-09-29 10:20:17,/history,NSE:NIFTY26SEP22300PE,5,2026-06-21,2026-09-29,1,1,1,200,ok
2026-09-29 10:20:17,/history,NSE:NIFTY26SEP22300PE,60,2026-06-21,2026-09-29,1,1,1,200,ok
2026-09-29 10:20:18,/history,NSE:NIFTY26SEP22300CE,D,2026-06-21,2026-09-29,1,1,1,200,ok
2026-09-29 10:20:18,/history,NSE:NIFTY26SEP22300PE,D,2026-06-21,2026-09-29,1,1,1,200,ok
2026-09-29 10:20:18,/history,NSE:NIFTY26SEP22300PE,5S,2026-07-22,2026-08-21,1,1,1,200,ok
2026-09-29 10:20:18,/history,NSE:NIFTY26SEP22350CE,5S,2026-06-21,2026-07-21,1,1,1,200,no_data
2026-09-29 10:20:18,/history,NSE:NIFTY26SEP22350CE,5S,2026-07-22,2026-08-21,1,1,1,200,ok
2026-09-29 10:20:19,/history,NSE:NIFTY26SEP22350CE,5S,2026-08-22,2026-09-21,1,1,1,200,ok
2026-09-29 10:20:20,/history,NSE:NIFTY26SEP22350CE,5S,2026-09-22,2026-09-29,1,1,1,200,ok
2026-09-29 10:20:20,/history,NSE:NIFTY26SEP22350PE,5S,2026-06-21,2026-07-21,1,1,1,200,ok
2026-09-29 10:20:22,/history,NSE:NIFTY26SEP22350CE,1,2026-06-21,2026-09-29,1,1,1,200,ok
2026-09-29 10:20:23,/history,NSE:NIFTY26SEP22350CE,5,2026-06-21,2026-09-29,1,1,1,200,ok
2026-09-29 10:20:23,/history,NSE:NIFTY26SEP22300PE,5S,2026-08-22,2026-09-21,1,1,1,200,ok
2026-09-29 10:20:24,/history,NSE:NIFTY26SEP22350PE,5,2026-06-21,2026-09-29,1,1,1,200,ok
2026-09-29 10:20:24,/history,NSE:NIFTY26SEP22350PE,1,2026-06-21,2026-09-29,1,1,1,200,ok
2026-09-29 10:20:25,/history,NSE:NIFTY26SEP22350PE,5S,2026-07-22,2026-08-21,1,1,1,200,ok
2026-09-29 10:20:25,/history,NSE:NIFTY26SEP22350CE,60,2026-06-21,2026-09-29,1,1,1,200,ok
2026-09-29 10:20:25,/history,NSE:NIFTY26SEP22300PE,5S,2026-09-22,2026-09-29,1,1,1,200,ok
2026-09-29 10:20:25,/history,NSE:NIFTY26SEP22350PE,60,2026-06-21,2026-09-29,1,1,1,200,ok
2026-09-29 10:20:26,/history,NSE:NIFTY26SEP22350CE,D,2026-06-21,2026-09-29,1,1,1,200,ok
2026-09-29 10:20:27,/history,NSE:NIFTY26SEP22400CE,5S,2026-06-21,2026-07-21,1,1,1,200,no_data
2026-09-29 10:20:27,/history,NSE:NIFTY26SEP22350PE,D,2026-06-21,2026-09-29,1,1,1,200,ok
2026-09-29 10:20:27,/history,NSE:NIFTY26SEP22400CE,5S,2026-07-22,2026-08-21,1,1,1,200,ok
2026-09-29 10:20:28,/history,NSE:NIFTY26SEP22350PE,5S,2026-08-22,2026-09-21,1,1,1,200,ok
2026-09-29 10:20:28,/history,NSE:NIFTY26SEP22400CE,1,2026-06-21,2026-09-29,1,1,1,200,ok
2026-09-29 10:20:28,/history,NSE:NIFTY26SEP22400CE,5S,2026-08-22,2026-09-21,1,1,1,200,ok
2026-09-29 10:20:29,/history,NSE:NIFTY26SEP22400PE,1,2026-06-21,2026-09-29,1,1,1,200,ok
2026-09-29 10:20:29,/history,NSE:NIFTY26SEP22350PE,5S,2026-09-22,2026-09-29,1,1,1,200,ok
2026-09-29 10:20:30,/history,NSE:NIFTY26SEP22400PE,5S,2026-06-21,2026-07-21,1,1,1,200,ok
2026-09-29 10:20:30,/history,NSE:NIFTY26SEP22400CE,5S,2026-09-22,2026-09-29,1,1,1,200,ok
2026-09-29 10:20:31,/history,NSE:NIFTY26SEP22400CE,5,2026-06-21,2026-09-29,1,1,1,200,ok
2026-09-29 10:20:32,/history,NSE:NIFTY26SEP22400PE,5,2026-06-21,2026-09-29,1,1,1,200,ok
2026-09-29 10:20:32,/history,NSE:NIFTY26SEP22400CE,60,2026-06-21,2026-09-29,1,1,1,200,ok
2026-09-29 10:20:33,/history,NSE:NIFTY26SEP22400PE,60,2026-06-21,2026-09-29,1,1,1,200,ok
2026-09-29 10:20:33,/history,NSE:NIFTY26SEP22400CE,D,2026-06-21,2026-09-29,1,1,1,200,ok
2026-09-29 10:20:33,/history,NSE:NIFTY26SEP22400PE,D,2026-06-21,2026-09-29,1,1,1,200,ok
2026-09-29 10:20:33,/history,NSE:NIFTY26SEP22450CE,5S,2026-06-21,2026-07-21,1,1,1,200,ok
2026-09-29 10:20:34,/history,NSE:NIFTY26SEP22450CE,5S,2026-07-22,2026-08-21,1,1,1,200,no_data
2026-09-29 10:20:34,/history,NSE:NIFTY26SEP22400PE,5S,2026-07-22,2026-08-21,1,1,1,200,ok
2026-09-29 10:20:35,/history,NSE:NIFTY26SEP22450CE,5S,2026-08-22,2026-09-21,1,1,1,200,ok
2026-09-29 10:20:35,/history,NSE:NIFTY26SEP22450PE,5S,2026-06-21,2026-07-21,1,1,1,200,ok
2026-09-29 10:20:36,/history,NSE:NIFTY26SEP22450CE,5S,2026-09-22,2026-09-29,1,1,1,200,ok
2026-09-29 10:20:39,/history,NSE:NIFTY26SEP22450CE,1,2026-06-21,2026-09-29,1,1,1,200,ok
2026-09-29 10:20:40,/history,NSE:NIFTY26SEP22450PE,1,2026-06-21,2026-09-29,1,1,1,200,ok
2026-09-29 10:20:40,/history,NSE:NIFTY26SEP22450CE,5,2026-06-21,2026-09-29,1,1,1,200,ok
2026-09-29 10:20:41,/history,NSE:NIFTY26SEP22450PE,5S,2026-07-22,2026-08-21,1,1,1,200,ok
2026-09-29 10:20:41,/history,NSE:NIFTY26SEP22400PE,5S,2026-08-22,2026-09-21,1,1,1,200,ok
2026-09-29 10:20:41,/history,NSE:NIFTY26SEP22450PE,5,2026-06-21,2026-09-29,1,1,1,200,ok
2026-09-29 10:20:41,/history,NSE:NIFTY26SEP22450CE,60,2026-06-21,2026-09-29,1,1,1,200,ok
2026-09-29 10:20:41,/history,NSE:NIFTY26SEP22450CE,D,2026-06-21,2026-09-29,1,1,1,200,ok
2026-09-29 10:20:41,/history,NSE:NIFTY26SEP22450PE,D,2026-06-21,2026-09-29,1,1,1,200,ok
2026-09-29 10:20:41,/history,NSE:NIFTY26SEP22450PE,60,2026-06-21,2026-09-29,1,1,1,200,ok
2026-09-29 10:20:42,/history,NSE:NIFTY26SEP22400PE,5S,2026-09-22,2026-09-29,1,1,1,200,ok
2026-09-29 10:20:43,/history,NSE:NIFTY26SEP22500CE,1,2026-06-21,2026-09-29,1,1,1,200,ok
2026-09-29 10:20:44,/history,NSE:NIFTY26SEP22450PE,5S,2026-08-22,2026-09-21,1,1,1,200,ok
2026-09-29 10:20:46,/history,NSE:NIFTY26SEP22450PE,5S,2026-09-22,2026-09-29,1,1,1,200,ok
2026-09-29 10:20:47,/history,NSE:NIFTY26SEP22500CE,5S,2026-06-21,2026-07-21,1,1,1,200,ok
2026-09-29 10:20:47,/history,NSE:NIFTY26SEP22500PE,5S,2026-06-21,2026-07-21,1,1,1,200,ok
2026-09-29 10:20:48,/history,NSE:NIFTY26SEP22500PE,1,2026-06-21,2026-09-29,1,1,1,200,ok
2026-09-29 10:20:51,/history,NSE:NIFTY26SEP22500CE,5,2026-06-21,2026-09-29,1,1,1,200,ok
2026-09-29 10:20:52,/history,NSE:NIFTY26SEP22500PE,5,2026-06-21,2026-09-29,1,1,1,200,ok
2026-09-29 10:20:53,/history,NSE:NIFTY26SEP22500CE,60,2026-06-21,2026-09-29,1,1,1,200,ok
2026-09-29 10:20:53,/history,NSE:NIFTY26SEP22500CE,5S,2026-07-22,2026-08-21,1,1,1,200,ok
2026-09-29 10:20:54,/history,NSE:NIFTY26SEP22500PE,60,2026-06-21,2026-09-29,1,1,1,200,ok
2026-09-29 10:20:54,/history,NSE:NIFTY26SEP22500PE,5S,2026-07-22,2026-08-21,1,1,1,200,ok
2026-09-29 10:20:54,/history,NSE:NIFTY26SEP22500CE,D,2026-06-21,2026-09-29,1,1,1,200,ok
2026-09-29 10:20:54,/history,NSE:NIFTY26SEP22500PE,D,2026-06-21,2026-09-29,1,1,1,200,ok
2026-09-29 10:20:55,/history,NSE:NIFTY26SEP22550CE,5S,2026-06-21,2026-07-21,1,1,1,200,ok
2026-09-29 10:20:55,/history,NSE:NIFTY26SEP22550CE,5S,2026-07-22,2026-08-21,1,1,1,200,ok
2026-09-29 10:20:57,/history,NSE:NIFTY26SEP22550CE,5S,2026-08-22,2026-09-21,1,1,1,200,ok
2026-09-29 10:20:57,/history,NSE:NIFTY26SEP22500CE,5S,2026-08-22,2026-09-21,1,1,1,200,ok
2026-09-29 10:20:59,/history,NSE:NIFTY26SEP22550CE,5S,2026-09-22,2026-09-29,1,1,1,200,ok
2026-09-29 10:20:59,/history,NSE:NIFTY26SEP22500PE,5S,2026-08-22,2026-09-21,1,1,1,200,ok
2026-09-29 10:20:59,/history,NSE:NIFTY26SEP22500CE,5S,2026-09-22,2026-09-29,1,1,1,200,ok
2026-09-29 10:21:00,/history,NSE:NIFTY26SEP22550CE,1,2026-06-21,2026-09-29,1,1,1,200,ok
2026-09-29 10:21:01,/history,NSE:NIFTY26SEP22500PE,5S,2026-09-22,2026-09-29,1,1,1,200,ok
2026-09-29 10:21:01,/history,NSE:NIFTY26SEP22550PE,5S,2026-06-21,2026-07-21,1,1,1,200,ok
2026-09-29 10:21:02,/history,NSE:NIFTY26SEP22550PE,1,2026-06-21,2026-09-29,1,1,1,200,ok
2026-09-29 10:21:03,/history,NSE:NIFTY26SEP22550CE,5,2026-06-21,2026-09-29,1,1,1,200,ok
2026-09-29 10:21:04,/history,NSE:NIFTY26SEP22550PE,5,2026-06-21,2026-09-29,1,1,1,200,ok
2026-09-29 10:21:05,/history,NSE:NIFTY26SEP22550CE,60,2026-06-21,2026-09-29,1,1,1,200,ok
2026-09-29 10:21:05,/history,NSE:NIFTY26SEP22550PE,60,2026-06-21,2026-09-29,1,1,1,200,ok
2026-09-29 10:21:05,/history,NSE:NIFTY26SEP22550CE,D,2026-06-21,2026-09-29,1,1,1,200,ok
2026-09-29 10:21:06,/history,NSE:NIFTY26SEP22550PE,D,2026-06-21,2026-09-29,1,1,1,200,ok
2026-09-29 10:21:06,/history,NSE:NIFTY26SEP22600CE,5S,2026-06-21,2026-07-21,1,1,1,200,ok
2026-09-29 10:21:06,/history,NSE:NIFTY26SEP22600CE,5S,2026-07-22,2026-08-21,1,1,1,200,ok
2026-09-29 10:21:06,/history,NSE:NIFTY26SEP22550PE,5S,2026-07-22,2026-08-21,1,1,1,200,ok
2026-09-29 10:21:08,/history,NSE:NIFTY26SEP22600PE,5S,2026-06-21,2026-07-21,1,1,1,200,ok
2026-09-29 10:21:09,/history,NSE:NIFTY26SEP22600CE,5S,2026-08-22,2026-09-21,1,1,1,200,ok
2026-09-29 10:21:11,/history,NSE:NIFTY26SEP22550PE,5S,2026-08-22,2026-09-21,1,1,1,200,ok
2026-09-29 10:21:11,/history,NSE:NIFTY26SEP22600CE,5S,2026-09-22,2026-09-29,1,1,1,200,ok
2026-09-29 10:21:13,/history,NSE:NIFTY26SEP22550PE,5S,2026-09-22,2026-09-29,1,1,1,200,ok
2026-09-29 10:21:14,/history,NSE:NIFTY26SEP22600PE,5S,2026-07-22,2026-08-21,1,1,1,200,ok
2026-09-29 10:21:18,/history,NSE:NIFTY26SEP22600CE,1,2026-06-21,2026-09-29,1,1,1,200,ok
2026-09-29 10:21:20,/history,NSE:NIFTY26SEP22600PE,5S,2026-08-22,2026-09-21,1,1,1,200,ok
2026-09-29 10:21:21,/history,NSE:NIFTY26SEP22600PE,1,2026-06-21,2026-09-29,1,1,1,200,ok
2026-09-29 10:21:21,/history,NSE:NIFTY26SEP22600CE,5,2026-06-21,2026-09-29,1,1,1,200,ok
2026-09-29 10:21:21,/history,NSE:NIFTY26SEP22600CE,60,2026-06-21,2026-09-29,1,1,1,200,ok
2026-09-29 10:21:21,/history,NSE:NIFTY26SEP22600PE,5,2026-06-21,2026-09-29,1,1,1,200,ok
2026-09-29 10:21:22,/history,NSE:NIFTY26SEP22600PE,5S,2026-09-22,2026-09-29,1,1,1,200,ok
2026-09-29 10:21:22,/history,NSE:NIFTY26SEP22600PE,60,2026-06-21,2026-09-29,1,1,1,200,ok
2026-09-29 10:21:22,/history,NSE:NIFTY26SEP22600CE,D,2026-06-21,2026-09-29,1,1,1,200,ok
2026-09-29 10:21:22,/history,NSE:NIFTY26SEP22600PE,D,2026-06-21,2026-09-29,1,1,1,200,ok
2026-09-29 10:21:22,/history,NSE:NIFTY26SEP22650CE,5S,2026-06-21,2026-07-21,1,1,1,200,ok
2026-09-29 10:21:23,/history,NSE:NIFTY26SEP22650CE,1,2026-06-21,2026-09-29,1,1,1,200,ok
2026-09-29 10:21:23,/history,NSE:NIFTY26SEP22650CE,5S,2026-07-22,2026-08-21,1,1,1,200,ok
2026-09-29 10:21:25,/history,NSE:NIFTY26SEP22650PE,5S,2026-06-21,2026-07-21,1,1,1,200,ok
2026-09-29 10:21:25,/history,NSE:NIFTY26SEP22650CE,5S,2026-08-22,2026-09-21,1,1,1,200,ok
2026-09-29 10:21:25,/history,NSE:NIFTY26SEP22650PE,1,2026-06-21,2026-09-29,1,1,1,200,ok
2026-09-29 10:21:26,/history,NSE:NIFTY26SEP22650CE,5,2026-06-21,2026-09-29,1,1,1,200,ok
2026-09-29 10:21:26,/history,NSE:NIFTY26SEP22650CE,5S,2026-09-22,2026-09-29,1,1,1,200,ok
2026-09-29 10:21:27,/history,NSE:NIFTY26SEP22650PE,5,2026-06-21,2026-09-29,1,1,1,200,ok
2026-09-29 10:21:27,/history,NSE:NIFTY26SEP22650CE,60,2026-06-21,2026-09-29,1,1,1,200,ok
2026-09-29 10:21:27,/history,NSE:NIFTY26SEP22650PE,60,2026-06-21,2026-09-29,1,1,1,200,ok
2026-09-29 10:21:27,/history,NSE:NIFTY26SEP22650CE,D,2026-06-21,2026-09-29,1,1,1,200,ok
2026-09-29 10:21:28,/history,NSE:NIFTY26SEP22650PE,D,2026-06-21,2026-09-29,1,1,1,200,ok
2026-09-29 10:21:28,/history,NSE:NIFTY26SEP22700CE,5S,2026-06-21,2026-07-21,1,1,1,200,ok
2026-09-29 10:21:28,/history,NSE:NIFTY26SEP22650PE,5S,2026-07-22,2026-08-21,1,1,1,200,ok
2026-09-29 10:21:29,/history,NSE:NIFTY26SEP22700CE,5S,2026-07-22,2026-08-21,1,1,1,200,ok
2026-09-29 10:21:30,/history,NSE:NIFTY26SEP22700CE,1,2026-06-21,2026-09-29,1,1,1,200,ok
2026-09-29 10:21:33,/history,NSE:NIFTY26SEP22700CE,5S,2026-08-22,2026-09-21,1,1,1,200,ok
2026-09-29 10:21:33,/history,NSE:NIFTY26SEP22700PE,5S,2026-06-21,2026-07-21,1,1,1,200,ok
2026-09-29 10:21:34,/history,NSE:NIFTY26SEP22700PE,1,2026-06-21,2026-09-29,1,1,1,200,ok
2026-09-29 10:21:34,/history,NSE:NIFTY26SEP22650PE,5S,2026-08-22,2026-09-21,1,1,1,200,ok
2026-09-29 10:21:35,/history,NSE:NIFTY26SEP22700CE,5S,2026-09-22,2026-09-29,1,1,1,200,ok
2026-09-29 10:21:35,/history,NSE:NIFTY26SEP22700CE,5,2026-06-21,2026-09-29,1,1,1,200,ok
2026-09-29 10:21:36,/history,NSE:NIFTY26SEP22650PE,5S,2026-09-22,2026-09-29,1,1,1,200,ok
2026-09-29 10:21:36,/history,NSE:NIFTY26SEP22700PE,5,2026-06-21,2026-09-29,1,1,1,200,ok
2026-09-29 10:21:37,/history,NSE:NIFTY26SEP22700CE,60,2026-06-21,2026-09-29,1,1,1,200,ok
2026-09-29 10:21:37,/history,NSE:NIFTY26SEP22700PE,60,2026-06-21,2026-09-29,1,1,1,200,ok
2026-09-29 10:21:37,/history,NSE:NIFTY26SEP22700CE,D,2026-06-21,2026-09-29,1,1,1,200,ok
2026-09-29 10:21:38,/history,NSE:NIFTY26SEP22700PE,D,2026-06-21,2026-09-29,1,1,1,200,ok
2026-09-29 10:21:38,/history,NSE:NIFTY26SEP22750CE,5S,2026-06-21,2026-07-21,1,1,1,200,ok
2026-09-29 10:21:38,/history,NSE:NIFTY26SEP22700PE,5S,2026-07-22,2026-08-21,1,1,1,200,ok
2026-09-29 10:21:38,/history,NSE:NIFTY26SEP22750CE,5S,2026-07-22,2026-08-21,1,1,1,200,ok
2026-09-29 10:21:40,/history,NSE:NIFTY26SEP22750PE,5S,2026-06-21,2026-07-21,1,1,1,200,ok
2026-09-29 10:21:40,/history,NSE:NIFTY26SEP22750CE,5S,2026-08-22,2026-09-21,1,1,1,200,ok
2026-09-29 10:21:40,/history,NSE:NIFTY26SEP22750CE,1,2026-06-21,2026-09-29,1,1,1,200,ok
2026-09-29 10:21:42,/history,NSE:NIFTY26SEP22750CE,5S,2026-09-22,2026-09-29,1,1,1,200,ok
2026-09-29 10:21:43,/history,NSE:NIFTY26SEP22700PE,5S,2026-08-22,2026-09-21,1,1,1,200,ok
2026-09-29 10:21:43,/history,NSE:NIFTY26SEP22750PE,1,2026-06-21,2026-09-29,1,1,1,200,ok
2026-09-29 10:21:45,/history,NSE:NIFTY26SEP22700PE,5S,2026-09-22,2026-09-29,1,1,1,200,ok
2026-09-29 10:21:46,/history,NSE:NIFTY26SEP22750CE,5,2026-06-21,2026-09-29,1,1,1,200,ok
2026-09-29 10:21:47,/history,NSE:NIFTY26SEP22750PE,5S,2026-07-22,2026-08-21,1,1,1,200,ok
2026-09-29 10:21:47,/history,NSE:NIFTY26SEP22750PE,5,2026-06-21,2026-09-29,1,1,1,200,ok
2026-09-29 10:21:48,/history,NSE:NIFTY26SEP22750CE,60,2026-06-21,2026-09-29,1,1,1,200,ok
2026-09-29 10:21:48,/history,NSE:NIFTY26SEP22750PE,60,2026-06-21,2026-09-29,1,1,1,200,ok
2026-09-29 10:21:48,/history,NSE:NIFTY26SEP22750CE,D,2026-06-21,2026-09-29,1,1,1,200,ok
2026-09-29 10:21:48,/history,NSE:NIFTY26SEP22750PE,D,2026-06-21,2026-09-29,1,1,1,200,ok
2026-09-29 10:21:48,/history,NSE:NIFTY26SEP22800CE,5S,2026-06-21,2026-07-21,1,1,1,200,ok
2026-09-29 10:21:50,/history,NSE:NIFTY26SEP22800CE,5S,2026-07-22,2026-08-21,1,1,1,200,ok
2026-09-29 10:21:51,/history,NSE:NIFTY26SEP22750PE,5S,2026-08-22,2026-09-21,1,1,1,200,ok
2026-09-29 10:21:52,/history,NSE:NIFTY26SEP22800PE,5S,2026-06-21,2026-07-21,1,1,1,200,ok
2026-09-29 10:21:52,/history,NSE:NIFTY26SEP22800CE,1,2026-06-21,2026-09-29,1,1,1,200,ok
2026-09-29 10:21:53,/history,NSE:NIFTY26SEP22800CE,5S,2026-08-22,2026-09-21,1,1,1,200,ok
2026-09-29 10:21:53,/history,NSE:NIFTY26SEP22750PE,5S,2026-09-22,2026-09-29,1,1,1,200,ok
2026-09-29 10:21:55,/history,NSE:NIFTY26SEP22800PE,1,2026-06-21,2026-09-29,1,1,1,200,ok
2026-09-29 10:21:56,/history,NSE:NIFTY26SEP22800CE,5S,2026-09-22,2026-09-29,1,1,1,200,ok
2026-09-29 10:21:58,/history,NSE:NIFTY26SEP22800CE,5,2026-06-21,2026-09-29,1,1,1,200,ok
2026-09-29 10:21:59,/history,NSE:NIFTY26SEP22800PE,5S,2026-07-22,2026-08-21,1,1,1,200,ok
2026-09-29 10:21:59,/history,NSE:NIFTY26SEP22800PE,5,2026-06-21,2026-09-29,1,1,1,200,ok
2026-09-29 10:22:00,/history,NSE:NIFTY26SEP22800CE,60,2026-06-21,2026-09-29,1,1,1,200,ok
2026-09-29 10:22:00,/history,NSE:NIFTY26SEP22800PE,60,2026-06-21,2026-09-29,1,1,1,200,ok
2026-09-29 10:22:00,/history,NSE:NIFTY26SEP22800CE,D,2026-06-21,2026-09-29,1,1,1,200,ok
2026-09-29 10:22:01,/history,NSE:NIFTY26SEP22800PE,D,2026-06-21,2026-09-29,1,1,1,200,ok
2026-09-29 10:22:01,/history,NSE:NIFTY26SEP22850CE,5S,2026-06-21,2026-07-21,1,1,1,200,ok
2026-09-29 10:22:02,/history,NSE:NIFTY26SEP22850CE,5S,2026-07-22,2026-08-21,1,1,1,200,ok
2026-09-29 10:22:03,/history,NSE:NIFTY26SEP22850CE,1,2026-06-21,2026-09-29,1,1,1,200,ok
2026-09-29 10:22:03,/history,NSE:NIFTY26SEP22800PE,5S,2026-08-22,2026-09-21,1,1,1,200,ok
2026-09-29 10:22:03,/history,NSE:NIFTY26SEP22850PE,5S,2026-06-21,2026-07-21,1,1,1,200,ok
2026-09-29 10:22:03,/history,NSE:NIFTY26SEP22850CE,5S,2026-08-22,2026-09-21,1,1,1,200,ok
2026-09-29 10:22:04,/history,NSE:NIFTY26SEP22850PE,1,2026-06-21,2026-09-29,1,1,1,200,ok
2026-09-29 10:22:05,/history,NSE:NIFTY26SEP22800PE,5S,2026-09-22,2026-09-29,1,1,1,200,ok
2026-09-29 10:22:05,/history,NSE:NIFTY26SEP22850CE,5S,2026-09-22,2026-09-29,1,1,1,200,ok
2026-09-29 10:22:07,/history,NSE:NIFTY26SEP22850CE,5,2026-06-21,2026-09-29,1,1,1,200,ok
2026-09-29 10:22:08,/history,NSE:NIFTY26SEP22850PE,5,2026-06-21,2026-09-29,1,1,1,200,ok
2026-09-29 10:22:08,/history,NSE:NIFTY26SEP22850CE,60,2026-06-21,2026-09-29,1,1,1,200,ok
2026-09-29 10:22:08,/history,NSE:NIFTY26SEP22850PE,5S,2026-07-22,2026-08-21,1,1,1,200,ok
2026-09-29 10:22:08,/history,NSE:NIFTY26SEP22850PE,60,2026-06-21,2026-09-29,1,1,1,200,ok
2026-09-29 10:22:09,/history,NSE:NIFTY26SEP22850CE,D,2026-06-21,2026-09-29,1,1,1,200,ok
2026-09-29 10:22:09,/history,NSE:NIFTY26SEP22850PE,D,2026-06-21,2026-09-29,1,1,1,200,ok
2026-09-29 10:22:09,/history,NSE:NIFTY26SEP22900CE,5S,2026-06-21,2026-07-21,1,1,1,200,ok
2026-09-29 10:22:09,/history,NSE:NIFTY26SEP22900CE,1,2026-06-21,2026-09-29,1,1,1,200,ok
2026-09-29 10:22:12,/history,NSE:NIFTY26SEP22900CE,5S,2026-07-22,2026-08-21,1,1,1,200,ok
2026-09-29 10:22:13,/history,NSE:NIFTY26SEP22900PE,1,2026-06-21,2026-09-29,1,1,1,200,ok
2026-09-29 10:22:13,/history,NSE:NIFTY26SEP22900PE,5S,2026-06-21,2026-07-21,1,1,1,200,ok
2026-09-29 10:22:14,/history,NSE:NIFTY26SEP22850PE,5S,2026-08-22,2026-09-21,1,1,1,200,ok
2026-09-29 10:22:15,/history,NSE:NIFTY26SEP22900CE,5S,2026-08-22,2026-09-21,1,1,1,200,ok
2026-09-29 10:22:15,/history,NSE:NIFTY26SEP22900CE,5,2026-06-21,2026-09-29,1,1,1,200,ok
2026-09-29 10:22:16,/history,NSE:NIFTY26SEP22850PE,5S,2026-09-22,2026-09-29,1,1,1,200,ok
2026-09-29 10:22:16,/history,NSE:NIFTY26SEP22900PE,5,2026-06-21,2026-09-29,1,1,1,200,ok
2026-09-29 10:22:17,/history,NSE:NIFTY26SEP22900CE,5S,2026-09-22,2026-09-29,1,1,1,200,ok
2026-09-29 10:22:17,/history,NSE:NIFTY26SEP22900CE,60,2026-06-21,2026-09-29,1,1,1,200,ok
2026-09-29 10:22:18,/history,NSE:NIFTY26SEP22900PE,60,2026-06-21,2026-09-29,1,1,1,200,ok
2026-09-29 10:22:18,/history,NSE:NIFTY26SEP22900CE,D,2026-06-21,2026-09-29,1,1,1,200,ok
2026-09-29 10:22:18,/history,NSE:NIFTY26SEP22900PE,5S,2026-07-22,2026-08-21,1,1,1,200,ok
2026-09-29 10:22:18,/history,NSE:NIFTY26SEP22900PE,D,2026-06-21,2026-09-29,1,1,1,200,ok
2026-09-29 10:22:19,/history,NSE:NIFTY26SEP22950CE,5S,2026-06-21,2026-07-21,1,1,1,200,ok
2026-09-29 10:22:20,/history,NSE:NIFTY26SEP22950CE,5S,2026-07-22,2026-08-21,1,1,1,200,ok
2026-09-29 10:22:22,/history,NSE:NIFTY26SEP22900PE,5S,2026-08-22,2026-09-21,1,1,1,200,ok
2026-09-29 10:22:23,/history,NSE:NIFTY26SEP22950CE,1,2026-06-21,2026-09-29,1,1,1,200,ok
2026-09-29 10:22:24,/history,NSE:NIFTY26SEP22950CE,5S,2026-08-22,2026-09-21,1,1,1,200,ok
2026-09-29 10:22:24,/history,NSE:NIFTY26SEP22950PE,5S,2026-06-21,2026-07-21,1,1,1,200,ok
2026-09-29 10:22:24,/history,NSE:NIFTY26SEP22900PE,5S,2026-09-22,2026-09-29,1,1,1,200,ok
2026-09-29 10:22:26,/history,NSE:NIFTY26SEP22950CE,5S,2026-09-22,2026-09-29,1,1,1,200,ok
2026-09-29 10:22:26,/history,NSE:NIFTY26SEP22950PE,1,2026-06-21,2026-09-29,1,1,1,200,ok
2026-09-29 10:22:29,/history,NSE:NIFTY26SEP22950CE,5,2026-06-21,2026-09-29,1,1,1,200,ok
2026-09-29 10:22:29,/history,NSE:NIFTY26SEP22950PE,5S,2026-07-22,2026-08-21,1,1,1,200,ok
2026-09-29 10:22:30,/history,NSE:NIFTY26SEP22950PE,5,2026-06-21,2026-09-29,1,1,1,200,ok
2026-09-29 10:22:30,/history,NSE:NIFTY26SEP22950CE,60,2026-06-21,2026-09-29,1,1,1,200,ok
2026-09-29 10:22:30,/history,NSE:NIFTY26SEP22950PE,60,2026-06-21,2026-09-29,1,1,1,200,ok
2026-09-29 10:22:31,/history,NSE:NIFTY26SEP22950PE,D,2026-06-21,2026-09-29,1,1,1,200,ok
2026-09-29 10:22:31,/history,NSE:NIFTY26SEP22950CE,D,2026-06-21,2026-09-29,1,1,1,200,ok
2026-09-29 10:22:32,/history,NSE:NIFTY26SEP22950PE,5S,2026-08-22,2026-09-21,1,1,1,200,ok
2026-09-29 10:22:33,/history,NSE:NIFTY26SEP23000CE,1,2026-06-21,2026-09-29,1,1,1,200,ok
2026-09-29 10:22:33,/history,NSE:NIFTY26SEP23000CE,5S,2026-06-21,2026-07-21,1,1,1,200,ok
2026-09-29 10:22:35,/history,NSE:NIFTY26SEP22950PE,5S,2026-09-22,2026-09-29,1,1,1,200,ok
2026-09-29 10:22:37,/history,NSE:NIFTY26SEP23000PE,5S,2026-06-21,2026-07-21,1,1,1,200,ok
2026-09-29 10:22:38,/history,NSE:NIFTY26SEP23000PE,1,2026-06-21,2026-09-29,1,1,1,200,ok
2026-09-29 10:22:40,/history,NSE:NIFTY26SEP23000CE,5S,2026-07-22,2026-08-21,1,1,1,200,ok
2026-09-29 10:22:40,/history,NSE:NIFTY26SEP23000CE,5,2026-06-21,2026-09-29,1,1,1,200,ok
2026-09-29 10:22:41,/history,NSE:NIFTY26SEP23000CE,60,2026-06-21,2026-09-29,1,1,1,200,ok
2026-09-29 10:22:41,/history,NSE:NIFTY26SEP23000PE,5,2026-06-21,2026-09-29,1,1,1,200,ok
2026-09-29 10:22:42,/history,NSE:NIFTY26SEP23000PE,60,2026-06-21,2026-09-29,1,1,1,200,ok
2026-09-29 10:22:42,/history,NSE:NIFTY26SEP23000PE,5S,2026-07-22,2026-08-21,1,1,1,200,ok
2026-09-29 10:22:42,/history,NSE:NIFTY26SEP23000CE,D,2026-06-21,2026-09-29,1,1,1,200,ok
2026-09-29 10:22:42,/history,NSE:NIFTY26SEP23000PE,D,2026-06-21,2026-09-29,1,1,1,200,ok
2026-09-29 10:22:43,/history,NSE:NIFTY26SEP23050CE,5S,2026-06-21,2026-07-21,1,1,1,200,ok
2026-09-29 10:22:43,/history,NSE:NIFTY26SEP23000CE,5S,2026-08-22,2026-09-21,1,1,1,200,ok
2026-09-29 10:22:44,/history,NSE:NIFTY26SEP23050CE,5S,2026-07-22,2026-08-21,1,1,1,200,ok
2026-09-29 10:22:45,/history,NSE:NIFTY26SEP23050PE,5S,2026-06-21,2026-07-21,1,1,1,200,ok
2026-09-29 10:22:46,/history,NSE:NIFTY26SEP23000CE,5S,2026-09-22,2026-09-29,1,1,1,200,ok
2026-09-29 10:22:47,/history,NSE:NIFTY26SEP23050CE,5S,2026-08-22,2026-09-21,1,1,1,200,ok
2026-09-29 10:22:47,/history,NSE:NIFTY26SEP23000PE,5S,2026-08-22,2026-09-21,1,1,1,200,ok
2026-09-29 10:22:50,/history,NSE:NIFTY26SEP23050CE,5S,2026-09-22,2026-09-29,1,1,1,200,ok
2026-09-29 10:22:51,/history,NSE:NIFTY26SEP23000PE,5S,2026-09-22,2026-09-29,1,1,1,200,ok
2026-09-29 10:22:53,/history,NSE:NIFTY26SEP23050PE,5S,2026-07-22,2026-08-21,1,1,1,200,ok
2026-09-29 10:22:54,/history,NSE:NIFTY26SEP23050CE,1,2026-06-21,2026-09-29,1,1,1,200,ok
2026-09-29 10:22:56,/history,NSE:NIFTY26SEP23050PE,1,2026-06-21,2026-09-29,1,1,1,200,ok
2026-09-29 10:22:56,/history,NSE:NIFTY26SEP23050CE,5,2026-06-21,2026-09-29,1,1,1,200,ok
2026-09-29 10:22:57,/history,NSE:NIFTY26SEP23050PE,5S,2026-08-22,2026-09-21,1,1,1,200,ok
2026-09-29 10:22:57,/history,NSE:NIFTY26SEP23050PE,5,2026-06-21,2026-09-29,1,1,1,200,ok
2026-09-29 10:22:57,/history,NSE:NIFTY26SEP23050CE,60,2026-06-21,2026-09-29,1,1,1,200,ok
2026-09-29 10:22:58,/history,NSE:NIFTY26SEP23050PE,60,2026-06-21,2026-09-29,1,1,1,200,ok
2026-09-29 10:22:58,/history,NSE:NIFTY26SEP23050CE,D,2026-06-21,2026-09-29,1,1,1,200,ok
2026-09-29 10:22:58,/history,NSE:NIFTY26SEP23050PE,D,2026-06-21,2026-09-29,1,1,1,200,ok
2026-09-29 10:22:58,/history,NSE:NIFTY26SEP23050PE,5S,2026-09-22,2026-09-29,1,1,1,200,ok
2026-09-29 10:22:58,/history,NSE:NIFTY26SEP23100CE,5S,2026-06-21,2026-07-21,1,1,1,200,ok
2026-09-29 10:23:00,/history,NSE:NIFTY26SEP23100CE,5S,2026-07-22,2026-08-21,1,1,1,200,ok
2026-09-29 10:23:01,/history,NSE:NIFTY26SEP23100PE,5S,2026-06-21,2026-07-21,1,1,1,200,ok
2026-09-29 10:23:04,/history,NSE:NIFTY26SEP23100CE,1,2026-06-21,2026-09-29,1,1,1,200,ok
2026-09-29 10:23:06,/history,NSE:NIFTY26SEP23100CE,5S,2026-08-22,2026-09-21,1,1,1,200,ok
2026-09-29 10:23:07,/history,NSE:NIFTY26SEP23100PE,5S,2026-07-22,2026-08-21,1,1,1,200,ok
2026-09-29 10:23:07,/history,NSE:NIFTY26SEP23100PE,1,2026-06-21,2026-09-29,1,1,1,200,ok
2026-09-29 10:23:08,/history,NSE:NIFTY26SEP23100CE,5S,2026-09-22,2026-09-29,1,1,1,200,ok
2026-09-29 10:23:09,/history,NSE:NIFTY26SEP23100CE,5,2026-06-21,2026-09-29,1,1,1,200,ok
2026-09-29 10:23:10,/history,NSE:NIFTY26SEP23100CE,60,2026-06-21,2026-09-29,1,1,1,200,ok
2026-09-29 10:23:10,/history,NSE:NIFTY26SEP23100PE,5,2026-06-21,2026-09-29,1,1,1,200,ok
2026-09-29 10:23:10,/history,NSE:NIFTY26SEP23100PE,60,2026-06-21,2026-09-29,1,1,1,200,ok
2026-09-29 10:23:11,/history,NSE:NIFTY26SEP23100CE,D,2026-06-21,2026-09-29,1,1,1,200,ok
2026-09-29 10:23:11,/history,NSE:NIFTY26SEP23100PE,D,2026-06-21,2026-09-29,1,1,1,200,ok
2026-09-29 10:23:11,/history,NSE:NIFTY26SEP23150CE,5S,2026-06-21,2026-07-21,1,1,1,200,ok
2026-09-29 10:23:11,/history,NSE:NIFTY26SEP23100PE,5S,2026-08-22,2026-09-21,1,1,1,200,ok
2026-09-29 10:23:12,/history,NSE:NIFTY26SEP23150CE,5S,2026-07-22,2026-08-21,1,1,1,200,ok
2026-09-29 10:23:13,/history,NSE:NIFTY26SEP23100PE,5S,2026-09-22,2026-09-29,1,1,1,200,ok
2026-09-29 10:23:15,/history,NSE:NIFTY26SEP23150PE,5S,2026-06-21,2026-07-21,1,1,1,200,ok
2026-09-29 10:23:15,/history,NSE:NIFTY26SEP23150CE,5S,2026-08-22,2026-09-21,1,1,1,200,ok
2026-09-29 10:23:16,/history,NSE:NIFTY26SEP23150CE,1,2026-06-21,2026-09-29,1,1,1,200,ok
2026-09-29 10:23:17,/history,NSE:NIFTY26SEP23150CE,5,2026-06-21,2026-09-29,1,1,1,200,ok
2026-09-29 10:23:19,/history,NSE:NIFTY26SEP23150PE,1,2026-06-21,2026-09-29,1,1,1,200,ok
2026-09-29 10:23:20,/history,NSE:NIFTY26SEP23150CE,5S,2026-09-22,2026-09-29,1,1,1,200,ok
2026-09-29 10:23:20,/history,NSE:NIFTY26SEP23150PE,5,2026-06-21,2026-09-29,1,1,1,200,ok
2026-09-29 10:23:21,/history,NSE:NIFTY26SEP23150CE,60,2026-06-21,2026-09-29,1,1,1,200,ok
2026-09-29 10:23:22,/history,NSE:NIFTY26SEP23150PE,60,2026-06-21,2026-09-29,1,1,1,200,ok
2026-09-29 10:23:22,/history,NSE:NIFTY26SEP23150CE,D,2026-06-21,2026-09-29,1,1,1,200,ok
2026-09-29 10:23:22,/history,NSE:NIFTY26SEP23150PE,D,2026-06-21,2026-09-29,1,1,1,200,ok
2026-09-29 10:23:23,/history,NSE:NIFTY26SEP23150PE,5S,2026-07-22,2026-08-21,1,1,1,200,ok
2026-09-29 10:23:23,/history,NSE:NIFTY26SEP23200CE,5S,2026-06-21,2026-07-21,1,1,1,200,ok
2026-09-29 10:23:25,/history,NSE:NIFTY26SEP23200PE,5S,2026-06-21,2026-07-21,1,1,1,200,ok
2026-09-29 10:23:25,/history,NSE:NIFTY26SEP23200CE,5S,2026-07-22,2026-08-21,1,1,1,200,ok
2026-09-29 10:23:27,/history,NSE:NIFTY26SEP23200CE,1,2026-06-21,2026-09-29,1,1,1,200,ok
2026-09-29 10:23:27,/history,NSE:NIFTY26SEP23150PE,5S,2026-08-22,2026-09-21,1,1,1,200,ok
2026-09-29 10:23:30,/history,NSE:NIFTY26SEP23150PE,5S,2026-09-22,2026-09-29,1,1,1,200,ok
2026-09-29 10:23:32,/history,NSE:NIFTY26SEP23200PE,5S,2026-07-22,2026-08-21,1,1,1,200,ok
2026-09-29 10:23:33,/history,NSE:NIFTY26SEP23200PE,1,2026-06-21,2026-09-29,1,1,1,200,ok
2026-09-29 10:23:33,/history,NSE:NIFTY26SEP23200CE,5S,2026-08-22,2026-09-21,1,1,1,200,ok
2026-09-29 10:23:35,/history,NSE:NIFTY26SEP23200CE,5,2026-06-21,2026-09-29,1,1,1,200,ok
2026-09-29 10:23:36,/history,NSE:NIFTY26SEP23200CE,5S,2026-09-22,2026-09-29,1,1,1,200,ok
2026-09-29 10:23:36,/history,NSE:NIFTY26SEP23200PE,5S,2026-08-22,2026-09-21,1,1,1,200,ok
2026-09-29 10:23:37,/history,NSE:NIFTY26SEP23200PE,5,2026-06-21,2026-09-29,1,1,1,200,ok
2026-09-29 10:23:37,/history,NSE:NIFTY26SEP23200CE,60,2026-06-21,2026-09-29,1,1,1,200,ok
2026-09-29 10:23:38,/history,NSE:NIFTY26SEP23200CE,D,2026-06-21,2026-09-29,1,1,1,200,ok
2026-09-29 10:23:38,/history,NSE:NIFTY26SEP23200PE,60,2026-06-21,2026-09-29,1,1,1,200,ok
2026-09-29 10:23:38,/history,NSE:NIFTY26SEP23200PE,5S,2026-09-22,2026-09-29,1,1,1,200,ok
2026-09-29 10:23:38,/history,NSE:NIFTY26SEP23200PE,D,2026-06-21,2026-09-29,1,1,1,200,ok
2026-09-29 10:23:39,/history,NSE:NIFTY26SEP23250CE,5S,2026-06-21,2026-07-21,1,1,1,200,ok
2026-09-29 10:23:39,/history,NSE:NIFTY26SEP23250CE,5S,2026-07-22,2026-08-21,1,1,1,200,ok
2026-09-29 10:23:40,/history,NSE:NIFTY26SEP23250PE,5S,2026-06-21,2026-07-21,1,1,1,200,ok
2026-09-29 10:23:42,/history,NSE:NIFTY26SEP23250CE,5S,2026-08-22,2026-09-21,1,1,1,200,ok
2026-09-29 10:23:44,/history,NSE:NIFTY26SEP23250CE,5S,2026-09-22,2026-09-29,1,1,1,200,ok
2026-09-29 10:23:46,/history,NSE:NIFTY26SEP23250PE,5S,2026-07-22,2026-08-21,1,1,1,200,ok
2026-09-29 10:23:49,/history,NSE:NIFTY26SEP23250CE,1,2026-06-21,2026-09-29,1,1,1,200,ok
2026-09-29 10:23:50,/history,NSE:NIFTY26SEP23250PE,5S,2026-08-22,2026-09-21,1,1,1,200,ok
2026-09-29 10:23:50,/history,NSE:NIFTY26SEP23250CE,5,2026-06-21,2026-09-29,1,1,1,200,ok
2026-09-29 10:23:50,/history,NSE:NIFTY26SEP23250PE,5,2026-06-21,2026-09-29,1,1,1,200,ok
2026-09-29 10:23:50,/history,NSE:NIFTY26SEP23250PE,1,2026-06-21,2026-09-29,1,1,1,200,ok
2026-09-29 10:23:51,/history,NSE:NIFTY26SEP23250CE,60,2026-06-21,2026-09-29,1,1,1,200,ok
2026-09-29 10:23:51,/history,NSE:NIFTY26SEP23250CE,D,2026-06-21,2026-09-29,1,1,1,200,ok
2026-09-29 10:23:51,/history,NSE:NIFTY26SEP23250PE,60,2026-06-21,2026-09-29,1,1,1,200,ok
2026-09-29 10:23:52,/history,NSE:NIFTY26SEP23250PE,D,2026-06-21,2026-09-29,1,1,1,200,ok
2026-09-29 10:23:52,/history,NSE:NIFTY26SEP23250PE,5S,2026-09-22,2026-09-29,1,1,1,200,ok
2026-09-29 10:23:52,/history,NSE:NIFTY26SEP23300CE,5S,2026-06-21,2026-07-21,1,1,1,200,ok
2026-09-29 10:23:53,/history,NSE:NIFTY26SEP23300CE,1,2026-06-21,2026-09-29,1,1,1,200,ok
2026-09-29 10:23:54,/history,NSE:NIFTY26SEP23300PE,5S,2026-06-21,2026-07-21,1,1,1,200,ok
2026-09-29 10:23:55,/history,NSE:NIFTY26SEP23300CE,5S,2026-07-22,2026-08-21,1,1,1,200,ok
2026-09-29 10:23:55,/history,NSE:NIFTY26SEP23300CE,5,2026-06-21,2026-09-29,1,1,1,200,ok
2026-09-29 10:23:56,/history,NSE:NIFTY26SEP23300PE,1,2026-06-21,2026-09-29,1,1,1,200,ok
2026-09-29 10:23:57,/history,NSE:NIFTY26SEP23300PE,5,2026-06-21,2026-09-29,1,1,1,200,ok
2026-09-29 10:23:58,/history,NSE:NIFTY26SEP23300PE,60,2026-06-21,2026-09-29,1,1,1,200,ok
2026-09-29 10:23:57,/history,NSE:NIFTY26SEP23300CE,60,2026-06-21,2026-09-29,1,1,1,200,ok
2026-09-29 10:23:58,/history,NSE:NIFTY26SEP23300CE,D,2026-06-21,2026-09-29,1,1,1,200,ok
2026-09-29 10:23:58,/history,NSE:NIFTY26SEP23300PE,D,2026-06-21,2026-09-29,1,1,1,200,ok
2026-09-29 10:23:59,/history,NSE:NIFTY26SEP23350CE,5S,2026-06-21,2026-07-21,1,1,1,200,ok
2026-09-29 10:24:00,/history,NSE:NIFTY26SEP23300PE,5S,2026-07-22,2026-08-21,1,1,1,200,ok
2026-09-29 10:24:01,/history,NSE:NIFTY26SEP23350CE,5S,2026-07-22,2026-08-21,1,1,1,200,ok
2026-09-29 10:24:01,/history,NSE:NIFTY26SEP23350PE,5S,2026-06-21,2026-07-21,1,1,1,200,ok
2026-09-29 10:24:01,/history,NSE:NIFTY26SEP23300CE,5S,2026-08-22,2026-09-21,1,1,1,200,ok
2026-09-29 10:24:03,/history,NSE:NIFTY26SEP23350CE,5S,2026-08-22,2026-09-21,1,1,1,200,ok
2026-09-29 10:24:03,/history,NSE:NIFTY26SEP23300CE,5S,2026-09-22,2026-09-29,1,1,1,200,ok
2026-09-29 10:24:05,/history,NSE:NIFTY26SEP23300PE,5S,2026-08-22,2026-09-21,1,1,1,200,ok
2026-09-29 10:24:06,/history,NSE:NIFTY26SEP23350CE,5S,2026-09-22,2026-09-29,1,1,1,200,ok
2026-09-29 10:24:07,/history,NSE:NIFTY26SEP23300PE,5S,2026-09-22,2026-09-29,1,1,1,200,ok
2026-09-29 10:24:07,/history,NSE:NIFTY26SEP23350PE,5S,2026-07-22,2026-08-21,1,1,1,200,ok
2026-09-29 10:24:09,/history,NSE:NIFTY26SEP23350CE,1,2026-06-21,2026-09-29,1,1,1,200,ok
2026-09-29 10:24:11,/history,NSE:NIFTY26SEP23350PE,1,2026-06-21,2026-09-29,1,1,1,200,ok
2026-09-29 10:24:13,/history,NSE:NIFTY26SEP23350CE,5,2026-06-21,2026-09-29,1,1,1,200,ok
2026-09-29 10:24:14,/history,NSE:NIFTY26SEP23350PE,5,2026-06-21,2026-09-29,1,1,1,200,ok
2026-09-29 10:24:14,/history,NSE:NIFTY26SEP23350CE,60,2026-06-21,2026-09-29,1,1,1,200,ok
2026-09-29 10:24:14,/history,NSE:NIFTY26SEP23350PE,5S,2026-08-22,2026-09-21,1,1,1,200,ok
2026-09-29 10:24:14,/history,NSE:NIFTY26SEP23350CE,D,2026-06-21,2026-09-29,1,1,1,200,ok
2026-09-29 10:24:14,/history,NSE:NIFTY26SEP23350PE,60,2026-06-21,2026-09-29,1,1,1,200,ok
2026-09-29 10:24:15,/history,NSE:NIFTY26SEP23350PE,D,2026-06-21,2026-09-29,1,1,1,200,ok
2026-09-29 10:24:15,/history,NSE:NIFTY26SEP23400CE,5S,2026-06-21,2026-07-21,1,1,1,200,ok
2026-09-29 10:24:16,/history,NSE:NIFTY26SEP23350PE,5S,2026-09-22,2026-09-29,1,1,1,200,ok
2026-09-29 10:24:17,/history,NSE:NIFTY26SEP23400CE,1,2026-06-21,2026-09-29,1,1,1,200,ok
2026-09-29 10:24:18,/history,NSE:NIFTY26SEP23400PE,5S,2026-06-21,2026-07-21,1,1,1,200,ok
2026-09-29 10:24:19,/history,NSE:NIFTY26SEP23400CE,5S,2026-07-22,2026-08-21,1,1,1,200,ok
2026-09-29 10:24:20,/history,NSE:NIFTY26SEP23400PE,1,2026-06-21,2026-09-29,1,1,1,200,ok
2026-09-29 10:24:22,/history,NSE:NIFTY26SEP23400CE,5,2026-06-21,2026-09-29,1,1,1,200,ok
2026-09-29 10:24:23,/history,NSE:NIFTY26SEP23400CE,60,2026-06-21,2026-09-29,1,1,1,200,ok
2026-09-29 10:24:24,/history,NSE:NIFTY26SEP23400PE,5,2026-06-21,2026-09-29,1,1,1,200,ok
2026-09-29 10:24:24,/history,NSE:NIFTY26SEP23400PE,60,2026-06-21,2026-09-29,1,1,1,200,ok
2026-09-29 10:24:24,/history,NSE:NIFTY26SEP23400PE,5S,2026-07-22,2026-08-21,1,1,1,200,ok
2026-09-29 10:24:24,/history,NSE:NIFTY26SEP23400CE,D,2026-06-21,2026-09-29,1,1,1,200,ok
2026-09-29 10:24:24,/history,NSE:NIFTY26SEP23400CE,5S,2026-08-22,2026-09-21,1,1,1,200,ok
2026-09-29 10:24:24,/history,NSE:NIFTY26SEP23400PE,D,2026-06-21,2026-09-29,1,1,1,200,ok
2026-09-29 10:24:25,/history,NSE:NIFTY26SEP23450CE,5S,2026-06-21,2026-07-21,1,1,1,200,ok
2026-09-29 10:24:28,/history,NSE:NIFTY26SEP23450CE,5S,2026-07-22,2026-08-21,1,1,1,200,ok
2026-09-29 10:24:28,/history,NSE:NIFTY26SEP23400CE,5S,2026-09-22,2026-09-29,1,1,1,200,ok
2026-09-29 10:24:29,/history,NSE:NIFTY26SEP23450PE,5S,2026-06-21,2026-07-21,1,1,1,200,ok
2026-09-29 10:24:30,/history,NSE:NIFTY26SEP23400PE,5S,2026-08-22,2026-09-21,1,1,1,200,ok
2026-09-29 10:24:31,/history,NSE:NIFTY26SEP23450CE,5S,2026-08-22,2026-09-21,1,1,1,200,ok
2026-09-29 10:24:32,/history,NSE:NIFTY26SEP23400PE,5S,2026-09-22,2026-09-29,1,1,1,200,ok
2026-09-29 10:24:34,/history,NSE:NIFTY26SEP23450CE,5S,2026-09-22,2026-09-29,1,1,1,200,ok
2026-09-29 10:24:34,/history,NSE:NIFTY26SEP23450PE,5S,2026-07-22,2026-08-21,1,1,1,200,ok
2026-09-29 10:24:35,/history,NSE:NIFTY26SEP23450CE,1,2026-06-21,2026-09-29,1,1,1,200,ok
2026-09-29 10:24:38,/history,NSE:NIFTY26SEP23450PE,1,2026-06-21,2026-09-29,1,1,1,200,ok
2026-09-29 10:24:39,/history,NSE:NIFTY26SEP23450PE,5S,2026-08-22,2026-09-21,1,1,1,200,ok
2026-09-29 10:24:40,/history,NSE:NIFTY26SEP23450CE,5,2026-06-21,2026-09-29,1,1,1,200,ok
2026-09-29 10:24:41,/history,NSE:NIFTY26SEP23450CE,60,2026-06-21,2026-09-29,1,1,1,200,ok
2026-09-29 10:24:41,/history,NSE:NIFTY26SEP23450PE,5,2026-06-21,2026-09-29,1,1,1,200,ok
2026-09-29 10:24:41,/history,NSE:NIFTY26SEP23450PE,5S,2026-09-22,2026-09-29,1,1,1,200,ok
2026-09-29 10:24:41,/history,NSE:NIFTY26SEP23450PE,60,2026-06-21,2026-09-29,1,1,1,200,ok
2026-09-29 10:24:42,/history,NSE:NIFTY26SEP23450CE,D,2026-06-21,2026-09-29,1,1,1,200,ok
2026-09-29 10:24:42,/history,NSE:NIFTY26SEP23450PE,D,2026-06-21,2026-09-29,1,1,1,200,ok
2026-09-29 10:24:44,/history,NSE:NIFTY26SEP23500CE,1,2026-06-21,2026-09-29,1,1,1,200,ok
2026-09-29 10:24:45,/history,NSE:NIFTY26SEP23500CE,5S,2026-06-21,2026-07-21,1,1,1,200,ok
2026-09-29 10:24:45,/history,NSE:NIFTY26SEP23500PE,5S,2026-06-21,2026-07-21,1,1,1,200,ok
2026-09-29 10:24:46,/history,NSE:NIFTY26SEP23500PE,1,2026-06-21,2026-09-29,1,1,1,200,ok
2026-09-29 10:24:48,/history,NSE:NIFTY26SEP23500CE,5,2026-06-21,2026-09-29,1,1,1,200,ok
2026-09-29 10:24:48,/history,NSE:NIFTY26SEP23500PE,5,2026-06-21,2026-09-29,1,1,1,200,ok
2026-09-29 10:24:49,/history,NSE:NIFTY26SEP23500CE,60,2026-06-21,2026-09-29,1,1,1,200,ok
2026-09-29 10:24:49,/history,NSE:NIFTY26SEP23500PE,60,2026-06-21,2026-09-29,1,1,1,200,ok
2026-09-29 10:24:49,/history,NSE:NIFTY26SEP23500CE,5S,2026-07-22,2026-08-21,1,1,1,200,ok
2026-09-29 10:24:49,/history,NSE:NIFTY26SEP23500CE,D,2026-06-21,2026-09-29,1,1,1,200,ok
2026-09-29 10:24:50,/history,NSE:NIFTY26SEP23500PE,D,2026-06-21,2026-09-29,1,1,1,200,ok
2026-09-29 10:24:50,/history,NSE:NIFTY26SEP23550CE,5S,2026-06-21,2026-07-21,1,1,1,200,ok
2026-09-29 10:24:50,/history,NSE:NIFTY26SEP23500PE,5S,2026-07-22,2026-08-21,1,1,1,200,ok
2026-09-29 10:24:51,/history,NSE:NIFTY26SEP23550CE,5S,2026-07-22,2026-08-21,1,1,1,200,ok
2026-09-29 10:24:55,/history,NSE:NIFTY26SEP23550PE,5S,2026-06-21,2026-07-21,1,1,1,200,ok
2026-09-29 10:24:56,/history,NSE:NIFTY26SEP23550CE,5S,2026-08-22,2026-09-21,1,1,1,200,ok
2026-09-29 10:24:56,/history,NSE:NIFTY26SEP23500CE,5S,2026-08-22,2026-09-21,1,1,1,200,ok
2026-09-29 10:24:56,/history,NSE:NIFTY26SEP23500PE,5S,2026-08-22,2026-09-21,1,1,1,200,ok
2026-09-29 10:24:57,/history,NSE:NIFTY26SEP23550CE,1,2026-06-21,2026-09-29,1,1,1,200,ok
2026-09-29 10:24:58,/history,NSE:NIFTY26SEP23550CE,5S,2026-09-22,2026-09-29,1,1,1,200,ok
2026-09-29 10:24:59,/history,NSE:NIFTY26SEP23500CE,5S,2026-09-22,2026-09-29,1,1,1,200,ok
2026-09-29 10:24:59,/history,NSE:NIFTY26SEP23500PE,5S,2026-09-22,2026-09-29,1,1,1,200,ok
2026-09-29 10:25:00,/history,NSE:NIFTY26SEP23550PE,5S,2026-07-22,2026-08-21,1,1,1,200,ok
2026-09-29 10:25:02,/history,NSE:NIFTY26SEP23550PE,1,2026-06-21,2026-09-29,1,1,1,200,ok
2026-09-29 10:25:04,/history,NSE:NIFTY26SEP23550CE,5,2026-06-21,2026-09-29,1,1,1,200,ok
2026-09-29 10:25:04,/history,NSE:NIFTY26SEP23550PE,5S,2026-08-22,2026-09-21,1,1,1,200,ok
2026-09-29 10:25:05,/history,NSE:NIFTY26SEP23550PE,5,2026-06-21,2026-09-29,1,1,1,200,ok
2026-09-29 10:25:06,/history,NSE:NIFTY26SEP23550CE,60,2026-06-21,2026-09-29,1,1,1,200,ok
2026-09-29 10:25:06,/history,NSE:NIFTY26SEP23550PE,5S,2026-09-22,2026-09-29,1,1,1,200,ok
2026-09-29 10:25:07,/history,NSE:NIFTY26SEP23550PE,60,2026-06-21,2026-09-29,1,1,1,200,ok
2026-09-29 10:25:08,/history,NSE:NIFTY26SEP23550CE,D,2026-06-21,2026-09-29,1,1,1,200,ok
2026-09-29 10:25:08,/history,NSE:NIFTY26SEP23550PE,D,2026-06-21,2026-09-29,1,1,1,200,ok
2026-09-29 10:25:09,/history,NSE:NIFTY26SEP23600CE,5S,2026-06-21,2026-07-21,1,1,1,200,ok
2026-09-29 10:25:11,/history,NSE:NIFTY26SEP23600PE,5S,2026-06-21,2026-07-21,1,1,1,200,ok
2026-09-29 10:25:13,/history,NSE:NIFTY26SEP23600CE,5S,2026-07-22,2026-08-21,1,1,1,200,ok
2026-09-29 10:25:15,/history,NSE:NIFTY26SEP23600PE,5S,2026-07-22,2026-08-21,1,1,1,200,ok
2026-09-29 10:25:17,/history,NSE:NIFTY26SEP23600CE,5S,2026-08-22,2026-09-21,1,1,1,200,ok
2026-09-29 10:25:20,/history,NSE:NIFTY26SEP23600CE,5S,2026-09-22,2026-09-29,1,1,1,200,ok
2026-09-29 10:25:21,/history,NSE:NIFTY26SEP23600CE,1,2026-06-21,2026-09-29,1,1,1,200,ok
2026-09-29 10:25:21,/history,NSE:NIFTY26SEP23600PE,1,2026-06-21,2026-09-29,1,1,1,200,ok
2026-09-29 10:25:22,/history,NSE:NIFTY26SEP23600PE,5S,2026-08-22,2026-09-21,1,1,1,200,ok
2026-09-29 10:25:23,/history,NSE:NIFTY26SEP23600CE,5,2026-06-21,2026-09-29,1,1,1,200,ok
2026-09-29 10:25:23,/history,NSE:NIFTY26SEP23600PE,5,2026-06-21,2026-09-29,1,1,1,200,ok
2026-09-29 10:25:23,/history,NSE:NIFTY26SEP23600CE,60,2026-06-21,2026-09-29,1,1,1,200,ok
2026-09-29 10:25:24,/history,NSE:NIFTY26SEP23600PE,5S,2026-09-22,2026-09-29,1,1,1,200,ok
2026-09-29 10:25:24,/history,NSE:NIFTY26SEP23600CE,D,2026-06-21,2026-09-29,1,1,1,200,ok
2026-09-29 10:25:24,/history,NSE:NIFTY26SEP23600PE,60,2026-06-21,2026-09-29,1,1,1,200,ok
2026-09-29 10:25:25,/history,NSE:NIFTY26SEP23600PE,D,2026-06-21,2026-09-29,1,1,1,200,ok
2026-09-29 10:25:25,/history,NSE:NIFTY26SEP23650CE,5S,2026-06-21,2026-07-21,1,1,1,200,ok
2026-09-29 10:25:25,/history,NSE:NIFTY26SEP23650CE,1,2026-06-21,2026-09-29,1,1,1,200,ok
2026-09-29 10:25:26,/history,NSE:NIFTY26SEP23650CE,5S,2026-07-22,2026-08-21,1,1,1,200,ok
2026-09-29 10:25:27,/history,NSE:NIFTY26SEP23650PE,5S,2026-06-21,2026-07-21,1,1,1,200,ok
2026-09-29 10:25:27,/history,NSE:NIFTY26SEP23650PE,1,2026-06-21,2026-09-29,1,1,1,200,ok
2026-09-29 10:25:29,/history,NSE:NIFTY26SEP23650CE,5,2026-06-21,2026-09-29,1,1,1,200,ok
2026-09-29 10:25:30,/history,NSE:NIFTY26SEP23650CE,5S,2026-08-22,2026-09-21,1,1,1,200,ok
2026-09-29 10:25:30,/history,NSE:NIFTY26SEP23650PE,5,2026-06-21,2026-09-29,1,1,1,200,ok
2026-09-29 10:25:31,/history,NSE:NIFTY26SEP23650CE,60,2026-06-21,2026-09-29,1,1,1,200,ok
2026-09-29 10:25:31,/history,NSE:NIFTY26SEP23650PE,5S,2026-07-22,2026-08-21,1,1,1,200,ok
2026-09-29 10:25:32,/history,NSE:NIFTY26SEP23650PE,60,2026-06-21,2026-09-29,1,1,1,200,ok
2026-09-29 10:25:32,/history,NSE:NIFTY26SEP23650CE,D,2026-06-21,2026-09-29,1,1,1,200,ok
2026-09-29 10:25:32,/history,NSE:NIFTY26SEP23650PE,D,2026-06-21,2026-09-29,1,1,1,200,ok
2026-09-29 10:25:32,/history,NSE:NIFTY26SEP23650CE,5S,2026-09-22,2026-09-29,1,1,1,200,ok
2026-09-29 10:25:35,/history,NSE:NIFTY26SEP23700CE,5S,2026-06-21,2026-07-21,1,1,1,200,ok
2026-09-29 10:25:36,/history,NSE:NIFTY26SEP23700PE,5S,2026-06-21,2026-07-21,1,1,1,200,ok
2026-09-29 10:25:36,/history,NSE:NIFTY26SEP23650PE,5S,2026-08-22,2026-09-21,1,1,1,200,ok
2026-09-29 10:25:39,/history,NSE:NIFTY26SEP23650PE,5S,2026-09-22,2026-09-29,1,1,1,200,ok
2026-09-29 10:25:40,/history,NSE:NIFTY26SEP23700CE,5S,2026-07-22,2026-08-21,1,1,1,200,ok
2026-09-29 10:25:42,/history,NSE:NIFTY26SEP23700PE,5S,2026-07-22,2026-08-21,1,1,1,200,ok
2026-09-29 10:25:43,/history,NSE:NIFTY26SEP23700CE,1,2026-06-21,2026-09-29,1,1,1,200,ok
2026-09-29 10:25:43,/history,NSE:NIFTY26SEP23700PE,1,2026-06-21,2026-09-29,1,1,1,200,ok
2026-09-29 10:25:44,/history,NSE:NIFTY26SEP23700CE,5S,2026-08-22,2026-09-21,1,1,1,200,ok
2026-09-29 10:25:46,/history,NSE:NIFTY26SEP23700CE,5,2026-06-21,2026-09-29,1,1,1,200,ok
2026-09-29 10:25:47,/history,NSE:NIFTY26SEP23700PE,5,2026-06-21,2026-09-29,1,1,1,200,ok
2026-09-29 10:25:47,/history,NSE:NIFTY26SEP23700CE,60,2026-06-21,2026-09-29,1,1,1,200,ok
2026-09-29 10:25:47,/history,NSE:NIFTY26SEP23700CE,5S,2026-09-22,2026-09-29,1,1,1,200,ok
2026-09-29 10:25:48,/history,NSE:NIFTY26SEP23700PE,60,2026-06-21,2026-09-29,1,1,1,200,ok
2026-09-29 10:25:48,/history,NSE:NIFTY26SEP23700CE,D,2026-06-21,2026-09-29,1,1,1,200,ok
2026-09-29 10:25:48,/history,NSE:NIFTY26SEP23700PE,D,2026-06-21,2026-09-29,1,1,1,200,ok
2026-09-29 10:25:49,/history,NSE:NIFTY26SEP23700PE,5S,2026-08-22,2026-09-21,1,1,1,200,ok
2026-09-29 10:25:49,/history,NSE:NIFTY26SEP23750CE,5S,2026-06-21,2026-07-21,1,1,1,200,ok
2026-09-29 10:25:51,/history,NSE:NIFTY26SEP23750PE,5S,2026-06-21,2026-07-21,1,1,1,200,ok
2026-09-29 10:25:51,/history,NSE:NIFTY26SEP23700PE,5S,2026-09-22,2026-09-29,1,1,1,200,ok
2026-09-29 10:25:51,/history,NSE:NIFTY26SEP23750CE,5S,2026-07-22,2026-08-21,1,1,1,200,ok
2026-09-29 10:25:56,/history,NSE:NIFTY26SEP23750PE,5S,2026-07-22,2026-08-21,1,1,1,200,ok
2026-09-29 10:25:56,/history,NSE:NIFTY26SEP23750CE,5S,2026-08-22,2026-09-21,1,1,1,200,ok
2026-09-29 10:25:57,/history,NSE:NIFTY26SEP23750CE,1,2026-06-21,2026-09-29,1,1,1,200,ok
2026-09-29 10:25:58,/history,NSE:NIFTY26SEP23750CE,5S,2026-09-22,2026-09-29,1,1,1,200,ok
2026-09-29 10:26:01,/history,NSE:NIFTY26SEP23750PE,1,2026-06-21,2026-09-29,1,1,1,200,ok
2026-09-29 10:26:03,/history,NSE:NIFTY26SEP23750PE,5S,2026-08-22,2026-09-21,1,1,1,200,ok
2026-09-29 10:26:03,/history,NSE:NIFTY26SEP23750CE,5,2026-06-21,2026-09-29,1,1,1,200,ok
2026-09-29 10:26:03,/history,NSE:NIFTY26SEP23750PE,5,2026-06-21,2026-09-29,1,1,1,200,ok
2026-09-29 10:26:03,/history,NSE:NIFTY26SEP23750CE,60,2026-06-21,2026-09-29,1,1,1,200,ok
2026-09-29 10:26:04,/history,NSE:NIFTY26SEP23750PE,60,2026-06-21,2026-09-29,1,1,1,200,ok
2026-09-29 10:26:04,/history,NSE:NIFTY26SEP23750PE,5S,2026-09-22,2026-09-29,1,1,1,200,ok
2026-09-29 10:26:04,/history,NSE:NIFTY26SEP23750CE,D,2026-06-21,2026-09-29,1,1,1,200,ok
2026-09-29 10:26:04,/history,NSE:NIFTY26SEP23750PE,D,2026-06-21,2026-09-29,1,1,1,200,ok
2026-09-29 10:26:07,/history,NSE:NIFTY26SEP23800CE,5S,2026-06-21,2026-07-21,1,1,1,200,ok
2026-09-29 10:26:07,/history,NSE:NIFTY26SEP23800PE,5S,2026-06-21,2026-07-21,1,1,1,200,ok
2026-09-29 10:26:10,/history,NSE:NIFTY26SEP23800CE,1,2026-06-21,2026-09-29,1,1,1,200,ok
2026-09-29 10:26:10,/history,NSE:NIFTY26SEP23800PE,1,2026-06-21,2026-09-29,1,1,1,200,ok
2026-09-29 10:26:12,/history,NSE:NIFTY26SEP23800CE,5S,2026-07-22,2026-08-21,1,1,1,200,ok
2026-09-29 10:26:12,/history,NSE:NIFTY26SEP23800CE,5,2026-06-21,2026-09-29,1,1,1,200,ok
2026-09-29 10:26:13,/history,NSE:NIFTY26SEP23800PE,5,2026-06-21,2026-09-29,1,1,1,200,ok
2026-09-29 10:26:14,/history,NSE:NIFTY26SEP23800CE,60,2026-06-21,2026-09-29,1,1,1,200,ok
2026-09-29 10:26:14,/history,NSE:NIFTY26SEP23800PE,60,2026-06-21,2026-09-29,1,1,1,200,ok
2026-09-29 10:26:15,/history,NSE:NIFTY26SEP23800PE,D,2026-06-21,2026-09-29,1,1,1,200,ok
2026-09-29 10:26:15,/history,NSE:NIFTY26SEP23800CE,D,2026-06-21,2026-09-29,1,1,1,200,ok
2026-09-29 10:26:15,/history,NSE:NIFTY26SEP23800PE,5S,2026-07-22,2026-08-21,1,1,1,200,ok
2026-09-29 10:26:16,/history,NSE:NIFTY26SEP23850CE,5S,2026-06-21,2026-07-21,1,1,1,200,ok
2026-09-29 10:26:16,/history,NSE:NIFTY26SEP23800CE,5S,2026-08-22,2026-09-21,1,1,1,200,ok
2026-09-29 10:26:17,/history,NSE:NIFTY26SEP23850PE,5S,2026-06-21,2026-07-21,1,1,1,200,ok
2026-09-29 10:26:18,/history,NSE:NIFTY26SEP23850CE,5S,2026-07-22,2026-08-21,1,1,1,200,ok
2026-09-29 10:26:18,/history,NSE:NIFTY26SEP23800CE,5S,2026-09-22,2026-09-29,1,1,1,200,ok
2026-09-29 10:26:21,/history,NSE:NIFTY26SEP23800PE,5S,2026-08-22,2026-09-21,1,1,1,200,ok
2026-09-29 10:26:23,/history,NSE:NIFTY26SEP23850PE,5S,2026-07-22,2026-08-21,1,1,1,200,ok
2026-09-29 10:26:23,/history,NSE:NIFTY26SEP23800PE,5S,2026-09-22,2026-09-29,1,1,1,200,ok
2026-09-29 10:26:24,/history,NSE:NIFTY26SEP23850CE,5S,2026-08-22,2026-09-21,1,1,1,200,ok
2026-09-29 10:26:24,/history,NSE:NIFTY26SEP23850CE,1,2026-06-21,2026-09-29,1,1,1,200,ok
2026-09-29 10:26:27,/history,NSE:NIFTY26SEP23850CE,5S,2026-09-22,2026-09-29,1,1,1,200,ok
2026-09-29 10:26:28,/history,NSE:NIFTY26SEP23850PE,1,2026-06-21,2026-09-29,1,1,1,200,ok
2026-09-29 10:26:30,/history,NSE:NIFTY26SEP23850PE,5S,2026-08-22,2026-09-21,1,1,1,200,ok
2026-09-29 10:26:30,/history,NSE:NIFTY26SEP23850CE,5,2026-06-21,2026-09-29,1,1,1,200,ok
2026-09-29 10:26:31,/history,NSE:NIFTY26SEP23850PE,5S,2026-09-22,2026-09-29,1,1,1,200,ok
2026-09-29 10:26:31,/history,NSE:NIFTY26SEP23850PE,5,2026-06-21,2026-09-29,1,1,1,200,ok
2026-09-29 10:26:32,/history,NSE:NIFTY26SEP23850CE,60,2026-06-21,2026-09-29,1,1,1,200,ok
2026-09-29 10:26:33,/history,NSE:NIFTY26SEP23850PE,60,2026-06-21,2026-09-29,1,1,1,200,ok
2026-09-29 10:26:33,/history,NSE:NIFTY26SEP23850CE,D,2026-06-21,2026-09-29,1,1,1,200,ok
2026-09-29 10:26:33,/history,NSE:NIFTY26SEP23850PE,D,2026-06-21,2026-09-29,1,1,1,200,ok
2026-09-29 10:26:36,/history,NSE:NIFTY26SEP23900CE,5S,2026-06-21,2026-07-21,1,1,1,200,ok
2026-09-29 10:26:37,/history,NSE:NIFTY26SEP23900CE,1,2026-06-21,2026-09-29,1,1,1,200,ok
2026-09-29 10:26:39,/history,NSE:NIFTY26SEP23900PE,5S,2026-06-21,2026-07-21,1,1,1,200,ok
2026-09-29 10:26:42,/history,NSE:NIFTY26SEP23900PE,1,2026-06-21,2026-09-29,1,1,1,200,ok
2026-09-29 10:26:42,/history,NSE:NIFTY26SEP23900CE,5,2026-06-21,2026-09-29,1,1,1,200,ok
2026-09-29 10:26:43,/history,NSE:NIFTY26SEP23900CE,5S,2026-07-22,2026-08-21,1,1,1,200,ok
2026-09-29 10:26:43,/history,NSE:NIFTY26SEP23900PE,5S,2026-07-22,2026-08-21,1,1,1,200,ok
2026-09-29 10:26:43,/history,NSE:NIFTY26SEP23900PE,5,2026-06-21,2026-09-29,1,1,1,200,ok
2026-09-29 10:26:44,/history,NSE:NIFTY26SEP23900CE,60,2026-06-21,2026-09-29,1,1,1,200,ok
2026-09-29 10:26:44,/history,NSE:NIFTY26SEP23900PE,60,2026-06-21,2026-09-29,1,1,1,200,ok
2026-09-29 10:26:44,/history,NSE:NIFTY26SEP23900CE,D,2026-06-21,2026-09-29,1,1,1,200,ok
2026-09-29 10:26:44,/history,NSE:NIFTY26SEP23900PE,D,2026-06-21,2026-09-29,1,1,1,200,ok
2026-09-29 10:26:45,/history,NSE:NIFTY26SEP23950CE,5S,2026-06-21,2026-07-21,1,1,1,200,ok
2026-09-29 10:26:46,/history,NSE:NIFTY26SEP23950CE,1,2026-06-21,2026-09-29,1,1,1,200,ok
2026-09-29 10:26:46,/history,NSE:NIFTY26SEP23950PE,5S,2026-06-21,2026-07-21,1,1,1,200,ok
2026-09-29 10:26:48,/history,NSE:NIFTY26SEP23900CE,5S,2026-08-22,2026-09-21,1,1,1,200,ok
2026-09-29 10:26:48,/history,NSE:NIFTY26SEP23950CE,5S,2026-07-22,2026-08-21,1,1,1,200,ok
2026-09-29 10:26:49,/history,NSE:NIFTY26SEP23900PE,5S,2026-08-22,2026-09-21,1,1,1,200,ok
2026-09-29 10:26:49,/history,NSE:NIFTY26SEP23950PE,1,2026-06-21,2026-09-29,1,1,1,200,ok
2026-09-29 10:26:49,/history,NSE:NIFTY26SEP23900CE,5S,2026-09-22,2026-09-29,1,1,1,200,ok
2026-09-29 10:26:52,/history,NSE:NIFTY26SEP23900PE,5S,2026-09-22,2026-09-29,1,1,1,200,ok
2026-09-29 10:26:53,/history,NSE:NIFTY26SEP23950CE,5,2026-06-21,2026-09-29,1,1,1,200,ok
2026-09-29 10:26:54,/history,NSE:NIFTY26SEP23950PE,5S,2026-07-22,2026-08-21,1,1,1,200,ok
2026-09-29 10:26:55,/history,NSE:NIFTY26SEP23950PE,5,2026-06-21,2026-09-29,1,1,1,200,ok
2026-09-29 10:26:55,/history,NSE:NIFTY26SEP23950CE,5S,2026-08-22,2026-09-21,1,1,1,200,ok
2026-09-29 10:26:55,/history,NSE:NIFTY26SEP23950CE,60,2026-06-21,2026-09-29,1,1,1,200,ok
2026-09-29 10:26:56,/history,NSE:NIFTY26SEP23950PE,60,2026-06-21,2026-09-29,1,1,1,200,ok
2026-09-29 10:26:56,/history,NSE:NIFTY26SEP23950CE,D,2026-06-21,2026-09-29,1,1,1,200,ok
2026-09-29 10:26:57,/history,NSE:NIFTY26SEP23950PE,D,2026-06-21,2026-09-29,1,1,1,200,ok
2026-09-29 10:26:57,/history,NSE:NIFTY26SEP23950CE,5S,2026-09-22,2026-09-29,1,1,1,200,ok
2026-09-29 10:26:58,/history,NSE:NIFTY26SEP23950PE,5S,2026-08-22,2026-09-21,1,1,1,200,ok
2026-09-29 10:27:01,/history,NSE:NIFTY26SEP23950PE,5S,2026-09-22,2026-09-29,1,1,1,200,ok
2026-09-29 10:27:04,/history,NSE:NIFTY26SEP24000CE,5S,2026-06-21,2026-07-21,1,1,1,200,ok
2026-09-29 10:27:10,/history,NSE:NIFTY26SEP24000CE,5S,2026-07-22,2026-08-21,1,1,1,200,ok
2026-09-29 10:27:11,/history,NSE:NIFTY26SEP24000CE,1,2026-06-21,2026-09-29,1,1,1,200,ok
2026-09-29 10:27:13,/history,NSE:NIFTY26SEP24000PE,1,2026-06-21,2026-09-29,1,1,1,200,ok
2026-09-29 10:27:14,/history,NSE:NIFTY26SEP24000PE,5S,2026-06-21,2026-07-21,1,1,1,200,ok
2026-09-29 10:27:14,/history,NSE:NIFTY26SEP24000CE,5,2026-06-21,2026-09-29,1,1,1,200,ok
2026-09-29 10:27:15,/history,NSE:NIFTY26SEP24000CE,5S,2026-08-22,2026-09-21,1,1,1,200,ok
2026-09-29 10:27:15,/history,NSE:NIFTY26SEP24000CE,60,2026-06-21,2026-09-29,1,1,1,200,ok
2026-09-29 10:27:15,/history,NSE:NIFTY26SEP24000PE,5,2026-06-21,2026-09-29,1,1,1,200,ok
2026-09-29 10:27:15,/history,NSE:NIFTY26SEP24000PE,60,2026-06-21,2026-09-29,1,1,1,200,ok
2026-09-29 10:27:16,/history,NSE:NIFTY26SEP24000PE,D,2026-06-21,2026-09-29,1,1,1,200,ok
2026-09-29 10:27:16,/history,NSE:NIFTY26SEP24000CE,D,2026-06-21,2026-09-29,1,1,1,200,ok
2026-09-29 10:27:16,/history,NSE:NIFTY26SEP24000CE,5S,2026-09-22,2026-09-29,1,1,1,200,ok
2026-09-29 10:27:18,/history,NSE:NIFTY26SEP24050CE,5S,2026-06-21,2026-07-21,1,1,1,200,ok
2026-09-29 10:27:18,/history,NSE:NIFTY26SEP24050CE,1,2026-06-21,2026-09-29,1,1,1,200,ok
2026-09-29 10:27:19,/history,NSE:NIFTY26SEP24050PE,5S,2026-06-21,2026-07-21,1,1,1,200,ok
2026-09-29 10:27:22,/history,NSE:NIFTY26SEP24000PE,5S,2026-07-22,2026-08-21,1,1,1,200,ok
2026-09-29 10:27:22,/history,NSE:NIFTY26SEP24050PE,1,2026-06-21,2026-09-29,1,1,1,200,ok
2026-09-29 10:27:23,/history,NSE:NIFTY26SEP24050CE,5S,2026-07-22,2026-08-21,1,1,1,200,ok
2026-09-29 10:27:23,/history,NSE:NIFTY26SEP24050PE,5S,2026-07-22,2026-08-21,1,1,1,200,ok
2026-09-29 10:27:24,/history,NSE:NIFTY26SEP24050CE,5,2026-06-21,2026-09-29,1,1,1,200,ok
2026-09-29 10:27:25,/history,NSE:NIFTY26SEP24050PE,5,2026-06-21,2026-09-29,1,1,1,200,ok
2026-09-29 10:27:25,/history,NSE:NIFTY26SEP24050CE,60,2026-06-21,2026-09-29,1,1,1,200,ok
2026-09-29 10:27:26,/history,NSE:NIFTY26SEP24050PE,60,2026-06-21,2026-09-29,1,1,1,200,ok
2026-09-29 10:27:27,/history,NSE:NIFTY26SEP24000PE,5S,2026-08-22,2026-09-21,1,1,1,200,ok
2026-09-29 10:27:27,/history,NSE:NIFTY26SEP24050CE,D,2026-06-21,2026-09-29,1,1,1,200,ok
2026-09-29 10:27:27,/history,NSE:NIFTY26SEP24050PE,D,2026-06-21,2026-09-29,1,1,1,200,ok
2026-09-29 10:27:28,/history,NSE:NIFTY26SEP24050PE,5S,2026-08-22,2026-09-21,1,1,1,200,ok
2026-09-29 10:27:28,/history,NSE:NIFTY26SEP24050CE,5S,2026-08-22,2026-09-21,1,1,1,200,ok
2026-09-29 10:27:29,/history,NSE:NIFTY26SEP24000PE,5S,2026-09-22,2026-09-29,1,1,1,200,ok
2026-09-29 10:27:30,/history,NSE:NIFTY26SEP24050PE,5S,2026-09-22,2026-09-29,1,1,1,200,ok
2026-09-29 10:27:31,/history,NSE:NIFTY26SEP24050CE,5S,2026-09-22,2026-09-29,1,1,1,200,ok
2026-09-29 10:27:31,/history,NSE:NIFTY26SEP24100CE,5S,2026-06-21,2026-07-21,1,1,1,200,ok
2026-09-29 10:27:37,/history,NSE:NIFTY26SEP24100CE,5S,2026-07-22,2026-08-21,1,1,1,200,ok
2026-09-29 10:27:41,/history,NSE:NIFTY26SEP24100PE,5S,2026-06-21,2026-07-21,1,1,1,200,ok
2026-09-29 10:27:42,/history,NSE:NIFTY26SEP24100CE,5S,2026-08-22,2026-09-21,1,1,1,200,ok
2026-09-29 10:27:43,/history,NSE:NIFTY26SEP24100CE,5S,2026-09-22,2026-09-29,1,1,1,200,ok
2026-09-29 10:27:45,/history,NSE:NIFTY26SEP24100CE,1,2026-06-21,2026-09-29,1,1,1,200,ok
2026-09-29 10:27:49,/history,NSE:NIFTY26SEP24100PE,5S,2026-07-22,2026-08-21,1,1,1,200,ok
2026-09-29 10:27:49,/history,NSE:NIFTY26SEP24100CE,5,2026-06-21,2026-09-29,1,1,1,200,ok
2026-09-29 10:27:49,/history,NSE:NIFTY26SEP24100PE,1,2026-06-21,2026-09-29,1,1,1,200,ok
2026-09-29 10:27:49,/history,NSE:NIFTY26SEP24100PE,5,2026-06-21,2026-09-29,1,1,1,200,ok
2026-09-29 10:27:50,/history,NSE:NIFTY26SEP24100CE,60,2026-06-21,2026-09-29,1,1,1,200,ok
2026-09-29 10:27:50,/history,NSE:NIFTY26SEP24100CE,D,2026-06-21,2026-09-29,1,1,1,200,ok
2026-09-29 10:27:50,/history,NSE:NIFTY26SEP24100PE,60,2026-06-21,2026-09-29,1,1,1,200,ok
2026-09-29 10:27:51,/history,NSE:NIFTY26SEP24100PE,D,2026-06-21,2026-09-29,1,1,1,200,ok
2026-09-29 10:27:52,/history,NSE:NIFTY26SEP24150CE,5S,2026-06-21,2026-07-21,1,1,1,200,ok
2026-09-29 10:27:52,/history,NSE:NIFTY26SEP24150CE,1,2026-06-21,2026-09-29,1,1,1,200,ok
2026-09-29 10:27:53,/history,NSE:NIFTY26SEP24100PE,5S,2026-08-22,2026-09-21,1,1,1,200,ok
2026-09-29 10:27:53,/history,NSE:NIFTY26SEP24150PE,5S,2026-06-21,2026-07-21,1,1,1,200,ok
2026-09-29 10:27:55,/history,NSE:NIFTY26SEP24100PE,5S,2026-09-22,2026-09-29,1,1,1,200,ok
2026-09-29 10:27:55,/history,NSE:NIFTY26SEP24150PE,1,2026-06-21,2026-09-29,1,1,1,200,ok
2026-09-29 10:27:56,/history,NSE:NIFTY26SEP24150CE,5S,2026-07-22,2026-08-21,1,1,1,200,ok
2026-09-29 10:27:58,/history,NSE:NIFTY26SEP24150CE,5,2026-06-21,2026-09-29,1,1,1,200,ok
2026-09-29 10:27:58,/history,NSE:NIFTY26SEP24150PE,5S,2026-07-22,2026-08-21,1,1,1,200,ok
2026-09-29 10:27:58,/history,NSE:NIFTY26SEP24150PE,5,2026-06-21,2026-09-29,1,1,1,200,ok
2026-09-29 10:28:00,/history,NSE:NIFTY26SEP24150CE,60,2026-06-21,2026-09-29,1,1,1,200,ok
2026-09-29 10:28:01,/history,NSE:NIFTY26SEP24150PE,60,2026-06-21,2026-09-29,1,1,1,200,ok
2026-09-29 10:28:02,/history,NSE:NIFTY26SEP24150CE,D,2026-06-21,2026-09-29,1,1,1,200,ok
2026-09-29 10:28:02,/history,NSE:NIFTY26SEP24150PE,D,2026-06-21,2026-09-29,1,1,1,200,ok
2026-09-29 10:28:03,/history,NSE:NIFTY26SEP24150CE,5S,2026-08-22,2026-09-21,1,1,1,200,ok
2026-09-29 10:28:04,/history,NSE:NIFTY26SEP24150PE,5S,2026-08-22,2026-09-21,1,1,1,200,ok
2026-09-29 10:28:06,/history,NSE:NIFTY26SEP24150PE,5S,2026-09-22,2026-09-29,1,1,1,200,ok
2026-09-29 10:28:06,/history,NSE:NIFTY26SEP24150CE,5S,2026-09-22,2026-09-29,1,1,1,200,ok
2026-09-29 10:28:08,/history,NSE:NIFTY26SEP24200CE,5S,2026-06-21,2026-07-21,1,1,1,200,ok
2026-09-29 10:28:10,/history,NSE:NIFTY26SEP24200PE,5S,2026-06-21,2026-07-21,1,1,1,200,ok
2026-09-29 10:28:16,/history,NSE:NIFTY26SEP24200CE,5S,2026-07-22,2026-08-21,1,1,1,200,ok
2026-09-29 10:28:17,/history,NSE:NIFTY26SEP24200PE,5S,2026-07-22,2026-08-21,1,1,1,200,ok
2026-09-29 10:28:20,/history,NSE:NIFTY26SEP24200CE,1,2026-06-21,2026-09-29,1,1,1,200,ok
2026-09-29 10:28:21,/history,NSE:NIFTY26SEP24200CE,5S,2026-08-22,2026-09-21,1,1,1,200,ok
2026-09-29 10:28:23,/history,NSE:NIFTY26SEP24200CE,5S,2026-09-22,2026-09-29,1,1,1,200,ok
2026-09-29 10:28:24,/history,NSE:NIFTY26SEP24200PE,5S,2026-08-22,2026-09-21,1,1,1,200,ok
2026-09-29 10:28:24,/history,NSE:NIFTY26SEP24200PE,1,2026-06-21,2026-09-29,1,1,1,200,ok
2026-09-29 10:28:25,/history,NSE:NIFTY26SEP24200CE,5,2026-06-21,2026-09-29,1,1,1,200,ok
2026-09-29 10:28:26,/history,NSE:NIFTY26SEP24200PE,5S,2026-09-22,2026-09-29,1,1,1,200,ok
2026-09-29 10:28:27,/history,NSE:NIFTY26SEP24200PE,5,2026-06-21,2026-09-29,1,1,1,200,ok
2026-09-29 10:28:27,/history,NSE:NIFTY26SEP24200CE,60,2026-06-21,2026-09-29,1,1,1,200,ok
2026-09-29 10:28:27,/history,NSE:NIFTY26SEP24200PE,60,2026-06-21,2026-09-29,1,1,1,200,ok
2026-09-29 10:28:28,/history,NSE:NIFTY26SEP24200CE,D,2026-06-21,2026-09-29,1,1,1,200,ok
2026-09-29 10:28:28,/history,NSE:NIFTY26SEP24200PE,D,2026-06-21,2026-09-29,1,1,1,200,ok
2026-09-29 10:28:30,/history,NSE:NIFTY26SEP24250CE,1,2026-06-21,2026-09-29,1,1,1,200,ok
2026-09-29 10:28:31,/history,NSE:NIFTY26SEP24250PE,5S,2026-06-21,2026-07-21,1,1,1,200,ok
2026-09-29 10:28:31,/history,NSE:NIFTY26SEP24250CE,5S,2026-06-21,2026-07-21,1,1,1,200,ok
2026-09-29 10:28:32,/history,NSE:NIFTY26SEP24250PE,1,2026-06-21,2026-09-29,1,1,1,200,ok
2026-09-29 10:28:35,/history,NSE:NIFTY26SEP24250CE,5,2026-06-21,2026-09-29,1,1,1,200,ok
2026-09-29 10:28:36,/history,NSE:NIFTY26SEP24250PE,5S,2026-07-22,2026-08-21,1,1,1,200,ok
2026-09-29 10:28:36,/history,NSE:NIFTY26SEP24250CE,5S,2026-07-22,2026-08-21,1,1,1,200,ok
2026-09-29 10:28:36,/history,NSE:NIFTY26SEP24250PE,5,2026-06-21,2026-09-29,1,1,1,200,ok
2026-09-29 10:28:37,/history,NSE:NIFTY26SEP24250CE,60,2026-06-21,2026-09-29,1,1,1,200,ok
2026-09-29 10:28:37,/history,NSE:NIFTY26SEP24250PE,60,2026-06-21,2026-09-29,1,1,1,200,ok
2026-09-29 10:28:37,/history,NSE:NIFTY26SEP24250CE,D,2026-06-21,2026-09-29,1,1,1,200,ok
2026-09-29 10:28:38,/history,NSE:NIFTY26SEP24250PE,D,2026-06-21,2026-09-29,1,1,1,200,ok
2026-09-29 10:28:40,/history,NSE:NIFTY26SEP24250PE,5S,2026-08-22,2026-09-21,1,1,1,200,ok
2026-09-29 10:28:42,/history,NSE:NIFTY26SEP24250CE,5S,2026-08-22,2026-09-21,1,1,1,200,ok
2026-09-29 10:28:43,/history,NSE:NIFTY26SEP24250PE,5S,2026-09-22,2026-09-29,1,1,1,200,ok
2026-09-29 10:28:43,/history,NSE:NIFTY26SEP24300CE,5S,2026-06-21,2026-07-21,1,1,1,200,ok
2026-09-29 10:28:44,/history,NSE:NIFTY26SEP24250CE,5S,2026-09-22,2026-09-29,1,1,1,200,ok
2026-09-29 10:28:46,/history,NSE:NIFTY26SEP24300PE,5S,2026-06-21,2026-07-21,1,1,1,200,ok
2026-09-29 10:28:47,/history,NSE:NIFTY26SEP24300CE,1,2026-06-21,2026-09-29,1,1,1,200,ok
2026-09-29 10:28:48,/history,NSE:NIFTY26SEP24300CE,5S,2026-07-22,2026-08-21,1,1,1,200,ok
2026-09-29 10:28:50,/history,NSE:NIFTY26SEP24300PE,1,2026-06-21,2026-09-29,1,1,1,200,ok
2026-09-29 10:28:51,/history,NSE:NIFTY26SEP24300PE,5S,2026-07-22,2026-08-21,1,1,1,200,ok
2026-09-29 10:28:52,/history,NSE:NIFTY26SEP24300CE,5,2026-06-21,2026-09-29,1,1,1,200,ok
2026-09-29 10:28:53,/history,NSE:NIFTY26SEP24300PE,5,2026-06-21,2026-09-29,1,1,1,200,ok
2026-09-29 10:28:54,/history,NSE:NIFTY26SEP24300CE,5S,2026-08-22,2026-09-21,1,1,1,200,ok
2026-09-29 10:28:55,/history,NSE:NIFTY26SEP24300CE,60,2026-06-21,2026-09-29,1,1,1,200,ok
2026-09-29 10:28:56,/history,NSE:NIFTY26SEP24300PE,60,2026-06-21,2026-09-29,1,1,1,200,ok
2026-09-29 10:28:56,/history,NSE:NIFTY26SEP24300CE,D,2026-06-21,2026-09-29,1,1,1,200,ok
2026-09-29 10:28:56,/history,NSE:NIFTY26SEP24300CE,5S,2026-09-22,2026-09-29,1,1,1,200,ok
2026-09-29 10:28:57,/history,NSE:NIFTY26SEP24300PE,D,2026-06-21,2026-09-29,1,1,1,200,ok
2026-09-29 10:28:57,/history,NSE:NIFTY26SEP24300PE,5S,2026-08-22,2026-09-21,1,1,1,200,ok
2026-09-29 10:28:59,/history,NSE:NIFTY26SEP24350CE,5S,2026-06-21,2026-07-21,1,1,1,200,ok
2026-09-29 10:28:59,/history,NSE:NIFTY26SEP24300PE,5S,2026-09-22,2026-09-29,1,1,1,200,ok
2026-09-29 10:29:01,/history,NSE:NIFTY26SEP24350CE,1,2026-06-21,2026-09-29,1,1,1,200,ok
2026-09-29 10:29:01,/history,NSE:NIFTY26SEP24350PE,5S,2026-06-21,2026-07-21,1,1,1,200,ok
2026-09-29 10:29:03,/history,NSE:NIFTY26SEP24350CE,5S,2026-07-22,2026-08-21,1,1,1,200,ok
2026-09-29 10:29:03,/history,NSE:NIFTY26SEP24350PE,1,2026-06-21,2026-09-29,1,1,1,200,ok
2026-09-29 10:29:05,/history,NSE:NIFTY26SEP24350CE,5,2026-06-21,2026-09-29,1,1,1,200,ok
2026-09-29 10:29:06,/history,NSE:NIFTY26SEP24350PE,5S,2026-07-22,2026-08-21,1,1,1,200,ok
2026-09-29 10:29:07,/history,NSE:NIFTY26SEP24350PE,5,2026-06-21,2026-09-29,1,1,1,200,ok
2026-09-29 10:29:09,/history,NSE:NIFTY26SEP24350CE,60,2026-06-21,2026-09-29,1,1,1,200,ok
2026-09-29 10:29:09,/history,NSE:NIFTY26SEP24350PE,60,2026-06-21,2026-09-29,1,1,1,200,ok
2026-09-29 10:29:10,/history,NSE:NIFTY26SEP24350CE,D,2026-06-21,2026-09-29,1,1,1,200,ok
2026-09-29 10:29:10,/history,NSE:NIFTY26SEP24350CE,5S,2026-08-22,2026-09-21,1,1,1,200,ok
2026-09-29 10:29:10,/history,NSE:NIFTY26SEP24350PE,D,2026-06-21,2026-09-29,1,1,1,200,ok
2026-09-29 10:29:10,/history,NSE:NIFTY26SEP24350PE,5S,2026-08-22,2026-09-21,1,1,1,200,ok
2026-09-29 10:29:12,/history,NSE:NIFTY26SEP24350CE,5S,2026-09-22,2026-09-29,1,1,1,200,ok
2026-09-29 10:29:12,/history,NSE:NIFTY26SEP24350PE,5S,2026-09-22,2026-09-29,1,1,1,200,ok
2026-09-29 10:29:14,/history,NSE:NIFTY26SEP24400CE,5S,2026-06-21,2026-07-21,1,1,1,200,ok
2026-09-29 10:29:17,/history,NSE:NIFTY26SEP24400PE,5S,2026-06-21,2026-07-21,1,1,1,200,ok
2026-09-29 10:29:19,/history,NSE:NIFTY26SEP24400CE,1,2026-06-21,2026-09-29,1,1,1,200,ok
2026-09-29 10:29:21,/history,NSE:NIFTY26SEP24400CE,5S,2026-07-22,2026-08-21,1,1,1,200,ok
2026-09-29 10:29:24,/history,NSE:NIFTY26SEP24400PE,1,2026-06-21,2026-09-29,1,1,1,200,ok
2026-09-29 10:29:24,/history,NSE:NIFTY26SEP24400PE,5S,2026-07-22,2026-08-21,1,1,1,200,ok
2026-09-29 10:29:25,/history,NSE:NIFTY26SEP24400CE,5S,2026-08-22,2026-09-21,1,1,1,200,ok
2026-09-29 10:29:26,/history,NSE:NIFTY26SEP24400CE,5,2026-06-21,2026-09-29,1,1,1,200,ok
2026-09-29 10:29:26,/history,NSE:NIFTY26SEP24400CE,5S,2026-09-22,2026-09-29,1,1,1,200,ok
2026-09-29 10:29:27,/history,NSE:NIFTY26SEP24400PE,5,2026-06-21,2026-09-29,1,1,1,200,ok
2026-09-29 10:29:28,/history,NSE:NIFTY26SEP24400CE,60,2026-06-21,2026-09-29,1,1,1,200,ok
2026-09-29 10:29:28,/history,NSE:NIFTY26SEP24400PE,60,2026-06-21,2026-09-29,1,1,1,200,ok
2026-09-29 10:29:29,/history,NSE:NIFTY26SEP24400PE,D,2026-06-21,2026-09-29,1,1,1,200,ok
2026-09-29 10:29:29,/history,NSE:NIFTY26SEP24400PE,5S,2026-08-22,2026-09-21,1,1,1,200,ok
2026-09-29 10:29:29,/history,NSE:NIFTY26SEP24400CE,D,2026-06-21,2026-09-29,1,1,1,200,ok
2026-09-29 10:29:30,/history,NSE:NIFTY26SEP24400PE,5S,2026-09-22,2026-09-29,1,1,1,200,ok
2026-09-29 10:29:31,/history,NSE:NIFTY26SEP24450CE,1,2026-06-21,2026-09-29,1,1,1,200,ok
2026-09-29 10:29:32,/history,NSE:NIFTY26SEP24450CE,5S,2026-06-21,2026-07-21,1,1,1,200,ok
2026-09-29 10:29:32,/history,NSE:NIFTY26SEP24450PE,5S,2026-06-21,2026-07-21,1,1,1,200,ok
2026-09-29 10:29:36,/history,NSE:NIFTY26SEP24450PE,1,2026-06-21,2026-09-29,1,1,1,200,ok
2026-09-29 10:29:38,/history,NSE:NIFTY26SEP24450CE,5,2026-06-21,2026-09-29,1,1,1,200,ok
2026-09-29 10:29:38,/history,NSE:NIFTY26SEP24450CE,5S,2026-07-22,2026-08-21,1,1,1,200,ok
2026-09-29 10:29:38,/history,NSE:NIFTY26SEP24450PE,5S,2026-07-22,2026-08-21,1,1,1,200,ok
2026-09-29 10:29:39,/history,NSE:NIFTY26SEP24450PE,5,2026-06-21,2026-09-29,1,1,1,200,ok
2026-09-29 10:29:39,/history,NSE:NIFTY26SEP24450CE,60,2026-06-21,2026-09-29,1,1,1,200,ok
2026-09-29 10:29:40,/history,NSE:NIFTY26SEP24450PE,60,2026-06-21,2026-09-29,1,1,1,200,ok
2026-09-29 10:29:41,/history,NSE:NIFTY26SEP24450CE,D,2026-06-21,2026-09-29,1,1,1,200,ok
2026-09-29 10:29:41,/history,NSE:NIFTY26SEP24450PE,D,2026-06-21,2026-09-29,1,1,1,200,ok
2026-09-29 10:29:42,/history,NSE:NIFTY26SEP24450PE,5S,2026-08-22,2026-09-21,1,1,1,200,ok
2026-09-29 10:29:42,/history,NSE:NIFTY26SEP24450CE,5S,2026-08-22,2026-09-21,1,1,1,200,ok
2026-09-29 10:29:44,/history,NSE:NIFTY26SEP24450PE,5S,2026-09-22,2026-09-29,1,1,1,200,ok
2026-09-29 10:29:45,/history,NSE:NIFTY26SEP24450CE,5S,2026-09-22,2026-09-29,1,1,1,200,ok
2026-09-29 10:29:46,/history,NSE:NIFTY26SEP24500CE,5S,2026-06-21,2026-07-21,1,1,1,200,ok
2026-09-29 10:29:49,/history,NSE:NIFTY26SEP24500PE,5S,2026-06-21,2026-07-21,1,1,1,200,ok
2026-09-29 10:29:51,/history,NSE:NIFTY26SEP24500CE,5S,2026-07-22,2026-08-21,1,1,1,200,ok
2026-09-29 10:29:53,/history,NSE:NIFTY26SEP24500CE,1,2026-06-21,2026-09-29,1,1,1,200,ok
2026-09-29 10:29:54,/history,NSE:NIFTY26SEP24500PE,5S,2026-07-22,2026-08-21,1,1,1,200,ok
2026-09-29 10:29:55,/history,NSE:NIFTY26SEP24500CE,5S,2026-08-22,2026-09-21,1,1,1,200,ok
2026-09-29 10:29:56,/history,NSE:NIFTY26SEP24500PE,1,2026-06-21,2026-09-29,1,1,1,200,ok
2026-09-29 10:29:57,/history,NSE:NIFTY26SEP24500CE,5S,2026-09-22,2026-09-29,1,1,1,200,ok
2026-09-29 10:29:59,/history,NSE:NIFTY26SEP24500CE,5,2026-06-21,2026-09-29,1,1,1,200,ok
2026-09-29 10:29:59,/history,NSE:NIFTY26SEP24500PE,5S,2026-08-22,2026-09-21,1,1,1,200,ok
2026-09-29 10:30:00,/history,NSE:NIFTY26SEP24500PE,5,2026-06-21,2026-09-29,1,1,1,200,ok
2026-09-29 10:30:01,/history,NSE:NIFTY26SEP24500CE,60,2026-06-21,2026-09-29,1,1,1,200,ok
2026-09-29 10:30:01,/history,NSE:NIFTY26SEP24500PE,5S,2026-09-22,2026-09-29,1,1,1,200,ok
2026-09-29 10:30:01,/history,NSE:NIFTY26SEP24500PE,60,2026-06-21,2026-09-29,1,1,1,200,ok
2026-09-29 10:30:02,/history,NSE:NIFTY26SEP24500CE,D,2026-06-21,2026-09-29,1,1,1,200,ok
2026-09-29 10:30:02,/history,NSE:NIFTY26SEP24500PE,D,2026-06-21,2026-09-29,1,1,1,200,ok
2026-09-29 10:30:04,/history,NSE:NIFTY26SEP24550CE,5S,2026-06-21,2026-07-21,1,1,1,200,ok
2026-09-29 10:30:04,/history,NSE:NIFTY26SEP24550PE,5S,2026-06-21,2026-07-21,1,1,1,200,ok
2026-09-29 10:30:04,/history,NSE:NIFTY26SEP24550CE,1,2026-06-21,2026-09-29,1,1,1,200,ok
2026-09-29 10:30:07,/history,NSE:NIFTY26SEP24550PE,1,2026-06-21,2026-09-29,1,1,1,200,ok
2026-09-29 10:30:08,/history,NSE:NIFTY26SEP24550CE,5S,2026-07-22,2026-08-21,1,1,1,200,ok
2026-09-29 10:30:08,/history,NSE:NIFTY26SEP24550PE,5S,2026-07-22,2026-08-21,1,1,1,200,ok
2026-09-29 10:30:09,/history,NSE:NIFTY26SEP24550CE,5,2026-06-21,2026-09-29,1,1,1,200,ok
2026-09-29 10:30:10,/history,NSE:NIFTY26SEP24550PE,5,2026-06-21,2026-09-29,1,1,1,200,ok
2026-09-29 10:30:11,/history,NSE:NIFTY26SEP24550CE,60,2026-06-21,2026-09-29,1,1,1,200,ok
2026-09-29 10:30:11,/history,NSE:NIFTY26SEP24550PE,60,2026-06-21,2026-09-29,1,1,1,200,ok
2026-09-29 10:30:12,/history,NSE:NIFTY26SEP24550CE,D,2026-06-21,2026-09-29,1,1,1,200,ok
2026-09-29 10:30:12,/history,NSE:NIFTY26SEP24550CE,5S,2026-08-22,2026-09-21,1,1,1,200,ok
2026-09-29 10:30:12,/history,NSE:NIFTY26SEP24550PE,D,2026-06-21,2026-09-29,1,1,1,200,ok
2026-09-29 10:30:13,/history,NSE:NIFTY26SEP24550PE,5S,2026-08-22,2026-09-21,1,1,1,200,ok
2026-09-29 10:30:15,/history,NSE:NIFTY26SEP24550CE,5S,2026-09-22,2026-09-29,1,1,1,200,ok
2026-09-29 10:30:16,/history,NSE:NIFTY26SEP24550PE,5S,2026-09-22,2026-09-29,1,1,1,200,ok
2026-09-29 10:30:17,/history,NSE:NIFTY26SEP24600CE,5S,2026-06-21,2026-07-21,1,1,1,200,ok
2026-09-29 10:30:20,/history,NSE:NIFTY26SEP24600PE,5S,2026-06-21,2026-07-21,1,1,1,200,ok
2026-09-29 10:30:21,/history,NSE:NIFTY26SEP24600CE,1,2026-06-21,2026-09-29,1,1,1,200,ok
2026-09-29 10:30:22,/history,NSE:NIFTY26SEP24600CE,5S,2026-07-22,2026-08-21,1,1,1,200,ok
2026-09-29 10:30:24,/history,NSE:NIFTY26SEP24600PE,1,2026-06-21,2026-09-29,1,1,1,200,ok
2026-09-29 10:30:25,/history,NSE:NIFTY26SEP24600PE,5S,2026-07-22,2026-08-21,1,1,1,200,ok
2026-09-29 10:30:27,/history,NSE:NIFTY26SEP24600CE,5,2026-06-21,2026-09-29,1,1,1,200,ok
2026-09-29 10:30:29,/history,NSE:NIFTY26SEP24600CE,5S,2026-08-22,2026-09-21,1,1,1,200,ok
2026-09-29 10:30:29,/history,NSE:NIFTY26SEP24600PE,5,2026-06-21,2026-09-29,1,1,1,200,ok
2026-09-29 10:30:29,/history,NSE:NIFTY26SEP24600CE,60,2026-06-21,2026-09-29,1,1,1,200,ok
2026-09-29 10:30:30,/history,NSE:NIFTY26SEP24600PE,60,2026-06-21,2026-09-29,1,1,1,200,ok
2026-09-29 10:30:30,/history,NSE:NIFTY26SEP24600PE,D,2026-06-21,2026-09-29,1,1,1,200,ok
2026-09-29 10:30:30,/history,NSE:NIFTY26SEP24600CE,D,2026-06-21,2026-09-29,1,1,1,200,ok
2026-09-29 10:30:30,/history,NSE:NIFTY26SEP24600PE,5S,2026-08-22,2026-09-21,1,1,1,200,ok
2026-09-29 10:30:30,/history,NSE:NIFTY26SEP24600CE,5S,2026-09-22,2026-09-29,1,1,1,200,ok
2026-09-29 10:30:32,/history,NSE:NIFTY26SEP24650CE,1,2026-06-21,2026-09-29,1,1,1,200,ok
2026-09-29 10:30:32,/history,NSE:NIFTY26SEP24650PE,5S,2026-06-21,2026-07-21,1,1,1,200,ok
2026-09-29 10:30:32,/history,NSE:NIFTY26SEP24600PE,5S,2026-09-22,2026-09-29,1,1,1,200,ok
2026-09-29 10:30:32,/history,NSE:NIFTY26SEP24650CE,5S,2026-06-21,2026-07-21,1,1,1,200,ok
2026-09-29 10:30:34,/history,NSE:NIFTY26SEP24650PE,1,2026-06-21,2026-09-29,1,1,1,200,ok
2026-09-29 10:30:36,/history,NSE:NIFTY26SEP24650PE,5S,2026-07-22,2026-08-21,1,1,1,200,ok
2026-09-29 10:30:36,/history,NSE:NIFTY26SEP24650CE,5,2026-06-21,2026-09-29,1,1,1,200,ok
2026-09-29 10:30:37,/history,NSE:NIFTY26SEP24650PE,5,2026-06-21,2026-09-29,1,1,1,200,ok
2026-09-29 10:30:37,/history,NSE:NIFTY26SEP24650CE,5S,2026-07-22,2026-08-21,1,1,1,200,ok
2026-09-29 10:30:38,/history,NSE:NIFTY26SEP24650CE,60,2026-06-21,2026-09-29,1,1,1,200,ok
2026-09-29 10:30:38,/history,NSE:NIFTY26SEP24650PE,60,2026-06-21,2026-09-29,1,1,1,200,ok
2026-09-29 10:30:39,/history,NSE:NIFTY26SEP24650CE,D,2026-06-21,2026-09-29,1,1,1,200,ok
2026-09-29 10:30:39,/history,NSE:NIFTY26SEP24650PE,5S,2026-08-22,2026-09-21,1,1,1,200,ok
2026-09-29 10:30:39,/history,NSE:NIFTY26SEP24650PE,D,2026-06-21,2026-09-29,1,1,1,200,ok
2026-09-29 10:30:42,/history,NSE:NIFTY26SEP24650PE,5S,2026-09-22,2026-09-29,1,1,1,200,ok
2026-09-29 10:30:43,/history,NSE:NIFTY26SEP24700CE,5S,2026-06-21,2026-07-21,1,1,1,200,ok
2026-09-29 10:30:44,/history,NSE:NIFTY26SEP24650CE,5S,2026-08-22,2026-09-21,1,1,1,200,ok
2026-09-29 10:30:45,/history,NSE:NIFTY26SEP24650CE,5S,2026-09-22,2026-09-29,1,1,1,200,ok
2026-09-29 10:30:49,/history,NSE:NIFTY26SEP24700CE,5S,2026-07-22,2026-08-21,1,1,1,200,ok
2026-09-29 10:30:51,/history,NSE:NIFTY26SEP24700PE,5S,2026-06-21,2026-07-21,1,1,1,200,ok
2026-09-29 10:30:52,/history,NSE:NIFTY26SEP24700CE,1,2026-06-21,2026-09-29,1,1,1,200,ok
2026-09-29 10:30:55,/history,NSE:NIFTY26SEP24700CE,5S,2026-08-22,2026-09-21,1,1,1,200,ok
2026-09-29 10:30:56,/history,NSE:NIFTY26SEP24700PE,5S,2026-07-22,2026-08-21,1,1,1,200,ok
2026-09-29 10:30:56,/history,NSE:NIFTY26SEP24700CE,5,2026-06-21,2026-09-29,1,1,1,200,ok
2026-09-29 10:30:56,/history,NSE:NIFTY26SEP24700PE,1,2026-06-21,2026-09-29,1,1,1,200,ok
2026-09-29 10:30:57,/history,NSE:NIFTY26SEP24700CE,5S,2026-09-22,2026-09-29,1,1,1,200,ok
2026-09-29 10:30:58,/history,NSE:NIFTY26SEP24700PE,5,2026-06-21,2026-09-29,1,1,1,200,ok
2026-09-29 10:30:58,/history,NSE:NIFTY26SEP24700CE,60,2026-06-21,2026-09-29,1,1,1,200,ok
2026-09-29 10:30:58,/history,NSE:NIFTY26SEP24700PE,60,2026-06-21,2026-09-29,1,1,1,200,ok
2026-09-29 10:30:59,/history,NSE:NIFTY26SEP24700CE,D,2026-06-21,2026-09-29,1,1,1,200,ok
2026-09-29 10:30:59,/history,NSE:NIFTY26SEP24700PE,D,2026-06-21,2026-09-29,1,1,1,200,ok
2026-09-29 10:31:00,/history,NSE:NIFTY26SEP24700PE,5S,2026-08-22,2026-09-21,1,1,1,200,ok
2026-09-29 10:31:01,/history,NSE:NIFTY26SEP24750PE,5S,2026-06-21,2026-07-21,1,1,1,200,ok
2026-09-29 10:31:01,/history,NSE:NIFTY26SEP24750CE,1,2026-06-21,2026-09-29,1,1,1,200,ok
2026-09-29 10:31:02,/history,NSE:NIFTY26SEP24750CE,5S,2026-06-21,2026-07-21,1,1,1,200,ok
2026-09-29 10:31:02,/history,NSE:NIFTY26SEP24700PE,5S,2026-09-22,2026-09-29,1,1,1,200,ok
2026-09-29 10:31:04,/history,NSE:NIFTY26SEP24750PE,1,2026-06-21,2026-09-29,1,1,1,200,ok
2026-09-29 10:31:05,/history,NSE:NIFTY26SEP24750PE,5S,2026-07-22,2026-08-21,1,1,1,200,ok
2026-09-29 10:31:07,/history,NSE:NIFTY26SEP24750CE,5,2026-06-21,2026-09-29,1,1,1,200,ok
2026-09-29 10:31:08,/history,NSE:NIFTY26SEP24750PE,5,2026-06-21,2026-09-29,1,1,1,200,ok
2026-09-29 10:31:08,/history,NSE:NIFTY26SEP24750CE,5S,2026-07-22,2026-08-21,1,1,1,200,ok
2026-09-29 10:31:09,/history,NSE:NIFTY26SEP24750CE,60,2026-06-21,2026-09-29,1,1,1,200,ok
2026-09-29 10:31:09,/history,NSE:NIFTY26SEP24750PE,5S,2026-08-22,2026-09-21,1,1,1,200,ok
2026-09-29 10:31:09,/history,NSE:NIFTY26SEP24750PE,60,2026-06-21,2026-09-29,1,1,1,200,ok
2026-09-29 10:31:10,/history,NSE:NIFTY26SEP24750CE,D,2026-06-21,2026-09-29,1,1,1,200,ok
2026-09-29 10:31:10,/history,NSE:NIFTY26SEP24750PE,D,2026-06-21,2026-09-29,1,1,1,200,ok
2026-09-29 10:31:10,/history,NSE:NIFTY26SEP24750PE,5S,2026-09-22,2026-09-29,1,1,1,200,ok
2026-09-29 10:31:13,/history,NSE:NIFTY26SEP24800CE,5S,2026-06-21,2026-07-21,1,1,1,200,ok
2026-09-29 10:31:13,/history,NSE:NIFTY26SEP24750CE,5S,2026-08-22,2026-09-21,1,1,1,200,ok
2026-09-29 10:31:14,/history,NSE:NIFTY26SEP24750CE,5S,2026-09-22,2026-09-29,1,1,1,200,ok
2026-09-29 10:31:17,/history,NSE:NIFTY26SEP24800PE,5S,2026-06-21,2026-07-21,1,1,1,200,ok
2026-09-29 10:31:19,/history,NSE:NIFTY26SEP24800CE,5S,2026-07-22,2026-08-21,1,1,1,200,ok
2026-09-29 10:31:22,/history,NSE:NIFTY26SEP24800CE,1,2026-06-21,2026-09-29,1,1,1,200,ok
2026-09-29 10:31:23,/history,NSE:NIFTY26SEP24800CE,5S,2026-08-22,2026-09-21,1,1,1,200,ok
2026-09-29 10:31:23,/history,NSE:NIFTY26SEP24800PE,5S,2026-07-22,2026-08-21,1,1,1,200,ok
2026-09-29 10:31:24,/history,NSE:NIFTY26SEP24800CE,5,2026-06-21,2026-09-29,1,1,1,200,ok
2026-09-29 10:31:24,/history,NSE:NIFTY26SEP24800CE,5S,2026-09-22,2026-09-29,1,1,1,200,ok
2026-09-29 10:31:25,/history,NSE:NIFTY26SEP24800PE,1,2026-06-21,2026-09-29,1,1,1,200,ok
2026-09-29 10:31:26,/history,NSE:NIFTY26SEP24800PE,5,2026-06-21,2026-09-29,1,1,1,200,ok
2026-09-29 10:31:27,/history,NSE:NIFTY26SEP24800CE,60,2026-06-21,2026-09-29,1,1,1,200,ok
2026-09-29 10:31:27,/history,NSE:NIFTY26SEP24800PE,60,2026-06-21,2026-09-29,1,1,1,200,ok
2026-09-29 10:31:28,/history,NSE:NIFTY26SEP24800CE,D,2026-06-21,2026-09-29,1,1,1,200,ok
2026-09-29 10:31:28,/history,NSE:NIFTY26SEP24800PE,5S,2026-08-22,2026-09-21,1,1,1,200,ok
2026-09-29 10:31:28,/history,NSE:NIFTY26SEP24800PE,D,2026-06-21,2026-09-29,1,1,1,200,ok
2026-09-29 10:31:29,/history,NSE:NIFTY26SEP24800PE,5S,2026-09-22,2026-09-29,1,1,1,200,ok
2026-09-29 10:31:29,/history,NSE:NIFTY26SEP24850PE,5S,2026-06-21,2026-07-21,1,1,1,200,ok
2026-09-29 10:31:30,/history,NSE:NIFTY26SEP24850CE,5S,2026-06-21,2026-07-21,1,1,1,200,ok
2026-09-29 10:31:30,/history,NSE:NIFTY26SEP24850CE,1,2026-06-21,2026-09-29,1,1,1,200,ok
2026-09-29 10:31:33,/history,NSE:NIFTY26SEP24850PE,1,2026-06-21,2026-09-29,1,1,1,200,ok
2026-09-29 10:31:34,/history,NSE:NIFTY26SEP24850PE,5S,2026-07-22,2026-08-21,1,1,1,200,ok
2026-09-29 10:31:35,/history,NSE:NIFTY26SEP24850CE,5,2026-06-21,2026-09-29,1,1,1,200,ok
2026-09-29 10:31:36,/history,NSE:NIFTY26SEP24850PE,5S,2026-08-22,2026-09-21,1,1,1,200,ok
2026-09-29 10:31:36,/history,NSE:NIFTY26SEP24850PE,5,2026-06-21,2026-09-29,1,1,1,200,ok
2026-09-29 10:31:36,/history,NSE:NIFTY26SEP24850CE,5S,2026-07-22,2026-08-21,1,1,1,200,ok
2026-09-29 10:31:37,/history,NSE:NIFTY26SEP24850CE,60,2026-06-21,2026-09-29,1,1,1,200,ok
2026-09-29 10:31:37,/history,NSE:NIFTY26SEP24850PE,5S,2026-09-22,2026-09-29,1,1,1,200,ok
2026-09-29 10:31:37,/history,NSE:NIFTY26SEP24850PE,60,2026-06-21,2026-09-29,1,1,1,200,ok
2026-09-29 10:31:38,/history,NSE:NIFTY26SEP24850CE,D,2026-06-21,2026-09-29,1,1,1,200,ok
2026-09-29 10:31:38,/history,NSE:NIFTY26SEP24850PE,D,2026-06-21,2026-09-29,1,1,1,200,ok
2026-09-29 10:31:40,/history,NSE:NIFTY26SEP24850CE,5S,2026-08-22,2026-09-21,1,1,1,200,ok
2026-09-29 10:31:41,/history,NSE:NIFTY26SEP24900CE,5S,2026-06-21,2026-07-21,1,1,1,200,ok
2026-09-29 10:31:42,/history,NSE:NIFTY26SEP24900PE,5S,2026-06-21,2026-07-21,1,1,1,200,ok
2026-09-29 10:31:42,/history,NSE:NIFTY26SEP24850CE,5S,2026-09-22,2026-09-29,1,1,1,200,ok
2026-09-29 10:31:47,/history,NSE:NIFTY26SEP24900PE,5S,2026-07-22,2026-08-21,1,1,1,200,ok
2026-09-29 10:31:48,/history,NSE:NIFTY26SEP24900PE,1,2026-06-21,2026-09-29,1,1,1,200,ok
2026-09-29 10:31:48,/history,NSE:NIFTY26SEP24900CE,1,2026-06-21,2026-09-29,1,1,1,200,ok
2026-09-29 10:31:48,/history,NSE:NIFTY26SEP24900CE,5S,2026-07-22,2026-08-21,1,1,1,200,ok
2026-09-29 10:31:49,/history,NSE:NIFTY26SEP24900PE,5,2026-06-21,2026-09-29,1,1,1,200,ok
2026-09-29 10:31:49,/history,NSE:NIFTY26SEP24900CE,5,2026-06-21,2026-09-29,1,1,1,200,ok
2026-09-29 10:31:50,/history,NSE:NIFTY26SEP24900CE,60,2026-06-21,2026-09-29,1,1,1,200,ok
2026-09-29 10:31:50,/history,NSE:NIFTY26SEP24900PE,60,2026-06-21,2026-09-29,1,1,1,200,ok
2026-09-29 10:31:50,/history,NSE:NIFTY26SEP24900CE,D,2026-06-21,2026-09-29,1,1,1,200,ok
2026-09-29 10:31:51,/history,NSE:NIFTY26SEP24900PE,5S,2026-08-22,2026-09-21,1,1,1,200,ok
2026-09-29 10:31:51,/history,NSE:NIFTY26SEP24900PE,D,2026-06-21,2026-09-29,1,1,1,200,ok
2026-09-29 10:31:51,/history,NSE:NIFTY26SEP24950PE,5S,2026-06-21,2026-07-21,1,1,1,200,ok
2026-09-29 10:31:52,/history,NSE:NIFTY26SEP24900CE,5S,2026-08-22,2026-09-21,1,1,1,200,ok
2026-09-29 10:31:53,/history,NSE:NIFTY26SEP24900PE,5S,2026-09-22,2026-09-29,1,1,1,200,ok
2026-09-29 10:31:53,/history,NSE:NIFTY26SEP24950CE,5S,2026-06-21,2026-07-21,1,1,1,200,ok
2026-09-29 10:31:54,/history,NSE:NIFTY26SEP24900CE,5S,2026-09-22,2026-09-29,1,1,1,200,ok
2026-09-29 10:31:55,/history,NSE:NIFTY26SEP24950PE,5S,2026-07-22,2026-08-21,1,1,1,200,ok
2026-09-29 10:31:58,/history,NSE:NIFTY26SEP24950PE,5S,2026-08-22,2026-09-21,1,1,1,200,ok
2026-09-29 10:31:59,/history,NSE:NIFTY26SEP24950PE,5S,2026-09-22,2026-09-29,1,1,1,200,ok
2026-09-29 10:32:00,/history,NSE:NIFTY26SEP24950CE,5S,2026-07-22,2026-08-21,1,1,1,200,ok
2026-09-29 10:32:03,/history,NSE:NIFTY26SEP24950CE,1,2026-06-21,2026-09-29,1,1,1,200,ok
2026-09-29 10:32:04,/history,NSE:NIFTY26SEP24950CE,5S,2026-08-22,2026-09-21,1,1,1,200,ok
2026-09-29 10:32:06,/history,NSE:NIFTY26SEP24950PE,1,2026-06-21,2026-09-29,1,1,1,200,ok
2026-09-29 10:32:06,/history,NSE:NIFTY26SEP24950CE,5S,2026-09-22,2026-09-29,1,1,1,200,ok
2026-09-29 10:32:08,/history,NSE:NIFTY26SEP24950PE,5,2026-06-21,2026-09-29,1,1,1,200,ok
2026-09-29 10:32:08,/history,NSE:NIFTY26SEP24950CE,5,2026-06-21,2026-09-29,1,1,1,200,ok
2026-09-29 10:32:08,/history,NSE:NIFTY26SEP24950CE,60,2026-06-21,2026-09-29,1,1,1,200,ok
2026-09-29 10:32:08,/history,NSE:NIFTY26SEP24950PE,60,2026-06-21,2026-09-29,1,1,1,200,ok
2026-09-29 10:32:08,/history,NSE:NIFTY26SEP24950CE,D,2026-06-21,2026-09-29,1,1,1,200,ok
2026-09-29 10:32:08,/history,NSE:NIFTY26SEP24950PE,D,2026-06-21,2026-09-29,1,1,1,200,ok
2026-09-29 10:32:10,/history,NSE:NIFTY26SEP25000CE,1,2026-06-21,2026-09-29,1,1,1,200,ok
2026-09-29 10:32:11,/history,NSE:NIFTY26SEP25000CE,5S,2026-06-21,2026-07-21,1,1,1,200,ok
2026-09-29 10:32:11,/history,NSE:NIFTY26SEP25000PE,1,2026-06-21,2026-09-29,1,1,1,200,ok
2026-09-29 10:32:14,/history,NSE:NIFTY26SEP25000CE,5,2026-06-21,2026-09-29,1,1,1,200,ok
2026-09-29 10:32:15,/history,NSE:NIFTY26SEP25000CE,60,2026-06-21,2026-09-29,1,1,1,200,ok
2026-09-29 10:32:16,/history,NSE:NIFTY26SEP25000PE,5,2026-06-21,2026-09-29,1,1,1,200,ok
2026-09-29 10:32:16,/history,NSE:NIFTY26SEP25000PE,60,2026-06-21,2026-09-29,1,1,1,200,ok
2026-09-29 10:32:16,/history,NSE:NIFTY26SEP25000PE,5S,2026-06-21,2026-07-21,1,1,1,200,ok
2026-09-29 10:32:17,/history,NSE:NIFTY26SEP25000CE,D,2026-06-21,2026-09-29,1,1,1,200,ok
2026-09-29 10:32:17,/history,NSE:NIFTY26SEP25000PE,D,2026-06-21,2026-09-29,1,1,1,200,ok
2026-09-29 10:32:17,/history,NSE:NIFTY26SEP25000CE,5S,2026-07-22,2026-08-21,1,1,1,200,ok
2026-09-29 10:32:17,/history,NSE:NIFTY26SEP25050PE,5S,2026-06-21,2026-07-21,1,1,1,200,no_data
2026-09-29 10:32:17,/history,NSE:NIFTY26SEP25050CE,5S,2026-06-21,2026-07-21,1,1,1,200,ok
2026-09-29 10:32:19,/history,NSE:NIFTY26SEP25050CE,1,2026-06-21,2026-09-29,1,1,1,200,ok
2026-09-29 10:32:20,/history,NSE:NIFTY26SEP25050PE,5S,2026-07-22,2026-08-21,1,1,1,200,ok
2026-09-29 10:32:21,/history,NSE:NIFTY26SEP25000PE,5S,2026-07-22,2026-08-21,1,1,1,200,ok
2026-09-29 10:32:21,/history,NSE:NIFTY26SEP25050PE,1,2026-06-21,2026-09-29,1,1,1,200,ok
2026-09-29 10:32:22,/history,NSE:NIFTY26SEP25050PE,5S,2026-08-22,2026-09-21,1,1,1,200,ok
2026-09-29 10:32:23,/history,NSE:NIFTY26SEP25050PE,5S,2026-09-22,2026-09-29,1,1,1,200,ok
2026-09-29 10:32:23,/history,NSE:NIFTY26SEP25000CE,5S,2026-08-22,2026-09-21,1,1,1,200,ok
2026-09-29 10:32:23,/history,NSE:NIFTY26SEP25050CE,5S,2026-07-22,2026-08-21,1,1,1,200,ok
2026-09-29 10:32:23,/history,NSE:NIFTY26SEP25050CE,5,2026-06-21,2026-09-29,1,1,1,200,ok
2026-09-29 10:32:24,/history,NSE:NIFTY26SEP25050PE,5,2026-06-21,2026-09-29,1,1,1,200,ok
2026-09-29 10:32:25,/history,NSE:NIFTY26SEP25000CE,5S,2026-09-22,2026-09-29,1,1,1,200,ok
2026-09-29 10:32:24,/history,NSE:NIFTY26SEP25050CE,60,2026-06-21,2026-09-29,1,1,1,200,ok
2026-09-29 10:32:26,/history,NSE:NIFTY26SEP25050PE,60,2026-06-21,2026-09-29,1,1,1,200,ok
2026-09-29 10:32:27,/history,NSE:NIFTY26SEP25050CE,D,2026-06-21,2026-09-29,1,1,1,200,ok
2026-09-29 10:32:27,/history,NSE:NIFTY26SEP25050PE,D,2026-06-21,2026-09-29,1,1,1,200,ok
2026-09-29 10:32:29,/history,NSE:NIFTY26SEP25100CE,5S,2026-06-21,2026-07-21,1,1,1,200,ok
2026-09-29 10:32:30,/history,NSE:NIFTY26SEP25000PE,5S,2026-08-22,2026-09-21,1,1,1,200,ok
2026-09-29 10:32:30,/history,NSE:NIFTY26SEP25050CE,5S,2026-08-22,2026-09-21,1,1,1,200,ok
2026-09-29 10:32:31,/history,NSE:NIFTY26SEP25000PE,5S,2026-09-22,2026-09-29,1,1,1,200,ok
2026-09-29 10:32:33,/history,NSE:NIFTY26SEP25050CE,5S,2026-09-22,2026-09-29,1,1,1,200,ok
2026-09-29 10:32:33,/history,NSE:NIFTY26SEP25100PE,5S,2026-06-21,2026-07-21,1,1,1,200,ok
2026-09-29 10:32:35,/history,NSE:NIFTY26SEP25100CE,5S,2026-07-22,2026-08-21,1,1,1,200,ok
2026-09-29 10:32:38,/history,NSE:NIFTY26SEP25100PE,5S,2026-07-22,2026-08-21,1,1,1,200,ok
2026-09-29 10:32:41,/history,NSE:NIFTY26SEP25100CE,5S,2026-08-22,2026-09-21,1,1,1,200,ok
2026-09-29 10:32:43,/history,NSE:NIFTY26SEP25100CE,5S,2026-09-22,2026-09-29,1,1,1,200,ok
2026-09-29 10:32:43,/history,NSE:NIFTY26SEP25100PE,5S,2026-08-22,2026-09-21,1,1,1,200,ok
2026-09-29 10:32:45,/history,NSE:NIFTY26SEP25100PE,5S,2026-09-22,2026-09-29,1,1,1,200,ok
2026-09-29 10:32:49,/history,NSE:NIFTY26SEP25100CE,1,2026-06-21,2026-09-29,1,1,1,200,ok
2026-09-29 10:32:50,/history,NSE:NIFTY26SEP25100PE,1,2026-06-21,2026-09-29,1,1,1,200,ok
2026-09-29 10:32:50,/history,NSE:NIFTY26SEP25100CE,5,2026-06-21,2026-09-29,1,1,1,200,ok
2026-09-29 10:32:51,/history,NSE:NIFTY26SEP25100CE,60,2026-06-21,2026-09-29,1,1,1,200,ok
2026-09-29 10:32:51,/history,NSE:NIFTY26SEP25100PE,60,2026-06-21,2026-09-29,1,1,1,200,ok
2026-09-29 10:32:51,/history,NSE:NIFTY26SEP25100PE,5,2026-06-21,2026-09-29,1,1,1,200,ok
2026-09-29 10:32:52,/history,NSE:NIFTY26SEP25100CE,D,2026-06-21,2026-09-29,1,1,1,200,ok
2026-09-29 10:32:52,/history,NSE:NIFTY26SEP25100PE,D,2026-06-21,2026-09-29,1,1,1,200,ok
2026-09-29 10:32:52,/history,NSE:NIFTY26SEP25150CE,5S,2026-06-21,2026-07-21,1,1,1,200,ok
2026-09-29 10:32:52,/history,NSE:NIFTY26SEP25150PE,5S,2026-06-21,2026-07-21,1,1,1,200,no_data
2026-09-29 10:32:53,/history,NSE:NIFTY26SEP25150CE,5,2026-06-21,2026-09-29,1,1,1,200,ok
2026-09-29 10:32:53,/history,NSE:NIFTY26SEP25150PE,1,2026-06-21,2026-09-29,1,1,1,200,ok
2026-09-29 10:32:54,/history,NSE:NIFTY26SEP25150CE,1,2026-06-21,2026-09-29,1,1,1,200,ok
2026-09-29 10:32:55,/history,NSE:NIFTY26SEP25150PE,5,2026-06-21,2026-09-29,1,1,1,200,ok
2026-09-29 10:32:55,/history,NSE:NIFTY26SEP25150PE,5S,2026-07-22,2026-08-21,1,1,1,200,ok
2026-09-29 10:32:55,/history,NSE:NIFTY26SEP25150CE,60,2026-06-21,2026-09-29,1,1,1,200,ok
2026-09-29 10:32:56,/history,NSE:NIFTY26SEP25150PE,60,2026-06-21,2026-09-29,1,1,1,200,ok
2026-09-29 10:32:56,/history,NSE:NIFTY26SEP25150CE,D,2026-06-21,2026-09-29,1,1,1,200,ok
2026-09-29 10:32:56,/history,NSE:NIFTY26SEP25200CE,5S,2026-06-21,2026-07-21,1,1,1,200,no_data
2026-09-29 10:32:56,/history,NSE:NIFTY26SEP25150PE,D,2026-06-21,2026-09-29,1,1,1,200,ok
2026-09-29 10:32:57,/history,NSE:NIFTY26SEP25150PE,5S,2026-08-22,2026-09-21,1,1,1,200,ok
2026-09-29 10:32:57,/history,NSE:NIFTY26SEP25150CE,5S,2026-07-22,2026-08-21,1,1,1,200,ok
2026-09-29 10:32:57,/history,NSE:NIFTY26SEP25200CE,1,2026-06-21,2026-09-29,1,1,1,200,ok
2026-09-29 10:32:58,/history,NSE:NIFTY26SEP25150PE,5S,2026-09-22,2026-09-29,1,1,1,200,ok
2026-09-29 10:32:58,/history,NSE:NIFTY26SEP25200PE,5S,2026-06-21,2026-07-21,1,1,1,200,ok
2026-09-29 10:32:59,/history,NSE:NIFTY26SEP25200PE,1,2026-06-21,2026-09-29,1,1,1,200,ok
2026-09-29 10:33:01,/history,NSE:NIFTY26SEP25200CE,5S,2026-07-22,2026-08-21,1,1,1,200,ok
2026-09-29 10:33:02,/history,NSE:NIFTY26SEP25200CE,5,2026-06-21,2026-09-29,1,1,1,200,ok
2026-09-29 10:33:02,/history,NSE:NIFTY26SEP25200PE,5S,2026-07-22,2026-08-21,1,1,1,200,ok
2026-09-29 10:33:02,/history,NSE:NIFTY26SEP25150CE,5S,2026-08-22,2026-09-21,1,1,1,200,ok
2026-09-29 10:33:03,/history,NSE:NIFTY26SEP25200CE,60,2026-06-21,2026-09-29,1,1,1,200,ok
2026-09-29 10:33:03,/history,NSE:NIFTY26SEP25200PE,5,2026-06-21,2026-09-29,1,1,1,200,ok
2026-09-29 10:33:03,/history,NSE:NIFTY26SEP25200PE,60,2026-06-21,2026-09-29,1,1,1,200,ok
2026-09-29 10:33:04,/history,NSE:NIFTY26SEP25200CE,D,2026-06-21,2026-09-29,1,1,1,200,ok
2026-09-29 10:33:04,/history,NSE:NIFTY26SEP25150CE,5S,2026-09-22,2026-09-29,1,1,1,200,ok
2026-09-29 10:33:04,/history,NSE:NIFTY26SEP25200PE,D,2026-06-21,2026-09-29,1,1,1,200,ok
2026-09-29 10:33:04,/history,NSE:NIFTY26SEP25250CE,5S,2026-06-21,2026-07-21,1,1,1,200,no_data
2026-09-29 10:33:05,/history,NSE:NIFTY26SEP25250PE,5S,2026-06-21,2026-07-21,1,1,1,200,ok
2026-09-29 10:33:05,/history,NSE:NIFTY26SEP25200CE,5S,2026-08-22,2026-09-21,1,1,1,200,ok
2026-09-29 10:33:06,/history,NSE:NIFTY26SEP25250CE,5S,2026-07-22,2026-08-21,1,1,1,200,ok
2026-09-29 10:33:08,/history,NSE:NIFTY26SEP25200PE,5S,2026-08-22,2026-09-21,1,1,1,200,ok
2026-09-29 10:33:09,/history,NSE:NIFTY26SEP25250PE,5S,2026-07-22,2026-08-21,1,1,1,200,ok
2026-09-29 10:33:09,/history,NSE:NIFTY26SEP25200CE,5S,2026-09-22,2026-09-29,1,1,1,200,ok
2026-09-29 10:33:10,/history,NSE:NIFTY26SEP25200PE,5S,2026-09-22,2026-09-29,1,1,1,200,ok
2026-09-29 10:33:11,/history,NSE:NIFTY26SEP25250PE,5S,2026-08-22,2026-09-21,1,1,1,200,ok
2026-09-29 10:33:12,/history,NSE:NIFTY26SEP25250PE,5S,2026-09-22,2026-09-29,1,1,1,200,ok
2026-09-29 10:33:12,/history,NSE:NIFTY26SEP25250CE,5S,2026-08-22,2026-09-21,1,1,1,200,ok
2026-09-29 10:33:14,/history,NSE:NIFTY26SEP25250CE,5S,2026-09-22,2026-09-29,1,1,1,200,ok
2026-09-29 10:33:17,/history,NSE:NIFTY26SEP25250CE,1,2026-06-21,2026-09-29,1,1,1,200,ok
2026-09-29 10:33:19,/history,NSE:NIFTY26SEP25250PE,1,2026-06-21,2026-09-29,1,1,1,200,ok
2026-09-29 10:33:19,/history,NSE:NIFTY26SEP25250CE,5,2026-06-21,2026-09-29,1,1,1,200,ok
2026-09-29 10:33:19,/history,NSE:NIFTY26SEP25250PE,5,2026-06-21,2026-09-29,1,1,1,200,ok
2026-09-29 10:33:19,/history,NSE:NIFTY26SEP25250CE,60,2026-06-21,2026-09-29,1,1,1,200,ok
2026-09-29 10:33:19,/history,NSE:NIFTY26SEP25250CE,D,2026-06-21,2026-09-29,1,1,1,200,ok
2026-09-29 10:33:20,/history,NSE:NIFTY26SEP25250PE,60,2026-06-21,2026-09-29,1,1,1,200,ok
2026-09-29 10:33:20,/history,NSE:NIFTY26SEP25250PE,D,2026-06-21,2026-09-29,1,1,1,200,ok
2026-09-29 10:33:21,/history,NSE:NIFTY26SEP25300CE,5S,2026-06-21,2026-07-21,1,1,1,200,ok
2026-09-29 10:33:21,/history,NSE:NIFTY26SEP25300PE,1,2026-06-21,2026-09-29,1,1,1,200,ok
2026-09-29 10:33:21,/history,NSE:NIFTY26SEP25300PE,5S,2026-06-21,2026-07-21,1,1,1,200,ok
2026-09-29 10:33:22,/history,NSE:NIFTY26SEP25300CE,1,2026-06-21,2026-09-29,1,1,1,200,ok
2026-09-29 10:33:22,/history,NSE:NIFTY26SEP25300CE,5,2026-06-21,2026-09-29,1,1,1,200,ok
2026-09-29 10:33:23,/history,NSE:NIFTY26SEP25300PE,5,2026-06-21,2026-09-29,1,1,1,200,ok
2026-09-29 10:33:23,/history,NSE:NIFTY26SEP25300CE,60,2026-06-21,2026-09-29,1,1,1,200,ok
2026-09-29 10:33:23,/history,NSE:NIFTY26SEP25300PE,60,2026-06-21,2026-09-29,1,1,1,200,ok
2026-09-29 10:33:23,/history,NSE:NIFTY26SEP25300CE,D,2026-06-21,2026-09-29,1,1,1,200,ok
2026-09-29 10:33:24,/history,NSE:NIFTY26SEP25300PE,D,2026-06-21,2026-09-29,1,1,1,200,ok
2026-09-29 10:33:24,/history,NSE:NIFTY26SEP25350PE,5S,2026-06-21,2026-07-21,1,1,1,200,no_data
2026-09-29 10:33:24,/history,NSE:NIFTY26SEP25350CE,5S,2026-06-21,2026-07-21,1,1,1,200,no_data
2026-09-29 10:33:24,/history,NSE:NIFTY26SEP25300PE,5S,2026-07-22,2026-08-21,1,1,1,200,ok
2026-09-29 10:33:24,/history,NSE:NIFTY26SEP25350PE,5S,2026-07-22,2026-08-21,1,1,1,200,ok
2026-09-29 10:33:25,/history,NSE:NIFTY26SEP25350PE,5S,2026-08-22,2026-09-21,1,1,1,200,ok
2026-09-29 10:33:25,/history,NSE:NIFTY26SEP25350CE,1,2026-06-21,2026-09-29,1,1,1,200,ok
2026-09-29 10:33:25,/history,NSE:NIFTY26SEP25350PE,5S,2026-09-22,2026-09-29,1,1,1,200,ok
2026-09-29 10:33:26,/history,NSE:NIFTY26SEP25350CE,5S,2026-07-22,2026-08-21,1,1,1,200,ok
2026-09-29 10:33:26,/history,NSE:NIFTY26SEP25350PE,1,2026-06-21,2026-09-29,1,1,1,200,ok
2026-09-29 10:33:26,/history,NSE:NIFTY26SEP25350CE,5,2026-06-21,2026-09-29,1,1,1,200,ok
2026-09-29 10:33:27,/history,NSE:NIFTY26SEP25350PE,5,2026-06-21,2026-09-29,1,1,1,200,ok
2026-09-29 10:33:27,/history,NSE:NIFTY26SEP25300CE,5S,2026-07-22,2026-08-21,1,1,1,200,ok
2026-09-29 10:33:27,/history,NSE:NIFTY26SEP25350CE,60,2026-06-21,2026-09-29,1,1,1,200,ok
2026-09-29 10:33:27,/history,NSE:NIFTY26SEP25350PE,60,2026-06-21,2026-09-29,1,1,1,200,ok
2026-09-29 10:33:28,/history,NSE:NIFTY26SEP25350CE,D,2026-06-21,2026-09-29,1,1,1,200,ok
2026-09-29 10:33:27,/history,NSE:NIFTY26SEP25350PE,D,2026-06-21,2026-09-29,1,1,1,200,ok
2026-09-29 10:33:28,/history,NSE:NIFTY26SEP25300PE,5S,2026-08-22,2026-09-21,1,1,1,200,ok
2026-09-29 10:33:28,/history,NSE:NIFTY26SEP25400CE,5S,2026-06-21,2026-07-21,1,1,1,200,no_data
2026-09-29 10:33:30,/history,NSE:NIFTY26SEP25400PE,5S,2026-06-21,2026-07-21,1,1,1,200,ok
2026-09-29 10:33:31,/history,NSE:NIFTY26SEP25300PE,5S,2026-09-22,2026-09-29,1,1,1,200,ok
2026-09-29 10:33:32,/history,NSE:NIFTY26SEP25350CE,5S,2026-08-22,2026-09-21,1,1,1,200,ok
2026-09-29 10:33:35,/history,NSE:NIFTY26SEP25300CE,5S,2026-08-22,2026-09-21,1,1,1,200,ok
2026-09-29 10:33:36,/history,NSE:NIFTY26SEP25350CE,5S,2026-09-22,2026-09-29,1,1,1,200,ok
2026-09-29 10:33:37,/history,NSE:NIFTY26SEP25400CE,5S,2026-07-22,2026-08-21,1,1,1,200,ok
2026-09-29 10:33:37,/history,NSE:NIFTY26SEP25400PE,5S,2026-07-22,2026-08-21,1,1,1,200,ok
2026-09-29 10:33:37,/history,NSE:NIFTY26SEP25300CE,5S,2026-09-22,2026-09-29,1,1,1,200,ok
2026-09-29 10:33:41,/history,NSE:NIFTY26SEP25400PE,5S,2026-08-22,2026-09-21,1,1,1,200,ok
2026-09-29 10:33:42,/history,NSE:NIFTY26SEP25400CE,5S,2026-08-22,2026-09-21,1,1,1,200,ok
2026-09-29 10:33:42,/history,NSE:NIFTY26SEP25400PE,5S,2026-09-22,2026-09-29,1,1,1,200,ok
2026-09-29 10:33:44,/history,NSE:NIFTY26SEP25400CE,5S,2026-09-22,2026-09-29,1,1,1,200,ok
2026-09-29 10:33:45,/history,NSE:NIFTY26SEP25400CE,1,2026-06-21,2026-09-29,1,1,1,200,ok
2026-09-29 10:33:47,/history,NSE:NIFTY26SEP25400CE,5,2026-06-21,2026-09-29,1,1,1,200,ok
2026-09-29 10:33:47,/history,NSE:NIFTY26SEP25400PE,1,2026-06-21,2026-09-29,1,1,1,200,ok
2026-09-29 10:33:48,/history,NSE:NIFTY26SEP25400PE,5,2026-06-21,2026-09-29,1,1,1,200,ok
2026-09-29 10:33:48,/history,NSE:NIFTY26SEP25400CE,60,2026-06-21,2026-09-29,1,1,1,200,ok
2026-09-29 10:33:48,/history,NSE:NIFTY26SEP25400PE,60,2026-06-21,2026-09-29,1,1,1,200,ok
2026-09-29 10:33:48,/history,NSE:NIFTY26SEP25400CE,D,2026-06-21,2026-09-29,1,1,1,200,ok
2026-09-29 10:33:49,/history,NSE:NIFTY26SEP25400PE,D,2026-06-21,2026-09-29,1,1,1,200,ok
2026-09-29 10:33:49,/history,NSE:NIFTY26SEP25450CE,5S,2026-06-21,2026-07-21,1,1,1,200,no_data
2026-09-29 10:33:49,/history,NSE:NIFTY26SEP25450PE,5S,2026-06-21,2026-07-21,1,1,1,200,no_data
2026-09-29 10:33:50,/history,NSE:NIFTY26SEP25450PE,5S,2026-07-22,2026-08-21,1,1,1,200,ok
2026-09-29 10:33:51,/history,NSE:NIFTY26SEP25450CE,5S,2026-07-22,2026-08-21,1,1,1,200,ok
2026-09-29 10:33:51,/history,NSE:NIFTY26SEP25450PE,5S,2026-08-22,2026-09-21,1,1,1,200,ok
2026-09-29 10:33:51,/history,NSE:NIFTY26SEP25450CE,1,2026-06-21,2026-09-29,1,1,1,200,ok
2026-09-29 10:33:51,/history,NSE:NIFTY26SEP25450PE,5S,2026-09-22,2026-09-29,1,1,1,200,ok
2026-09-29 10:33:52,/history,NSE:NIFTY26SEP25450PE,1,2026-06-21,2026-09-29,1,1,1,200,ok
2026-09-29 10:33:52,/history,NSE:NIFTY26SEP25450CE,5,2026-06-21,2026-09-29,1,1,1,200,ok
2026-09-29 10:33:52,/history,NSE:NIFTY26SEP25450PE,5,2026-06-21,2026-09-29,1,1,1,200,ok
2026-09-29 10:33:52,/history,NSE:NIFTY26SEP25450PE,60,2026-06-21,2026-09-29,1,1,1,200,ok
2026-09-29 10:33:52,/history,NSE:NIFTY26SEP25450CE,60,2026-06-21,2026-09-29,1,1,1,200,ok
2026-09-29 10:33:53,/history,NSE:NIFTY26SEP25450PE,D,2026-06-21,2026-09-29,1,1,1,200,ok
2026-09-29 10:33:53,/history,NSE:NIFTY26SEP25450CE,D,2026-06-21,2026-09-29,1,1,1,200,ok
2026-09-29 10:33:53,/history,NSE:NIFTY26SEP25450CE,5S,2026-08-22,2026-09-21,1,1,1,200,ok
2026-09-29 10:33:54,/history,NSE:NIFTY26SEP25500CE,1,2026-06-21,2026-09-29,1,1,1,200,ok
2026-09-29 10:33:54,/history,NSE:NIFTY26SEP25500PE,1,2026-06-21,2026-09-29,1,1,1,200,ok
2026-09-29 10:33:55,/history,NSE:NIFTY26SEP25450CE,5S,2026-09-22,2026-09-29,1,1,1,200,ok
2026-09-29 10:33:57,/history,NSE:NIFTY26SEP25500PE,5S,2026-06-21,2026-07-21,1,1,1,200,ok
2026-09-29 10:33:58,/history,NSE:NIFTY26SEP25500CE,5,2026-06-21,2026-09-29,1,1,1,200,ok
2026-09-29 10:33:58,/history,NSE:NIFTY26SEP25500PE,5,2026-06-21,2026-09-29,1,1,1,200,ok
2026-09-29 10:33:58,/history,NSE:NIFTY26SEP25500CE,5S,2026-06-21,2026-07-21,1,1,1,200,ok
2026-09-29 10:33:58,/history,NSE:NIFTY26SEP25500CE,60,2026-06-21,2026-09-29,1,1,1,200,ok
2026-09-29 10:33:58,/history,NSE:NIFTY26SEP25500PE,60,2026-06-21,2026-09-29,1,1,1,200,ok
2026-09-29 10:33:59,/history,NSE:NIFTY26SEP25500CE,D,2026-06-21,2026-09-29,1,1,1,200,ok
2026-09-29 10:33:59,/history,NSE:NIFTY26SEP25500PE,D,2026-06-21,2026-09-29,1,1,1,200,ok
2026-09-29 10:33:59,/history,NSE:NIFTY26SEP25550CE,5S,2026-06-21,2026-07-21,1,1,1,200,no_data
2026-09-29 10:33:59,/history,NSE:NIFTY26SEP25550PE,5S,2026-06-21,2026-07-21,1,1,1,200,no_data
2026-09-29 10:34:00,/history,NSE:NIFTY26SEP25550PE,5S,2026-07-22,2026-08-21,1,1,1,200,ok
2026-09-29 10:34:00,/history,NSE:NIFTY26SEP25550CE,1,2026-06-21,2026-09-29,1,1,1,200,ok
2026-09-29 10:34:01,/history,NSE:NIFTY26SEP25550CE,5S,2026-07-22,2026-08-21,1,1,1,200,ok
2026-09-29 10:34:01,/history,NSE:NIFTY26SEP25550PE,5S,2026-08-22,2026-09-21,1,1,1,200,ok
2026-09-29 10:34:02,/history,NSE:NIFTY26SEP25550PE,1,2026-06-21,2026-09-29,1,1,1,200,ok
2026-09-29 10:34:02,/history,NSE:NIFTY26SEP25550PE,5S,2026-09-22,2026-09-29,1,1,1,200,ok
2026-09-29 10:34:03,/history,NSE:NIFTY26SEP25550CE,5,2026-06-21,2026-09-29,1,1,1,200,ok
2026-09-29 10:34:04,/history,NSE:NIFTY26SEP25500PE,5S,2026-07-22,2026-08-21,1,1,1,200,ok
2026-09-29 10:34:04,/history,NSE:NIFTY26SEP25550PE,5,2026-06-21,2026-09-29,1,1,1,200,ok
2026-09-29 10:34:05,/history,NSE:NIFTY26SEP25550CE,60,2026-06-21,2026-09-29,1,1,1,200,ok
2026-09-29 10:34:05,/history,NSE:NIFTY26SEP25500CE,5S,2026-07-22,2026-08-21,1,1,1,200,ok
2026-09-29 10:34:05,/history,NSE:NIFTY26SEP25550PE,60,2026-06-21,2026-09-29,1,1,1,200,ok
2026-09-29 10:34:05,/history,NSE:NIFTY26SEP25550CE,5S,2026-08-22,2026-09-21,1,1,1,200,ok
2026-09-29 10:34:05,/history,NSE:NIFTY26SEP25550CE,D,2026-06-21,2026-09-29,1,1,1,200,ok
2026-09-29 10:34:05,/history,NSE:NIFTY26SEP25550PE,D,2026-06-21,2026-09-29,1,1,1,200,ok
2026-09-29 10:34:06,/history,NSE:NIFTY26SEP25600CE,5S,2026-06-21,2026-07-21,1,1,1,200,no_data
2026-09-29 10:34:06,/history,NSE:NIFTY26SEP25600PE,5S,2026-06-21,2026-07-21,1,1,1,200,no_data
2026-09-29 10:34:06,/history,NSE:NIFTY26SEP25550CE,5S,2026-09-22,2026-09-29,1,1,1,200,ok
2026-09-29 10:34:07,/history,NSE:NIFTY26SEP25600PE,5S,2026-07-22,2026-08-21,1,1,1,200,ok
2026-09-29 10:34:08,/history,NSE:NIFTY26SEP25500PE,5S,2026-08-22,2026-09-21,1,1,1,200,ok
2026-09-29 10:34:09,/history,NSE:NIFTY26SEP25600CE,5S,2026-07-22,2026-08-21,1,1,1,200,ok
2026-09-29 10:34:10,/history,NSE:NIFTY26SEP25500PE,5S,2026-09-22,2026-09-29,1,1,1,200,ok
2026-09-29 10:34:11,/history,NSE:NIFTY26SEP25500CE,5S,2026-08-22,2026-09-21,1,1,1,200,ok
2026-09-29 10:34:11,/history,NSE:NIFTY26SEP25600PE,5S,2026-08-22,2026-09-21,1,1,1,200,ok
2026-09-29 10:34:13,/history,NSE:NIFTY26SEP25600PE,5S,2026-09-22,2026-09-29,1,1,1,200,ok
2026-09-29 10:34:13,/history,NSE:NIFTY26SEP25500CE,5S,2026-09-22,2026-09-29,1,1,1,200,ok
2026-09-29 10:34:15,/history,NSE:NIFTY26SEP25600CE,5S,2026-08-22,2026-09-21,1,1,1,200,ok
2026-09-29 10:34:17,/history,NSE:NIFTY26SEP25600CE,5S,2026-09-22,2026-09-29,1,1,1,200,ok
2026-09-29 10:34:19,/history,NSE:NIFTY26SEP25600CE,1,2026-06-21,2026-09-29,1,1,1,200,ok
2026-09-29 10:34:21,/history,NSE:NIFTY26SEP25600PE,1,2026-06-21,2026-09-29,1,1,1,200,ok
2026-09-29 10:34:21,/history,NSE:NIFTY26SEP25600PE,5,2026-06-21,2026-09-29,1,1,1,200,ok
2026-09-29 10:34:22,/history,NSE:NIFTY26SEP25600CE,5,2026-06-21,2026-09-29,1,1,1,200,ok
2026-09-29 10:34:22,/history,NSE:NIFTY26SEP25600CE,60,2026-06-21,2026-09-29,1,1,1,200,ok
2026-09-29 10:34:22,/history,NSE:NIFTY26SEP25600PE,60,2026-06-21,2026-09-29,1,1,1,200,ok
2026-09-29 10:34:22,/history,NSE:NIFTY26SEP25600CE,D,2026-06-21,2026-09-29,1,1,1,200,ok
2026-09-29 10:34:22,/history,NSE:NIFTY26SEP25600PE,D,2026-06-21,2026-09-29,1,1,1,200,ok
2026-09-29 10:34:23,/history,NSE:NIFTY26SEP25650CE,5S,2026-06-21,2026-07-21,1,1,1,200,no_data
2026-09-29 10:34:23,/history,NSE:NIFTY26SEP25650PE,5S,2026-06-21,2026-07-21,1,1,1,200,no_data
2026-09-29 10:34:23,/history,NSE:NIFTY26SEP25650PE,5S,2026-07-22,2026-08-21,1,1,1,200,ok
2026-09-29 10:34:23,/history,NSE:NIFTY26SEP25650PE,5S,2026-08-22,2026-09-21,1,1,1,200,no_data
2026-09-29 10:34:23,/history,NSE:NIFTY26SEP25650CE,5S,2026-07-22,2026-08-21,1,1,1,200,ok
2026-09-29 10:34:24,/history,NSE:NIFTY26SEP25650PE,5S,2026-09-22,2026-09-29,1,1,1,200,ok
2026-09-29 10:34:24,/history,NSE:NIFTY26SEP25650PE,1,2026-06-21,2026-09-29,1,1,1,200,ok
2026-09-29 10:34:24,/history,NSE:NIFTY26SEP25650CE,1,2026-06-21,2026-09-29,1,1,1,200,ok
2026-09-29 10:34:25,/history,NSE:NIFTY26SEP25650CE,5,2026-06-21,2026-09-29,1,1,1,200,ok
2026-09-29 10:34:25,/history,NSE:NIFTY26SEP25650PE,5,2026-06-21,2026-09-29,1,1,1,200,ok
2026-09-29 10:34:25,/history,NSE:NIFTY26SEP25650PE,60,2026-06-21,2026-09-29,1,1,1,200,ok
2026-09-29 10:34:26,/history,NSE:NIFTY26SEP25650CE,D,2026-06-21,2026-09-29,1,1,1,200,ok
2026-09-29 10:34:26,/history,NSE:NIFTY26SEP25650CE,60,2026-06-21,2026-09-29,1,1,1,200,ok
2026-09-29 10:34:26,/history,NSE:NIFTY26SEP25650CE,5S,2026-08-22,2026-09-21,1,1,1,200,ok
2026-09-29 10:34:26,/history,NSE:NIFTY26SEP25650PE,D,2026-06-21,2026-09-29,1,1,1,200,ok
2026-09-29 10:34:26,/history,NSE:NIFTY26SEP25700CE,5S,2026-06-21,2026-07-21,1,1,1,200,no_data
2026-09-29 10:34:26,/history,NSE:NIFTY26SEP25700PE,5S,2026-06-21,2026-07-21,1,1,1,200,no_data
2026-09-29 10:34:27,/history,NSE:NIFTY26SEP25700CE,1,2026-06-21,2026-09-29,1,1,1,200,ok
2026-09-29 10:34:28,/history,NSE:NIFTY26SEP25700PE,1,2026-06-21,2026-09-29,1,1,1,200,ok
2026-09-29 10:34:29,/history,NSE:NIFTY26SEP25650CE,5S,2026-09-22,2026-09-29,1,1,1,200,ok
2026-09-29 10:34:30,/history,NSE:NIFTY26SEP25700PE,5S,2026-07-22,2026-08-21,1,1,1,200,ok
2026-09-29 10:34:30,/history,NSE:NIFTY26SEP25700CE,5,2026-06-21,2026-09-29,1,1,1,200,ok
2026-09-29 10:34:30,/history,NSE:NIFTY26SEP25700PE,5,2026-06-21,2026-09-29,1,1,1,200,ok
2026-09-29 10:34:31,/history,NSE:NIFTY26SEP25700CE,60,2026-06-21,2026-09-29,1,1,1,200,ok
2026-09-29 10:34:31,/history,NSE:NIFTY26SEP25700PE,60,2026-06-21,2026-09-29,1,1,1,200,ok
2026-09-29 10:34:31,/history,NSE:NIFTY26SEP25700CE,5S,2026-07-22,2026-08-21,1,1,1,200,ok
2026-09-29 10:34:31,/history,NSE:NIFTY26SEP25700PE,5S,2026-08-22,2026-09-21,1,1,1,200,ok
2026-09-29 10:34:31,/history,NSE:NIFTY26SEP25700CE,D,2026-06-21,2026-09-29,1,1,1,200,ok
2026-09-29 10:34:31,/history,NSE:NIFTY26SEP25700PE,D,2026-06-21,2026-09-29,1,1,1,200,ok
2026-09-29 10:34:31,/history,NSE:NIFTY26SEP25750PE,5S,2026-06-21,2026-07-21,1,1,1,200,no_data
2026-09-29 10:34:31,/history,NSE:NIFTY26SEP25750CE,5S,2026-06-21,2026-07-21,1,1,1,200,no_data
2026-09-29 10:34:32,/history,NSE:NIFTY26SEP25750CE,5S,2026-07-22,2026-08-21,1,1,1,200,no_data
2026-09-29 10:34:32,/history,NSE:NIFTY26SEP25750PE,5S,2026-07-22,2026-08-21,1,1,1,200,ok
2026-09-29 10:34:32,/history,NSE:NIFTY26SEP25700PE,5S,2026-09-22,2026-09-29,1,1,1,200,ok
2026-09-29 10:34:32,/history,NSE:NIFTY26SEP25750PE,5S,2026-08-22,2026-09-21,1,1,1,200,ok
2026-09-29 10:34:33,/history,NSE:NIFTY26SEP25750PE,5S,2026-09-22,2026-09-29,1,1,1,200,ok
2026-09-29 10:34:33,/history,NSE:NIFTY26SEP25750CE,1,2026-06-21,2026-09-29,1,1,1,200,ok
2026-09-29 10:34:34,/history,NSE:NIFTY26SEP25750PE,1,2026-06-21,2026-09-29,1,1,1,200,ok
2026-09-29 10:34:35,/history,NSE:NIFTY26SEP25750CE,5S,2026-08-22,2026-09-21,1,1,1,200,ok
2026-09-29 10:34:35,/history,NSE:NIFTY26SEP25750CE,5,2026-06-21,2026-09-29,1,1,1,200,ok
2026-09-29 10:34:35,/history,NSE:NIFTY26SEP25750PE,5,2026-06-21,2026-09-29,1,1,1,200,ok
2026-09-29 10:34:35,/history,NSE:NIFTY26SEP25700CE,5S,2026-08-22,2026-09-21,1,1,1,200,ok
2026-09-29 10:34:35,/history,NSE:NIFTY26SEP25750PE,60,2026-06-21,2026-09-29,1,1,1,200,ok
2026-09-29 10:34:35,/history,NSE:NIFTY26SEP25750CE,60,2026-06-21,2026-09-29,1,1,1,200,ok
2026-09-29 10:34:35,/history,NSE:NIFTY26SEP25750CE,5S,2026-09-22,2026-09-29,1,1,1,200,ok
2026-09-29 10:34:36,/history,NSE:NIFTY26SEP25750CE,D,2026-06-21,2026-09-29,1,1,1,200,ok
2026-09-29 10:34:36,/history,NSE:NIFTY26SEP25750PE,D,2026-06-21,2026-09-29,1,1,1,200,ok
2026-09-29 10:34:36,/history,NSE:NIFTY26SEP25800PE,5S,2026-06-21,2026-07-21,1,1,1,200,ok
2026-09-29 10:34:36,/history,NSE:NIFTY26SEP25700CE,5S,2026-09-22,2026-09-29,1,1,1,200,ok
2026-09-29 10:34:37,/history,NSE:NIFTY26SEP25800CE,5S,2026-06-21,2026-07-21,1,1,1,200,ok
2026-09-29 10:34:37,/history,NSE:NIFTY26SEP25800PE,5S,2026-07-22,2026-08-21,1,1,1,200,ok
2026-09-29 10:34:38,/history,NSE:NIFTY26SEP25800CE,1,2026-06-21,2026-09-29,1,1,1,200,ok
2026-09-29 10:34:39,/history,NSE:NIFTY26SEP25800PE,5S,2026-08-22,2026-09-21,1,1,1,200,ok
2026-09-29 10:34:39,/history,NSE:NIFTY26SEP25800PE,1,2026-06-21,2026-09-29,1,1,1,200,ok
2026-09-29 10:34:39,/history,NSE:NIFTY26SEP25800CE,5,2026-06-21,2026-09-29,1,1,1,200,ok
2026-09-29 10:34:40,/history,NSE:NIFTY26SEP25800PE,5S,2026-09-22,2026-09-29,1,1,1,200,ok
2026-09-29 10:34:40,/history,NSE:NIFTY26SEP25800PE,5,2026-06-21,2026-09-29,1,1,1,200,ok
2026-09-29 10:34:41,/history,NSE:NIFTY26SEP25800CE,60,2026-06-21,2026-09-29,1,1,1,200,ok
2026-09-29 10:34:41,/history,NSE:NIFTY26SEP25800CE,D,2026-06-21,2026-09-29,1,1,1,200,ok
2026-09-29 10:34:41,/history,NSE:NIFTY26SEP25800PE,60,2026-06-21,2026-09-29,1,1,1,200,ok
2026-09-29 10:34:42,/history,NSE:NIFTY26SEP25800PE,D,2026-06-21,2026-09-29,1,1,1,200,ok
2026-09-29 10:34:42,/history,NSE:NIFTY26SEP25850CE,5S,2026-06-21,2026-07-21,1,1,1,200,no_data
2026-09-29 10:34:42,/history,NSE:NIFTY26SEP25850PE,5S,2026-06-21,2026-07-21,1,1,1,200,no_data
2026-09-29 10:34:42,/history,NSE:NIFTY26SEP25850CE,5S,2026-07-22,2026-08-21,1,1,1,200,ok
2026-09-29 10:34:42,/history,NSE:NIFTY26SEP25800CE,5S,2026-07-22,2026-08-21,1,1,1,200,ok
2026-09-29 10:34:43,/history,NSE:NIFTY26SEP25850PE,5S,2026-07-22,2026-08-21,1,1,1,200,no_data
2026-09-29 10:34:43,/history,NSE:NIFTY26SEP25850PE,5S,2026-08-22,2026-09-21,1,1,1,200,no_data
2026-09-29 10:34:43,/history,NSE:NIFTY26SEP25850PE,5S,2026-09-22,2026-09-29,1,1,1,200,ok
2026-09-29 10:34:44,/history,NSE:NIFTY26SEP25850CE,1,2026-06-21,2026-09-29,1,1,1,200,ok
2026-09-29 10:34:45,/history,NSE:NIFTY26SEP25850CE,5S,2026-08-22,2026-09-21,1,1,1,200,ok
2026-09-29 10:34:45,/history,NSE:NIFTY26SEP25850PE,1,2026-06-21,2026-09-29,1,1,1,200,ok
2026-09-29 10:34:46,/history,NSE:NIFTY26SEP25850CE,5,2026-06-21,2026-09-29,1,1,1,200,ok
2026-09-29 10:34:46,/history,NSE:NIFTY26SEP25850PE,5,2026-06-21,2026-09-29,1,1,1,200,ok
2026-09-29 10:34:46,/history,NSE:NIFTY26SEP25800CE,5S,2026-08-22,2026-09-21,1,1,1,200,ok
2026-09-29 10:34:46,/history,NSE:NIFTY26SEP25850CE,5S,2026-09-22,2026-09-29,1,1,1,200,ok
2026-09-29 10:34:46,/history,NSE:NIFTY26SEP25850CE,60,2026-06-21,2026-09-29,1,1,1,200,ok
2026-09-29 10:34:46,/history,NSE:NIFTY26SEP25850PE,60,2026-06-21,2026-09-29,1,1,1,200,ok
2026-09-29 10:34:46,/history,NSE:NIFTY26SEP25850CE,D,2026-06-21,2026-09-29,1,1,1,200,ok
2026-09-29 10:34:47,/history,NSE:NIFTY26SEP25850PE,D,2026-06-21,2026-09-29,1,1,1,200,ok
2026-09-29 10:34:47,/history,NSE:NIFTY26SEP25900CE,5S,2026-06-21,2026-07-21,1,1,1,200,no_data
2026-09-29 10:34:47,/history,NSE:NIFTY26SEP25900PE,5S,2026-06-21,2026-07-21,1,1,1,200,no_data
2026-09-29 10:34:47,/history,NSE:NIFTY26SEP25900CE,5S,2026-07-22,2026-08-21,1,1,1,200,no_data
2026-09-29 10:34:47,/history,NSE:NIFTY26SEP25900CE,1,2026-06-21,2026-09-29,1,1,1,200,ok
2026-09-29 10:34:47,/history,NSE:NIFTY26SEP25800CE,5S,2026-09-22,2026-09-29,1,1,1,200,ok
2026-09-29 10:34:48,/history,NSE:NIFTY26SEP25900PE,5S,2026-07-22,2026-08-21,1,1,1,200,ok
2026-09-29 10:34:48,/history,NSE:NIFTY26SEP25900PE,1,2026-06-21,2026-09-29,1,1,1,200,ok
2026-09-29 10:34:49,/history,NSE:NIFTY26SEP25900PE,5S,2026-08-22,2026-09-21,1,1,1,200,ok
2026-09-29 10:34:49,/history,NSE:NIFTY26SEP25900CE,5S,2026-08-22,2026-09-21,1,1,1,200,ok
2026-09-29 10:34:49,/history,NSE:NIFTY26SEP25900CE,5,2026-06-21,2026-09-29,1,1,1,200,ok
2026-09-29 10:34:49,/history,NSE:NIFTY26SEP25900PE,5,2026-06-21,2026-09-29,1,1,1,200,ok
2026-09-29 10:34:50,/history,NSE:NIFTY26SEP25900CE,60,2026-06-21,2026-09-29,1,1,1,200,ok
2026-09-29 10:34:50,/history,NSE:NIFTY26SEP25900PE,5S,2026-09-22,2026-09-29,1,1,1,200,ok
2026-09-29 10:34:50,/history,NSE:NIFTY26SEP25900PE,60,2026-06-21,2026-09-29,1,1,1,200,ok
2026-09-29 10:34:50,/history,NSE:NIFTY26SEP25900CE,D,2026-06-21,2026-09-29,1,1,1,200,ok
2026-09-29 10:34:50,/history,NSE:NIFTY26SEP25950CE,5S,2026-06-21,2026-07-21,1,1,1,200,no_data
2026-09-29 10:34:50,/history,NSE:NIFTY26SEP25900PE,D,2026-06-21,2026-09-29,1,1,1,200,ok
2026-09-29 10:34:50,/history,NSE:NIFTY26SEP25900CE,5S,2026-09-22,2026-09-29,1,1,1,200,ok
2026-09-29 10:34:51,/history,NSE:NIFTY26SEP25950PE,5S,2026-06-21,2026-07-21,1,1,1,200,no_data
2026-09-29 10:34:51,/history,NSE:NIFTY26SEP25950CE,5S,2026-07-22,2026-08-21,1,1,1,200,ok
2026-09-29 10:34:51,/history,NSE:NIFTY26SEP25950PE,5S,2026-07-22,2026-08-21,1,1,1,200,ok
2026-09-29 10:34:52,/history,NSE:NIFTY26SEP25950PE,5S,2026-08-22,2026-09-21,1,1,1,200,no_data
2026-09-29 10:34:52,/history,NSE:NIFTY26SEP25950PE,5S,2026-09-22,2026-09-29,1,1,1,200,no_data
2026-09-29 10:34:53,/history,NSE:NIFTY26SEP25950CE,1,2026-06-21,2026-09-29,1,1,1,200,ok
2026-09-29 10:34:53,/history,NSE:NIFTY26SEP25950PE,1,2026-06-21,2026-09-29,1,1,1,200,ok
2026-09-29 10:34:53,/history,NSE:NIFTY26SEP25950CE,5S,2026-08-22,2026-09-21,1,1,1,200,ok
2026-09-29 10:34:53,/history,NSE:NIFTY26SEP25950CE,5,2026-06-21,2026-09-29,1,1,1,200,ok
2026-09-29 10:34:53,/history,NSE:NIFTY26SEP25950PE,5,2026-06-21,2026-09-29,1,1,1,200,ok
2026-09-29 10:34:54,/history,NSE:NIFTY26SEP25950PE,60,2026-06-21,2026-09-29,1,1,1,200,ok
2026-09-29 10:34:54,/history,NSE:NIFTY26SEP25950CE,60,2026-06-21,2026-09-29,1,1,1,200,ok
2026-09-29 10:34:54,/history,NSE:NIFTY26SEP25950PE,D,2026-06-21,2026-09-29,1,1,1,200,ok
2026-09-29 10:34:54,/history,NSE:NIFTY26SEP25950CE,D,2026-06-21,2026-09-29,1,1,1,200,ok
2026-09-29 10:34:55,/history,NSE:NIFTY26SEP25950CE,5S,2026-09-22,2026-09-29,1,1,1,200,ok
2026-09-29 10:34:57,/history,NSE:NIFTY26SEP26000CE,1,2026-06-21,2026-09-29,1,1,1,200,ok
2026-09-29 10:34:59,/history,NSE:NIFTY26SEP26000PE,5S,2026-06-21,2026-07-21,1,1,1,200,ok
2026-09-29 10:34:59,/history,NSE:NIFTY26SEP26000CE,5S,2026-06-21,2026-07-21,1,1,1,200,ok
2026-09-29 10:35:00,/history,NSE:NIFTY26SEP26000CE,5,2026-06-21,2026-09-29,1,1,1,200,ok
2026-09-29 10:35:00,/history,NSE:NIFTY26SEP26000PE,1,2026-06-21,2026-09-29,1,1,1,200,ok
2026-09-29 10:35:01,/history,NSE:NIFTY26SEP26000CE,60,2026-06-21,2026-09-29,1,1,1,200,ok
2026-09-29 10:35:01,/history,NSE:NIFTY26SEP26000PE,5,2026-06-21,2026-09-29,1,1,1,200,ok
2026-09-29 10:35:02,/history,NSE:NIFTY26SEP26000CE,D,2026-06-21,2026-09-29,1,1,1,200,ok
2026-09-29 10:35:02,/history,NSE:NIFTY26SEP26000PE,60,2026-06-21,2026-09-29,1,1,1,200,ok
2026-09-29 10:35:03,/history,NSE:NIFTY26SEP26000PE,D,2026-06-21,2026-09-29,1,1,1,200,ok
2026-09-29 10:35:03,/history,NSE:NIFTY26SEP26000PE,5S,2026-07-22,2026-08-21,1,1,1,200,ok
2026-09-29 10:35:04,/history,NSE:NIFTY26SEP26000CE,5S,2026-07-22,2026-08-21,1,1,1,200,ok
2026-09-29 10:35:07,/history,NSE:NIFTY26SEP26000PE,5S,2026-08-22,2026-09-21,1,1,1,200,ok
2026-09-29 10:35:07,/history,NSE:NIFTY26SEP26000CE,5S,2026-08-22,2026-09-21,1,1,1,200,ok
2026-09-29 10:35:08,/history,NSE:NIFTY26SEP26000PE,5S,2026-09-22,2026-09-29,1,1,1,200,ok
2026-09-29 10:35:10,/history,NSE:NIFTY26SEP26000CE,5S,2026-09-22,2026-09-29,1,1,1,200,ok
