timestamp,endpoint,symbol,resolution,range_from,range_to,date_format,cont_flag,oi_flag,status_code,message
2026-10-06 13:17:50,/history,NSE:NIFTY50-INDEX,5S,2026-06-28,2026-07-28,1,1,1,200,no_data
2026-10-06 13:17:50,/history,NSE:NIFTY50-INDEX,5S,2026-07-29,2026-08-28,1,1,1,200,no_data
2026-10-06 13:17:52,/history,NSE:NIFTY50-INDEX,5S,2026-08-29,2026-09-28,1,1,1,200,ok
2026-10-06 13:17:53,/history,NSE:NIFTY50-INDEX,5S,2026-09-29,2026-10-06,1,1,1,200,ok
2026-10-06 13:17:55,/history,NSE:NIFTY50-INDEX,1,2026-06-28,2026-10-06,1,1,1,200,ok
2026-10-06 13:17:56,/history,NSE:NIFTY50-INDEX,5,2026-06-28,2026-10-06,1,1,1,200,ok
2026-10-06 13:17:56,/history,NSE:NIFTY50-INDEX,60,2026-06-28,2026-10-06,1,1,1,200,ok
2026-10-06 13:17:56,/history,NSE:NIFTY50-INDEX,D,2026-06-28,2026-10-06,1,1,1,200,ok
2026-10-06 13:17:59,/history,NSE:NIFTY26OCTFUT,5S,2026-06-28,2026-07-28,1,1,1,200,ok
2026-10-06 13:18:02,/history,NSE:NIFTY26OCTFUT,5S,2026-07-29,2026-08-28,1,1,1,200,ok
2026-10-06 13:18:04,/history,NSE:NIFTY26OCTFUT,5S,2026-08-29,2026-09-28,1,1,1,200,ok
2026-10-06 13:18:05,/history,NSE:NIFTY26OCTFUT,5S,2026-09-29,2026-10-06,1,1,1,200,ok
2026-10-06 13:18:09,/history,NSE:NIFTY26OCTFUT,1,2026-06-28,2026-10-06,1,1,1,200,ok
2026-10-06 13:18:09,/history,NSE:NIFTY26OCTFUT,5,2026-06-28,2026-10-06,1,1,1,200,ok
2026-10-06 13:18:10,/history,NSE:NIFTY26OCTFUT,60,2026-06-28,2026-10-06,1,1,1,200,ok
2026-10-06 13:18:10,/history,NSE:NIFTY26OCTFUT,D,2026-06-28,2026-10-06,1,1,1,200,ok
2026-10-06 13:18:10,/history,NSE:NIFTY50-INDEX,D,2026-07-08,2026-10-06,1,1,1,200,ok
2026-10-06 13:18:10,/history,NSE:NIFTY26O0621100CE,5S,2026-06-28,2026-07-28,1,1,1,200,no_data
2026-10-06 13:18:10,/history,NSE:NIFTY26O0621100CE,5,2026-06-28,2026-10-06,1,1,1,200,no_data
2026-10-06 13:18:10,/history,NSE:NIFTY26O0621100CE,5S,2026-07-29,2026-08-28,1,1,1,200,no_data
2026-10-06 13:18:10,/history,NSE:NIFTY26O0621100PE,5S,2026-06-28,2026-07-28,1,1,1,200,no_data
2026-10-06 13:18:10,/history,NSE:NIFTY26O0621100CE,1,2026-06-28,2026-10-06,1,1,1,200,no_data
2026-10-06 13:18:11,/history,NSE:NIFTY26O0621100PE,1,2026-06-28,2026-10-06,1,1,1,200,ok
2026-10-06 13:18:11,/history,NSE:NIFTY26O0621100PE,60,2026-06-28,2026-10-06,1,1,1,200,ok
2026-10-06 13:18:11,/history,NSE:NIFTY26O0621100PE,5S,2026-07-29,2026-08-28,1,1,1,200,no_data
2026-10-06 13:18:11,/history,NSE:NIFTY26O0621100PE,5S,2026-08-29,2026-09-28,1,1,1,200,ok
2026-10-06 13:18:11,/history,NSE:NIFTY26O0621100CE,D,2026-06-28,2026-10-06,1,1,1,200,no_data
2026-10-06 13:18:11,/history,NSE:NIFTY26O0621100CE,5S,2026-08-29,2026-09-28,1,1,1,200,no_data
2026-10-06 13:18:11,/history,NSE:NIFTY26O0621100PE,5,2026-06-28,2026-10-06,1,1,1,200,ok
2026-10-06 13:18:11,/history,NSE:NIFTY26O0621100PE,D,2026-06-28,2026-10-06,1,1,1,200,ok
2026-10-06 13:18:12,/history,NSE:NIFTY26O0621100CE,5S,2026-09-29,2026-10-06,1,1,1,200,no_data
2026-10-06 13:18:12,/history,NSE:NIFTY26O0621150CE,1,2026-06-28,2026-10-06,1,1,1,200,no_data
2026-10-06 13:18:12,/history,NSE:NIFTY26O0621150PE,1,2026-06-28,2026-10-06,1,1,1,200,ok
2026-10-06 13:18:12,/history,NSE:NIFTY26O0621150PE,5S,2026-06-28,2026-07-28,1,1,1,200,no_data
2026-10-06 13:18:12,/history,NSE:NIFTY26O0621150CE,5,2026-06-28,2026-10-06,1,1,1,200,no_data
2026-10-06 13:18:12,/history,NSE:NIFTY26O0621150CE,5S,2026-06-28,2026-07-28,1,1,1,200,no_data
2026-10-06 13:18:12,/history,NSE:NIFTY26O0621150PE,5S,2026-07-29,2026-08-28,1,1,1,200,no_data
2026-10-06 13:18:13,/history,NSE:NIFTY26O0621150CE,5S,2026-07-29,2026-08-28,1,1,1,200,no_data
2026-10-06 13:18:13,/history,NSE:NIFTY26O0621150PE,5,2026-06-28,2026-10-06,1,1,1,200,ok
2026-10-06 13:18:13,/history,NSE:NIFTY26O0621150PE,5S,2026-08-29,2026-09-28,1,1,1,200,ok
2026-10-06 13:18:13,/history,NSE:NIFTY26O0621150CE,60,2026-06-28,2026-10-06,1,1,1,200,no_data
2026-10-06 13:18:13,/history,NSE:NIFTY26O0621150PE,60,2026-06-28,2026-10-06,1,1,1,200,ok
2026-10-06 13:18:13,/history,NSE:NIFTY26O0621150CE,D,2026-06-28,2026-10-06,1,1,1,200,no_data
2026-10-06 13:18:14,/history,NSE:NIFTY26O0621100CE,60,2026-06-28,2026-10-06,1,1,1,200,no_data
2026-10-06 13:18:14,/history,NSE:NIFTY26O0621150CE,5S,2026-08-29,2026-09-28,1,1,1,200,no_data
2026-10-06 13:18:14,/history,NSE:NIFTY26O0621150PE,D,2026-06-28,2026-10-06,1,1,1,200,ok
2026-10-06 13:18:14,/history,NSE:NIFTY26O0621150CE,5S,2026-09-29,2026-10-06,1,1,1,200,no_data
2026-10-06 13:18:14,/history,NSE:NIFTY26O0621200CE,5S,2026-06-28,2026-07-28,1,1,1,200,no_data
2026-10-06 13:18:14,/history,NSE:NIFTY26O0621200PE,5S,2026-06-28,2026-07-28,1,1,1,200,no_data
2026-10-06 13:18:14,/history,NSE:NIFTY26O0621150PE,5S,2026-09-29,2026-10-06,1,1,1,200,ok
2026-10-06 13:18:14,/history,NSE:NIFTY26O0621200CE,1,2026-06-28,2026-10-06,1,1,1,200,ok
2026-10-06 13:18:15,/history,NSE:NIFTY26O0621200PE,5S,2026-07-29,2026-08-28,1,1,1,200,no_data
2026-10-06 13:18:15,/history,NSE:NIFTY26O0621200CE,5S,2026-07-29,2026-08-28,1,1,1,200,no_data
2026-10-06 13:18:15,/history,NSE:NIFTY26O0621200CE,5S,2026-08-29,2026-09-28,1,1,1,200,no_data
2026-10-06 13:18:15,/history,NSE:NIFTY26O0621200CE,5S,2026-09-29,2026-10-06,1,1,1,200,ok
2026-10-06 13:18:15,/history,NSE:NIFTY26O0621200PE,1,2026-06-28,2026-10-06,1,1,1,200,ok
2026-10-06 13:18:15,/history,NSE:NIFTY26O0621200PE,5S,2026-08-29,2026-09-28,1,1,1,200,ok
2026-10-06 13:18:15,/history,NSE:NIFTY26O0621100PE,5S,2026-09-29,2026-10-06,1,1,1,200,ok
2026-10-06 13:18:16,/history,NSE:NIFTY26O0621200CE,5,2026-06-28,2026-10-06,1,1,1,200,ok
2026-10-06 13:18:16,/history,NSE:NIFTY26O0621200PE,5,2026-06-28,2026-10-06,1,1,1,200,ok
2026-10-06 13:18:16,/history,NSE:NIFTY26O0621200CE,60,2026-06-28,2026-10-06,1,1,1,200,ok
2026-10-06 13:18:16,/history,NSE:NIFTY26O0621200PE,60,2026-06-28,2026-10-06,1,1,1,200,ok
2026-10-06 13:18:16,/history,NSE:NIFTY26O0621200CE,D,2026-06-28,2026-10-06,1,1,1,200,ok
2026-10-06 13:18:16,/history,NSE:NIFTY26O0621200PE,D,2026-06-28,2026-10-06,1,1,1,200,ok
2026-10-06 13:18:16,/history,NSE:NIFTY26O0621250CE,5S,2026-06-28,2026-07-28,1,1,1,200,no_data
2026-10-06 13:18:16,/history,NSE:NIFTY26O0621200PE,5S,2026-09-29,2026-10-06,1,1,1,200,ok
2026-10-06 13:18:16,/history,NSE:NIFTY26O0621250PE,5S,2026-06-28,2026-07-28,1,1,1,200,no_data
2026-10-06 13:18:17,/history,NSE:NIFTY26O0621250CE,1,2026-06-28,2026-10-06,1,1,1,200,no_data
2026-10-06 13:18:17,/history,NSE:NIFTY26O0621250CE,5S,2026-07-29,2026-08-28,1,1,1,200,no_data
2026-10-06 13:18:17,/history,NSE:NIFTY26O0621250PE,5S,2026-07-29,2026-08-28,1,1,1,200,no_data
2026-10-06 13:18:17,/history,NSE:NIFTY26O0621250CE,5,2026-06-28,2026-10-06,1,1,1,200,no_data
2026-10-06 13:18:17,/history,NSE:NIFTY26O0621250PE,5,2026-06-28,2026-10-06,1,1,1,200,ok
2026-10-06 13:18:17,/history,NSE:NIFTY26O0621250PE,1,2026-06-28,2026-10-06,1,1,1,200,ok
2026-10-06 13:18:17,/history,NSE:NIFTY26O0621250PE,60,2026-06-28,2026-10-06,1,1,1,200,ok
2026-10-06 13:18:17,/history,NSE:NIFTY26O0621250CE,D,2026-06-28,2026-10-06,1,1,1,200,no_data
2026-10-06 13:18:18,/history,NSE:NIFTY26O0621250PE,5S,2026-08-29,2026-09-28,1,1,1,200,ok
2026-10-06 13:18:18,/history,NSE:NIFTY26O0621300CE,5S,2026-06-28,2026-07-28,1,1,1,200,no_data
2026-10-06 13:18:18,/history,NSE:NIFTY26O0621250PE,D,2026-06-28,2026-10-06,1,1,1,200,ok
2026-10-06 13:18:18,/history,NSE:NIFTY26O0621300CE,5S,2026-07-29,2026-08-28,1,1,1,200,no_data
2026-10-06 13:18:18,/history,NSE:NIFTY26O0621250CE,60,2026-06-28,2026-10-06,1,1,1,200,no_data
2026-10-06 13:18:18,/history,NSE:NIFTY26O0621250CE,5S,2026-08-29,2026-09-28,1,1,1,200,no_data
2026-10-06 13:18:18,/history,NSE:NIFTY26O0621300CE,5S,2026-08-29,2026-09-28,1,1,1,200,no_data
2026-10-06 13:18:18,/history,NSE:NIFTY26O0621300PE,5S,2026-06-28,2026-07-28,1,1,1,200,no_data
2026-10-06 13:18:18,/history,NSE:NIFTY26O0621300CE,1,2026-06-28,2026-10-06,1,1,1,200,no_data
2026-10-06 13:18:19,/history,NSE:NIFTY26O0621300CE,5S,2026-09-29,2026-10-06,1,1,1,200,no_data
2026-10-06 13:18:19,/history,NSE:NIFTY26O0621250PE,5S,2026-09-29,2026-10-06,1,1,1,200,ok
2026-10-06 13:18:19,/history,NSE:NIFTY26O0621250CE,5S,2026-09-29,2026-10-06,1,1,1,200,no_data
2026-10-06 13:18:19,/history,NSE:NIFTY26O0621300PE,5S,2026-07-29,2026-08-28,1,1,1,200,no_data
2026-10-06 13:18:19,/history,NSE:NIFTY26O0621300CE,5,2026-06-28,2026-10-06,1,1,1,200,no_data
2026-10-06 13:18:19,/history,NSE:NIFTY26O0621300PE,5,2026-06-28,2026-10-06,1,1,1,200,ok
2026-10-06 13:18:19,/history,NSE:NIFTY26O0621300PE,1,2026-06-28,2026-10-06,1,1,1,200,ok
2026-10-06 13:18:19,/history,NSE:NIFTY26O0621300CE,60,2026-06-28,2026-10-06,1,1,1,200,no_data
2026-10-06 13:18:19,/history,NSE:NIFTY26O0621350CE,5S,2026-06-28,2026-07-28,1,1,1,200,no_data
2026-10-06 13:18:20,/history,NSE:NIFTY26O0621300CE,D,2026-06-28,2026-10-06,1,1,1,200,no_data
2026-10-06 13:18:20,/history,NSE:NIFTY26O0621300PE,5S,2026-08-29,2026-09-28,1,1,1,200,ok
2026-10-06 13:18:20,/history,NSE:NIFTY26O0621300PE,60,2026-06-28,2026-10-06,1,1,1,200,ok
2026-10-06 13:18:20,/history,NSE:NIFTY26O0621350CE,5S,2026-07-29,2026-08-28,1,1,1,200,no_data
2026-10-06 13:18:20,/history,NSE:NIFTY26O0621300PE,D,2026-06-28,2026-10-06,1,1,1,200,ok
2026-10-06 13:18:20,/history,NSE:NIFTY26O0621350PE,1,2026-06-28,2026-10-06,1,1,1,200,ok
2026-10-06 13:18:20,/history,NSE:NIFTY26O0621350CE,5S,2026-08-29,2026-09-28,1,1,1,200,no_data
2026-10-06 13:18:20,/history,NSE:NIFTY26O0621350CE,1,2026-06-28,2026-10-06,1,1,1,200,no_data
2026-10-06 13:18:21,/history,NSE:NIFTY26O0621350PE,5S,2026-06-28,2026-07-28,1,1,1,200,no_data
2026-10-06 13:18:21,/history,NSE:NIFTY26O0621350CE,5S,2026-09-29,2026-10-06,1,1,1,200,no_data
2026-10-06 13:18:21,/history,NSE:NIFTY26O0621300PE,5S,2026-09-29,2026-10-06,1,1,1,200,ok
2026-10-06 13:18:21,/history,NSE:NIFTY26O0621350PE,5,2026-06-28,2026-10-06,1,1,1,200,ok
2026-10-06 13:18:21,/history,NSE:NIFTY26O0621350PE,5S,2026-07-29,2026-08-28,1,1,1,200,no_data
2026-10-06 13:18:21,/history,NSE:NIFTY26O0621350CE,5,2026-06-28,2026-10-06,1,1,1,200,no_data
2026-10-06 13:18:21,/history,NSE:NIFTY26O0621350PE,60,2026-06-28,2026-10-06,1,1,1,200,ok
2026-10-06 13:18:21,/history,NSE:NIFTY26O0621350CE,60,2026-06-28,2026-10-06,1,1,1,200,no_data
2026-10-06 13:18:21,/history,NSE:NIFTY26O0621350PE,D,2026-06-28,2026-10-06,1,1,1,200,ok
2026-10-06 13:18:22,/history,NSE:NIFTY26O0621350CE,D,2026-06-28,2026-10-06,1,1,1,200,no_data
2026-10-06 13:18:22,/history,NSE:NIFTY26O0621400CE,5S,2026-06-28,2026-07-28,1,1,1,200,no_data
2026-10-06 13:18:22,/history,NSE:NIFTY26O0621400PE,5S,2026-06-28,2026-07-28,1,1,1,200,no_data
2026-10-06 13:18:22,/history,NSE:NIFTY26O0621400CE,5S,2026-07-29,2026-08-28,1,1,1,200,no_data
2026-10-06 13:18:22,/history,NSE:NIFTY26O0621400PE,1,2026-06-28,2026-10-06,1,1,1,200,ok
2026-10-06 13:18:22,/history,NSE:NIFTY26O0621350PE,5S,2026-08-29,2026-09-28,1,1,1,200,ok
2026-10-06 13:18:22,/history,NSE:NIFTY26O0621400CE,1,2026-06-28,2026-10-06,1,1,1,200,ok
2026-10-06 13:18:22,/history,NSE:NIFTY26O0621400CE,5,2026-06-28,2026-10-06,1,1,1,200,ok
2026-10-06 13:18:22,/history,NSE:NIFTY26O0621400PE,5,2026-06-28,2026-10-06,1,1,1,200,ok
2026-10-06 13:18:23,/history,NSE:NIFTY26O0621400PE,5S,2026-07-29,2026-08-28,1,1,1,200,no_data
2026-10-06 13:18:23,/history,NSE:NIFTY26O0621400CE,60,2026-06-28,2026-10-06,1,1,1,200,ok
2026-10-06 13:18:23,/history,NSE:NIFTY26O0621400PE,60,2026-06-28,2026-10-06,1,1,1,200,ok
2026-10-06 13:18:23,/history,NSE:NIFTY26O0621350PE,5S,2026-09-29,2026-10-06,1,1,1,200,ok
2026-10-06 13:18:23,/history,NSE:NIFTY26O0621400CE,5S,2026-08-29,2026-09-28,1,1,1,200,no_data
2026-10-06 13:18:23,/history,NSE:NIFTY26O0621400CE,D,2026-06-28,2026-10-06,1,1,1,200,ok
2026-10-06 13:18:24,/history,NSE:NIFTY26O0621400PE,D,2026-06-28,2026-10-06,1,1,1,200,ok
2026-10-06 13:18:24,/history,NSE:NIFTY26O0621450CE,5S,2026-06-28,2026-07-28,1,1,1,200,no_data
2026-10-06 13:18:24,/history,NSE:NIFTY26O0621400PE,5S,2026-08-29,2026-09-28,1,1,1,200,ok
2026-10-06 13:18:24,/history,NSE:NIFTY26O0621450PE,5S,2026-06-28,2026-07-28,1,1,1,200,no_data
2026-10-06 13:18:24,/history,NSE:NIFTY26O0621450CE,5S,2026-07-29,2026-08-28,1,1,1,200,no_data
2026-10-06 13:18:24,/history,NSE:NIFTY26O0621400CE,5S,2026-09-29,2026-10-06,1,1,1,200,ok
2026-10-06 13:18:24,/history,NSE:NIFTY26O0621450PE,5S,2026-07-29,2026-08-28,1,1,1,200,no_data
2026-10-06 13:18:24,/history,NSE:NIFTY26O0621450CE,5S,2026-08-29,2026-09-28,1,1,1,200,no_data
2026-10-06 13:18:24,/history,NSE:NIFTY26O0621400PE,5S,2026-09-29,2026-10-06,1,1,1,200,ok
2026-10-06 13:18:25,/history,NSE:NIFTY26O0621450CE,1,2026-06-28,2026-10-06,1,1,1,200,ok
2026-10-06 13:18:25,/history,NSE:NIFTY26O0621450CE,5S,2026-09-29,2026-10-06,1,1,1,200,ok
2026-10-06 13:18:25,/history,NSE:NIFTY26O0621450PE,5S,2026-08-29,2026-09-28,1,1,1,200,ok
2026-10-06 13:18:25,/history,NSE:NIFTY26O0621450PE,1,2026-06-28,2026-10-06,1,1,1,200,ok
2026-10-06 13:18:25,/history,NSE:NIFTY26O0621450CE,5,2026-06-28,2026-10-06,1,1,1,200,ok
2026-10-06 13:18:25,/history,NSE:NIFTY26O0621450PE,5,2026-06-28,2026-10-06,1,1,1,200,ok
2026-10-06 13:18:25,/history,NSE:NIFTY26O0621450CE,60,2026-06-28,2026-10-06,1,1,1,200,ok
2026-10-06 13:18:26,/history,NSE:NIFTY26O0621450CE,D,2026-06-28,2026-10-06,1,1,1,200,ok
2026-10-06 13:18:26,/history,NSE:NIFTY26O0621450PE,60,2026-06-28,2026-10-06,1,1,1,200,ok
2026-10-06 13:18:26,/history,NSE:NIFTY26O0621450PE,D,2026-06-28,2026-10-06,1,1,1,200,ok
2026-10-06 13:18:26,/history,NSE:NIFTY26O0621450PE,5S,2026-09-29,2026-10-06,1,1,1,200,ok
2026-10-06 13:18:26,/history,NSE:NIFTY26O0621500CE,5S,2026-06-28,2026-07-28,1,1,1,200,no_data
2026-10-06 13:18:26,/history,NSE:NIFTY26O0621500PE,5S,2026-06-28,2026-07-28,1,1,1,200,no_data
2026-10-06 13:18:26,/history,NSE:NIFTY26O0621500CE,5S,2026-07-29,2026-08-28,1,1,1,200,no_data
2026-10-06 13:18:26,/history,NSE:NIFTY26O0621500CE,1,2026-06-28,2026-10-06,1,1,1,200,ok
2026-10-06 13:18:26,/history,NSE:NIFTY26O0621500PE,5S,2026-07-29,2026-08-28,1,1,1,200,no_data
2026-10-06 13:18:27,/history,NSE:NIFTY26O0621500CE,5S,2026-08-29,2026-09-28,1,1,1,200,ok
2026-10-06 13:18:27,/history,NSE:NIFTY26O0621500PE,1,2026-06-28,2026-10-06,1,1,1,200,ok
2026-10-06 13:18:27,/history,NSE:NIFTY26O0621500CE,5,2026-06-28,2026-10-06,1,1,1,200,ok
2026-10-06 13:18:27,/history,NSE:NIFTY26O0621500PE,5,2026-06-28,2026-10-06,1,1,1,200,ok
2026-10-06 13:18:27,/history,NSE:NIFTY26O0621500CE,60,2026-06-28,2026-10-06,1,1,1,200,ok
2026-10-06 13:18:27,/history,NSE:NIFTY26O0621500PE,60,2026-06-28,2026-10-06,1,1,1,200,ok
2026-10-06 13:18:27,/history,NSE:NIFTY26O0621500CE,D,2026-06-28,2026-10-06,1,1,1,200,ok
2026-10-06 13:18:28,/history,NSE:NIFTY26O0621500CE,5S,2026-09-29,2026-10-06,1,1,1,200,ok
2026-10-06 13:18:28,/history,NSE:NIFTY26O0621500PE,D,2026-06-28,2026-10-06,1,1,1,200,ok
2026-10-06 13:18:28,/history,NSE:NIFTY26O0621550CE,5S,2026-06-28,2026-07-28,1,1,1,200,no_data
2026-10-06 13:18:28,/history,NSE:NIFTY26O0621550CE,5S,2026-07-29,2026-08-28,1,1,1,200,no_data
2026-10-06 13:18:28,/history,NSE:NIFTY26O0621550PE,5S,2026-06-28,2026-07-28,1,1,1,200,no_data
2026-10-06 13:18:28,/history,NSE:NIFTY26O0621550CE,1,2026-06-28,2026-10-06,1,1,1,200,ok
2026-10-06 13:18:28,/history,NSE:NIFTY26O0621550CE,5S,2026-08-29,2026-09-28,1,1,1,200,no_data
2026-10-06 13:18:29,/history,NSE:NIFTY26O0621550PE,5S,2026-07-29,2026-08-28,1,1,1,200,no_data
2026-10-06 13:18:29,/history,NSE:NIFTY26O0621550CE,5,2026-06-28,2026-10-06,1,1,1,200,ok
2026-10-06 13:18:29,/history,NSE:NIFTY26O0621550CE,5S,2026-09-29,2026-10-06,1,1,1,200,ok
2026-10-06 13:18:29,/history,NSE:NIFTY26O0621500PE,5S,2026-08-29,2026-09-28,1,1,1,200,ok
2026-10-06 13:18:29,/history,NSE:NIFTY26O0621550PE,1,2026-06-28,2026-10-06,1,1,1,200,ok
2026-10-06 13:18:29,/history,NSE:NIFTY26O0621550CE,60,2026-06-28,2026-10-06,1,1,1,200,ok
2026-10-06 13:18:29,/history,NSE:NIFTY26O0621550PE,5,2026-06-28,2026-10-06,1,1,1,200,ok
2026-10-06 13:18:29,/history,NSE:NIFTY26O0621550PE,60,2026-06-28,2026-10-06,1,1,1,200,ok
2026-10-06 13:18:30,/history,NSE:NIFTY26O0621550CE,D,2026-06-28,2026-10-06,1,1,1,200,ok
2026-10-06 13:18:30,/history,NSE:NIFTY26O0621550PE,D,2026-06-28,2026-10-06,1,1,1,200,ok
2026-10-06 13:18:30,/history,NSE:NIFTY26O0621600CE,5S,2026-06-28,2026-07-28,1,1,1,200,no_data
2026-10-06 13:18:30,/history,NSE:NIFTY26O0621550PE,5S,2026-08-29,2026-09-28,1,1,1,200,ok
2026-10-06 13:18:30,/history,NSE:NIFTY26O0621500PE,5S,2026-09-29,2026-10-06,1,1,1,200,ok
2026-10-06 13:18:30,/history,NSE:NIFTY26O0621600PE,5S,2026-06-28,2026-07-28,1,1,1,200,no_data
2026-10-06 13:18:30,/history,NSE:NIFTY26O0621600CE,5S,2026-07-29,2026-08-28,1,1,1,200,no_data
2026-10-06 13:18:30,/history,NSE:NIFTY26O0621600CE,1,2026-06-28,2026-10-06,1,1,1,200,ok
2026-10-06 13:18:30,/history,NSE:NIFTY26O0621600PE,5S,2026-07-29,2026-08-28,1,1,1,200,no_data
2026-10-06 13:18:30,/history,NSE:NIFTY26O0621600CE,5S,2026-08-29,2026-09-28,1,1,1,200,no_data
2026-10-06 13:18:31,/history,NSE:NIFTY26O0621550PE,5S,2026-09-29,2026-10-06,1,1,1,200,ok
2026-10-06 13:18:31,/history,NSE:NIFTY26O0621600PE,1,2026-06-28,2026-10-06,1,1,1,200,ok
2026-10-06 13:18:31,/history,NSE:NIFTY26O0621600CE,5S,2026-09-29,2026-10-06,1,1,1,200,ok
2026-10-06 13:18:31,/history,NSE:NIFTY26O0621600CE,5,2026-06-28,2026-10-06,1,1,1,200,ok
2026-10-06 13:18:32,/history,NSE:NIFTY26O0621600CE,60,2026-06-28,2026-10-06,1,1,1,200,ok
2026-10-06 13:18:32,/history,NSE:NIFTY26O0621600PE,5,2026-06-28,2026-10-06,1,1,1,200,ok
2026-10-06 13:18:32,/history,NSE:NIFTY26O0621600PE,5S,2026-08-29,2026-09-28,1,1,1,200,ok
2026-10-06 13:18:32,/history,NSE:NIFTY26O0621600CE,D,2026-06-28,2026-10-06,1,1,1,200,ok
2026-10-06 13:18:32,/history,NSE:NIFTY26O0621600PE,60,2026-06-28,2026-10-06,1,1,1,200,ok
2026-10-06 13:18:32,/history,NSE:NIFTY26O0621600PE,D,2026-06-28,2026-10-06,1,1,1,200,ok
2026-10-06 13:18:33,/history,NSE:NIFTY26O0621600PE,5S,2026-09-29,2026-10-06,1,1,1,200,ok
2026-10-06 13:18:50,/history,NSE:NIFTY26O0621650CE,5S,2026-06-28,2026-07-28,1,1,1,200,no_data
2026-10-06 13:18:50,/history,NSE:NIFTY26O0621650PE,5S,2026-06-28,2026-07-28,1,1,1,200,no_data
2026-10-06 13:18:51,/history,NSE:NIFTY26O0621650CE,1,2026-06-28,2026-10-06,1,1,1,200,ok
2026-10-06 13:18:53,/history,NSE:NIFTY26O0621650PE,1,2026-06-28,2026-10-06,1,1,1,200,ok
2026-10-06 13:18:55,/history,NSE:NIFTY26O0621650CE,60,2026-06-28,2026-10-06,1,1,1,200,ok
2026-10-06 13:18:56,/history,NSE:NIFTY26O0621650PE,60,2026-06-28,2026-10-06,1,1,1,200,ok
2026-10-06 13:18:56,/history,NSE:NIFTY26O0621650CE,5,2026-06-28,2026-10-06,1,1,1,200,ok
2026-10-06 13:18:56,/history,NSE:NIFTY26O0621650CE,5S,2026-07-29,2026-08-28,1,1,1,200,no_data
2026-10-06 13:18:56,/history,NSE:NIFTY26O0621650PE,5S,2026-07-29,2026-08-28,1,1,1,200,no_data
2026-10-06 13:18:59,/history,NSE:NIFTY26O0621650CE,D,2026-06-28,2026-10-06,1,1,1,200,ok
2026-10-06 13:19:02,/history,NSE:NIFTY26O0621700CE,5S,2026-06-28,2026-07-28,1,1,1,200,no_data
2026-10-06 13:19:04,/history,NSE:NIFTY26O0621700CE,5S,2026-07-29,2026-08-28,1,1,1,200,no_data
2026-10-06 13:19:09,/history,NSE:NIFTY26O0621650PE,D,2026-06-28,2026-10-06,1,1,1,200,ok
2026-10-06 13:19:10,/history,NSE:NIFTY26O0621650PE,5,2026-06-28,2026-10-06,1,1,1,200,ok
2026-10-06 13:19:10,/history,NSE:NIFTY26O0621700CE,1,2026-06-28,2026-10-06,1,1,1,200,ok
2026-10-06 13:19:10,/history,NSE:NIFTY26O0621700PE,1,2026-06-28,2026-10-06,1,1,1,200,ok
2026-10-06 13:19:10,/history,NSE:NIFTY26O0621700CE,5,2026-06-28,2026-10-06,1,1,1,200,ok
2026-10-06 13:19:11,/history,NSE:NIFTY26O0621700PE,5,2026-06-28,2026-10-06,1,1,1,200,ok
2026-10-06 13:19:11,/history,NSE:NIFTY26O0621700CE,5S,2026-08-29,2026-09-28,1,1,1,200,no_data
2026-10-06 13:19:11,/history,NSE:NIFTY26O0621650CE,5S,2026-08-29,2026-09-28,1,1,1,200,no_data
2026-10-06 13:19:11,/history,NSE:NIFTY26O0621700PE,5S,2026-06-28,2026-07-28,1,1,1,200,no_data
2026-10-06 13:19:11,/history,NSE:NIFTY26O0621700CE,60,2026-06-28,2026-10-06,1,1,1,200,ok
2026-10-06 13:19:11,/history,NSE:NIFTY26O0621700PE,5S,2026-07-29,2026-08-28,1,1,1,200,no_data
2026-10-06 13:19:11,/history,NSE:NIFTY26O0621650PE,5S,2026-08-29,2026-09-28,1,1,1,200,ok
2026-10-06 13:19:11,/history,NSE:NIFTY26O0621700CE,5S,2026-09-29,2026-10-06,1,1,1,200,ok
2026-10-06 13:19:11,/history,NSE:NIFTY26O0621700PE,60,2026-06-28,2026-10-06,1,1,1,200,ok
2026-10-06 13:19:12,/history,NSE:NIFTY26O0621700CE,D,2026-06-28,2026-10-06,1,1,1,200,ok
2026-10-06 13:19:12,/history,NSE:NIFTY26O0621700PE,D,2026-06-28,2026-10-06,1,1,1,200,ok
2026-10-06 13:19:12,/history,NSE:NIFTY26O0621750CE,5S,2026-06-28,2026-07-28,1,1,1,200,no_data
2026-10-06 13:19:12,/history,NSE:NIFTY26O0621650CE,5S,2026-09-29,2026-10-06,1,1,1,200,ok
2026-10-06 13:19:12,/history,NSE:NIFTY26O0621750PE,5S,2026-06-28,2026-07-28,1,1,1,200,no_data
2026-10-06 13:19:12,/history,NSE:NIFTY26O0621750PE,5S,2026-07-29,2026-08-28,1,1,1,200,no_data
2026-10-06 13:19:12,/history,NSE:NIFTY26O0621750CE,5S,2026-07-29,2026-08-28,1,1,1,200,no_data
2026-10-06 13:19:13,/history,NSE:NIFTY26O0621650PE,5S,2026-09-29,2026-10-06,1,1,1,200,ok
2026-10-06 13:19:13,/history,NSE:NIFTY26O0621750CE,5S,2026-08-29,2026-09-28,1,1,1,200,no_data
2026-10-06 13:19:13,/history,NSE:NIFTY26O0621700PE,5S,2026-08-29,2026-09-28,1,1,1,200,ok
2026-10-06 13:19:13,/history,NSE:NIFTY26O0621750CE,1,2026-06-28,2026-10-06,1,1,1,200,ok
2026-10-06 13:19:14,/history,NSE:NIFTY26O0621750PE,5S,2026-08-29,2026-09-28,1,1,1,200,ok
2026-10-06 13:19:14,/history,NSE:NIFTY26O0621750CE,5S,2026-09-29,2026-10-06,1,1,1,200,ok
2026-10-06 13:19:14,/history,NSE:NIFTY26O0621750PE,1,2026-06-28,2026-10-06,1,1,1,200,ok
2026-10-06 13:19:14,/history,NSE:NIFTY26O0621700PE,5S,2026-09-29,2026-10-06,1,1,1,200,ok
2026-10-06 13:19:15,/history,NSE:NIFTY26O0621750CE,5,2026-06-28,2026-10-06,1,1,1,200,ok
2026-10-06 13:19:15,/history,NSE:NIFTY26O0621750PE,5S,2026-09-29,2026-10-06,1,1,1,200,ok
2026-10-06 13:19:15,/history,NSE:NIFTY26O0621750CE,60,2026-06-28,2026-10-06,1,1,1,200,ok
2026-10-06 13:19:15,/history,NSE:NIFTY26O0621750PE,5,2026-06-28,2026-10-06,1,1,1,200,ok
2026-10-06 13:19:15,/history,NSE:NIFTY26O0621750PE,60,2026-06-28,2026-10-06,1,1,1,200,ok
2026-10-06 13:19:15,/history,NSE:NIFTY26O0621750CE,D,2026-06-28,2026-10-06,1,1,1,200,ok
2026-10-06 13:19:15,/history,NSE:NIFTY26O0621750PE,D,2026-06-28,2026-10-06,1,1,1,200,ok
2026-10-06 13:19:15,/history,NSE:NIFTY26O0621800CE,5S,2026-06-28,2026-07-28,1,1,1,200,no_data
2026-10-06 13:19:15,/history,NSE:NIFTY26O0621800PE,5S,2026-06-28,2026-07-28,1,1,1,200,no_data
2026-10-06 13:19:16,/history,NSE:NIFTY26O0621800CE,1,2026-06-28,2026-10-06,1,1,1,200,ok
2026-10-06 13:19:16,/history,NSE:NIFTY26O0621800CE,5S,2026-07-29,2026-08-28,1,1,1,200,no_data
2026-10-06 13:19:16,/history,NSE:NIFTY26O0621800PE,5S,2026-07-29,2026-08-28,1,1,1,200,no_data
2026-10-06 13:19:16,/history,NSE:NIFTY26O0621800PE,1,2026-06-28,2026-10-06,1,1,1,200,ok
2026-10-06 13:19:16,/history,NSE:NIFTY26O0621800PE,5,2026-06-28,2026-10-06,1,1,1,200,ok
2026-10-06 13:19:16,/history,NSE:NIFTY26O0621800CE,5S,2026-08-29,2026-09-28,1,1,1,200,ok
2026-10-06 13:19:16,/history,NSE:NIFTY26O0621800CE,5,2026-06-28,2026-10-06,1,1,1,200,ok
2026-10-06 13:19:16,/history,NSE:NIFTY26O0621800CE,60,2026-06-28,2026-10-06,1,1,1,200,ok
2026-10-06 13:19:17,/history,NSE:NIFTY26O0621800CE,D,2026-06-28,2026-10-06,1,1,1,200,ok
2026-10-06 13:19:17,/history,NSE:NIFTY26O0621800PE,D,2026-06-28,2026-10-06,1,1,1,200,ok
2026-10-06 13:19:17,/history,NSE:NIFTY26O0621850CE,5S,2026-06-28,2026-07-28,1,1,1,200,no_data
2026-10-06 13:19:17,/history,NSE:NIFTY26O0621800PE,60,2026-06-28,2026-10-06,1,1,1,200,ok
2026-10-06 13:19:17,/history,NSE:NIFTY26O0621850CE,5S,2026-07-29,2026-08-28,1,1,1,200,no_data
2026-10-06 13:19:17,/history,NSE:NIFTY26O0621850PE,5S,2026-06-28,2026-07-28,1,1,1,200,no_data
2026-10-06 13:19:18,/history,NSE:NIFTY26O0621850CE,5S,2026-08-29,2026-09-28,1,1,1,200,no_data
2026-10-06 13:19:18,/history,NSE:NIFTY26O0621850CE,1,2026-06-28,2026-10-06,1,1,1,200,ok
2026-10-06 13:19:18,/history,NSE:NIFTY26O0621800CE,5S,2026-09-29,2026-10-06,1,1,1,200,ok
2026-10-06 13:19:18,/history,NSE:NIFTY26O0621850PE,5S,2026-07-29,2026-08-28,1,1,1,200,no_data
2026-10-06 13:19:18,/history,NSE:NIFTY26O0621850PE,1,2026-06-28,2026-10-06,1,1,1,200,ok
2026-10-06 13:19:18,/history,NSE:NIFTY26O0621850CE,5S,2026-09-29,2026-10-06,1,1,1,200,ok
2026-10-06 13:19:18,/history,NSE:NIFTY26O0621800PE,5S,2026-08-29,2026-09-28,1,1,1,200,ok
2026-10-06 13:19:19,/history,NSE:NIFTY26O0621850PE,5S,2026-08-29,2026-09-28,1,1,1,200,ok
2026-10-06 13:19:19,/history,NSE:NIFTY26O0621850CE,5,2026-06-28,2026-10-06,1,1,1,200,ok
2026-10-06 13:19:19,/history,NSE:NIFTY26O0621850PE,5,2026-06-28,2026-10-06,1,1,1,200,ok
2026-10-06 13:19:19,/history,NSE:NIFTY26O0621850CE,60,2026-06-28,2026-10-06,1,1,1,200,ok
2026-10-06 13:19:19,/history,NSE:NIFTY26O0621800PE,5S,2026-09-29,2026-10-06,1,1,1,200,ok
2026-10-06 13:19:19,/history,NSE:NIFTY26O0621850CE,D,2026-06-28,2026-10-06,1,1,1,200,ok
2026-10-06 13:19:19,/history,NSE:NIFTY26O0621850PE,60,2026-06-28,2026-10-06,1,1,1,200,ok
2026-10-06 13:19:19,/history,NSE:NIFTY26O0621850PE,D,2026-06-28,2026-10-06,1,1,1,200,ok
2026-10-06 13:19:20,/history,NSE:NIFTY26O0621900CE,5S,2026-06-28,2026-07-28,1,1,1,200,no_data
2026-10-06 13:19:20,/history,NSE:NIFTY26O0621900PE,5S,2026-06-28,2026-07-28,1,1,1,200,no_data
2026-10-06 13:19:20,/history,NSE:NIFTY26O0621850PE,5S,2026-09-29,2026-10-06,1,1,1,200,ok
2026-10-06 13:19:20,/history,NSE:NIFTY26O0621900PE,5S,2026-07-29,2026-08-28,1,1,1,200,no_data
2026-10-06 13:19:20,/history,NSE:NIFTY26O0621900CE,5S,2026-07-29,2026-08-28,1,1,1,200,no_data
2026-10-06 13:19:20,/history,NSE:NIFTY26O0621900CE,1,2026-06-28,2026-10-06,1,1,1,200,ok
2026-10-06 13:19:20,/history,NSE:NIFTY26O0621900CE,5S,2026-08-29,2026-09-28,1,1,1,200,ok
2026-10-06 13:19:21,/history,NSE:NIFTY26O0621900PE,1,2026-06-28,2026-10-06,1,1,1,200,ok
2026-10-06 13:19:21,/history,NSE:NIFTY26O0621900PE,5S,2026-08-29,2026-09-28,1,1,1,200,ok
2026-10-06 13:19:21,/history,NSE:NIFTY26O0621900CE,5,2026-06-28,2026-10-06,1,1,1,200,ok
2026-10-06 13:19:21,/history,NSE:NIFTY26O0621900PE,5,2026-06-28,2026-10-06,1,1,1,200,ok
2026-10-06 13:19:21,/history,NSE:NIFTY26O0621900CE,5S,2026-09-29,2026-10-06,1,1,1,200,ok
2026-10-06 13:19:21,/history,NSE:NIFTY26O0621900CE,60,2026-06-28,2026-10-06,1,1,1,200,ok
2026-10-06 13:19:22,/history,NSE:NIFTY26O0621900PE,60,2026-06-28,2026-10-06,1,1,1,200,ok
2026-10-06 13:19:22,/history,NSE:NIFTY26O0621900CE,D,2026-06-28,2026-10-06,1,1,1,200,ok
2026-10-06 13:19:22,/history,NSE:NIFTY26O0621900PE,D,2026-06-28,2026-10-06,1,1,1,200,ok
2026-10-06 13:19:22,/history,NSE:NIFTY26O0621950CE,5S,2026-06-28,2026-07-28,1,1,1,200,no_data
2026-10-06 13:19:22,/history,NSE:NIFTY26O0621950PE,5S,2026-06-28,2026-07-28,1,1,1,200,no_data
2026-10-06 13:19:22,/history,NSE:NIFTY26O0621900PE,5S,2026-09-29,2026-10-06,1,1,1,200,ok
2026-10-06 13:19:22,/history,NSE:NIFTY26O0621950CE,5S,2026-07-29,2026-08-28,1,1,1,200,no_data
2026-10-06 13:19:22,/history,NSE:NIFTY26O0621950CE,1,2026-06-28,2026-10-06,1,1,1,200,ok
2026-10-06 13:19:22,/history,NSE:NIFTY26O0621950CE,5S,2026-08-29,2026-09-28,1,1,1,200,ok
2026-10-06 13:19:23,/history,NSE:NIFTY26O0621950PE,1,2026-06-28,2026-10-06,1,1,1,200,ok
2026-10-06 13:19:23,/history,NSE:NIFTY26O0621950PE,5S,2026-07-29,2026-08-28,1,1,1,200,no_data
2026-10-06 13:19:23,/history,NSE:NIFTY26O0621950CE,5,2026-06-28,2026-10-06,1,1,1,200,ok
2026-10-06 13:19:23,/history,NSE:NIFTY26O0621950CE,5S,2026-09-29,2026-10-06,1,1,1,200,ok
2026-10-06 13:19:23,/history,NSE:NIFTY26O0621950PE,5,2026-06-28,2026-10-06,1,1,1,200,ok
2026-10-06 13:19:23,/history,NSE:NIFTY26O0621950CE,60,2026-06-28,2026-10-06,1,1,1,200,ok
2026-10-06 13:19:23,/history,NSE:NIFTY26O0621950CE,D,2026-06-28,2026-10-06,1,1,1,200,ok
2026-10-06 13:19:23,/history,NSE:NIFTY26O0621950PE,60,2026-06-28,2026-10-06,1,1,1,200,ok
2026-10-06 13:19:24,/history,NSE:NIFTY26O0621950PE,D,2026-06-28,2026-10-06,1,1,1,200,ok
2026-10-06 13:19:24,/history,NSE:NIFTY26O0622000PE,5S,2026-06-28,2026-07-28,1,1,1,200,no_data
2026-10-06 13:19:24,/history,NSE:NIFTY26O0622000CE,5S,2026-06-28,2026-07-28,1,1,1,200,no_data
2026-10-06 13:19:24,/history,NSE:NIFTY26O0621950PE,5S,2026-08-29,2026-09-28,1,1,1,200,ok
2026-10-06 13:19:24,/history,NSE:NIFTY26O0622000CE,1,2026-06-28,2026-10-06,1,1,1,200,ok
2026-10-06 13:19:24,/history,NSE:NIFTY26O0622000PE,5S,2026-07-29,2026-08-28,1,1,1,200,no_data
2026-10-06 13:19:24,/history,NSE:NIFTY26O0622000CE,5,2026-06-28,2026-10-06,1,1,1,200,ok
2026-10-06 13:19:25,/history,NSE:NIFTY26O0621950PE,5S,2026-09-29,2026-10-06,1,1,1,200,ok
2026-10-06 13:19:25,/history,NSE:NIFTY26O0622000CE,5S,2026-07-29,2026-08-28,1,1,1,200,no_data
2026-10-06 13:19:25,/history,NSE:NIFTY26O0622000PE,1,2026-06-28,2026-10-06,1,1,1,200,ok
2026-10-06 13:19:25,/history,NSE:NIFTY26O0622000PE,5,2026-06-28,2026-10-06,1,1,1,200,ok
2026-10-06 13:19:25,/history,NSE:NIFTY26O0622000CE,60,2026-06-28,2026-10-06,1,1,1,200,ok
2026-10-06 13:19:25,/history,NSE:NIFTY26O0622000PE,60,2026-06-28,2026-10-06,1,1,1,200,ok
2026-10-06 13:19:25,/history,NSE:NIFTY26O0622000CE,D,2026-06-28,2026-10-06,1,1,1,200,ok
2026-10-06 13:19:26,/history,NSE:NIFTY26O0622000PE,D,2026-06-28,2026-10-06,1,1,1,200,ok
2026-10-06 13:19:26,/history,NSE:NIFTY26O0622050CE,5S,2026-06-28,2026-07-28,1,1,1,200,no_data
2026-10-06 13:19:26,/history,NSE:NIFTY26O0622050PE,5S,2026-06-28,2026-07-28,1,1,1,200,no_data
2026-10-06 13:19:26,/history,NSE:NIFTY26O0622000CE,5S,2026-08-29,2026-09-28,1,1,1,200,ok
2026-10-06 13:19:26,/history,NSE:NIFTY26O0622000PE,5S,2026-08-29,2026-09-28,1,1,1,200,ok
2026-10-06 13:19:26,/history,NSE:NIFTY26O0622050CE,5S,2026-07-29,2026-08-28,1,1,1,200,no_data
2026-10-06 13:19:26,/history,NSE:NIFTY26O0622050PE,5S,2026-07-29,2026-08-28,1,1,1,200,no_data
2026-10-06 13:19:26,/history,NSE:NIFTY26O0622050CE,5S,2026-08-29,2026-09-28,1,1,1,200,ok
2026-10-06 13:19:27,/history,NSE:NIFTY26O0622000CE,5S,2026-09-29,2026-10-06,1,1,1,200,ok
2026-10-06 13:19:27,/history,NSE:NIFTY26O0622050CE,1,2026-06-28,2026-10-06,1,1,1,200,ok
2026-10-06 13:19:27,/history,NSE:NIFTY26O0622000PE,5S,2026-09-29,2026-10-06,1,1,1,200,ok
2026-10-06 13:19:28,/history,NSE:NIFTY26O0622050CE,5S,2026-09-29,2026-10-06,1,1,1,200,ok
2026-10-06 13:19:28,/history,NSE:NIFTY26O0622050PE,5S,2026-08-29,2026-09-28,1,1,1,200,ok
2026-10-06 13:19:28,/history,NSE:NIFTY26O0622050PE,1,2026-06-28,2026-10-06,1,1,1,200,ok
2026-10-06 13:19:28,/history,NSE:NIFTY26O0622050CE,5,2026-06-28,2026-10-06,1,1,1,200,ok
2026-10-06 13:19:29,/history,NSE:NIFTY26O0622050PE,5,2026-06-28,2026-10-06,1,1,1,200,ok
2026-10-06 13:19:29,/history,NSE:NIFTY26O0622050CE,60,2026-06-28,2026-10-06,1,1,1,200,ok
2026-10-06 13:19:30,/history,NSE:NIFTY26O0622050PE,60,2026-06-28,2026-10-06,1,1,1,200,ok
2026-10-06 13:19:30,/history,NSE:NIFTY26O0622050PE,5S,2026-09-29,2026-10-06,1,1,1,200,ok
2026-10-06 13:19:30,/history,NSE:NIFTY26O0622050CE,D,2026-06-28,2026-10-06,1,1,1,200,ok
2026-10-06 13:19:30,/history,NSE:NIFTY26O0622050PE,D,2026-06-28,2026-10-06,1,1,1,200,ok
2026-10-06 13:19:30,/history,NSE:NIFTY26O0622100CE,5S,2026-06-28,2026-07-28,1,1,1,200,no_data
2026-10-06 13:19:30,/history,NSE:NIFTY26O0622100CE,5S,2026-07-29,2026-08-28,1,1,1,200,no_data
2026-10-06 13:19:30,/history,NSE:NIFTY26O0622100PE,5S,2026-06-28,2026-07-28,1,1,1,200,no_data
2026-10-06 13:19:30,/history,NSE:NIFTY26O0622100PE,5S,2026-07-29,2026-08-28,1,1,1,200,no_data
2026-10-06 13:19:31,/history,NSE:NIFTY26O0622100CE,1,2026-06-28,2026-10-06,1,1,1,200,ok
2026-10-06 13:19:31,/history,NSE:NIFTY26O0622100CE,5S,2026-08-29,2026-09-28,1,1,1,200,ok
2026-10-06 13:19:32,/history,NSE:NIFTY26O0622100PE,1,2026-06-28,2026-10-06,1,1,1,200,ok
2026-10-06 13:19:32,/history,NSE:NIFTY26O0622100CE,5S,2026-09-29,2026-10-06,1,1,1,200,ok
2026-10-06 13:19:33,/history,NSE:NIFTY26O0622100PE,5S,2026-08-29,2026-09-28,1,1,1,200,ok
2026-10-06 13:19:33,/history,NSE:NIFTY26O0622100CE,5,2026-06-28,2026-10-06,1,1,1,200,ok
2026-10-06 13:19:33,/history,NSE:NIFTY26O0622100PE,5,2026-06-28,2026-10-06,1,1,1,200,ok
2026-10-06 13:19:33,/history,NSE:NIFTY26O0622100CE,60,2026-06-28,2026-10-06,1,1,1,200,ok
2026-10-06 13:19:33,/history,NSE:NIFTY26O0622100PE,60,2026-06-28,2026-10-06,1,1,1,200,ok
2026-10-06 13:19:33,/history,NSE:NIFTY26O0622100CE,D,2026-06-28,2026-10-06,1,1,1,200,ok
2026-10-06 13:19:33,/history,NSE:NIFTY26O0622100PE,D,2026-06-28,2026-10-06,1,1,1,200,ok
2026-10-06 13:19:33,/history,NSE:NIFTY26O0622150CE,5S,2026-06-28,2026-07-28,1,1,1,200,no_data
2026-10-06 13:19:33,/history,NSE:NIFTY26O0622150PE,5S,2026-06-28,2026-07-28,1,1,1,200,no_data
2026-10-06 13:19:33,/history,NSE:NIFTY26O0622100PE,5S,2026-09-29,2026-10-06,1,1,1,200,ok
2026-10-06 13:19:34,/history,NSE:NIFTY26O0622150CE,1,2026-06-28,2026-10-06,1,1,1,200,ok
2026-10-06 13:19:34,/history,NSE:NIFTY26O0622150PE,5S,2026-07-29,2026-08-28,1,1,1,200,no_data
2026-10-06 13:19:34,/history,NSE:NIFTY26O0622150CE,5S,2026-07-29,2026-08-28,1,1,1,200,no_data
2026-10-06 13:19:34,/history,NSE:NIFTY26O0622150PE,1,2026-06-28,2026-10-06,1,1,1,200,ok
2026-10-06 13:19:34,/history,NSE:NIFTY26O0622150CE,5S,2026-08-29,2026-09-28,1,1,1,200,ok
2026-10-06 13:19:34,/history,NSE:NIFTY26O0622150CE,5,2026-06-28,2026-10-06,1,1,1,200,ok
2026-10-06 13:19:34,/history,NSE:NIFTY26O0622150PE,5,2026-06-28,2026-10-06,1,1,1,200,ok
2026-10-06 13:19:35,/history,NSE:NIFTY26O0622150PE,60,2026-06-28,2026-10-06,1,1,1,200,ok
2026-10-06 13:19:35,/history,NSE:NIFTY26O0622150CE,60,2026-06-28,2026-10-06,1,1,1,200,ok
2026-10-06 13:19:35,/history,NSE:NIFTY26O0622150CE,D,2026-06-28,2026-10-06,1,1,1,200,ok
2026-10-06 13:19:35,/history,NSE:NIFTY26O0622150PE,5S,2026-08-29,2026-09-28,1,1,1,200,ok
2026-10-06 13:19:35,/history,NSE:NIFTY26O0622150CE,5S,2026-09-29,2026-10-06,1,1,1,200,ok
2026-10-06 13:19:35,/history,NSE:NIFTY26O0622150PE,D,2026-06-28,2026-10-06,1,1,1,200,ok
2026-10-06 13:19:35,/history,NSE:NIFTY26O0622200CE,5S,2026-06-28,2026-07-28,1,1,1,200,no_data
2026-10-06 13:19:35,/history,NSE:NIFTY26O0622200PE,5S,2026-06-28,2026-07-28,1,1,1,200,no_data
2026-10-06 13:19:35,/history,NSE:NIFTY26O0622200CE,5S,2026-07-29,2026-08-28,1,1,1,200,no_data
2026-10-06 13:19:36,/history,NSE:NIFTY26O0622200CE,1,2026-06-28,2026-10-06,1,1,1,200,ok
2026-10-06 13:19:36,/history,NSE:NIFTY26O0622150PE,5S,2026-09-29,2026-10-06,1,1,1,200,ok
2026-10-06 13:19:36,/history,NSE:NIFTY26O0622200CE,5,2026-06-28,2026-10-06,1,1,1,200,ok
2026-10-06 13:19:36,/history,NSE:NIFTY26O0622200PE,5S,2026-07-29,2026-08-28,1,1,1,200,no_data
2026-10-06 13:19:36,/history,NSE:NIFTY26O0622200CE,5S,2026-08-29,2026-09-28,1,1,1,200,ok
2026-10-06 13:19:36,/history,NSE:NIFTY26O0622200PE,5,2026-06-28,2026-10-06,1,1,1,200,ok
2026-10-06 13:19:36,/history,NSE:NIFTY26O0622200PE,1,2026-06-28,2026-10-06,1,1,1,200,ok
2026-10-06 13:19:37,/history,NSE:NIFTY26O0622200CE,60,2026-06-28,2026-10-06,1,1,1,200,ok
2026-10-06 13:19:37,/history,NSE:NIFTY26O0622200PE,60,2026-06-28,2026-10-06,1,1,1,200,ok
2026-10-06 13:19:37,/history,NSE:NIFTY26O0622200CE,5S,2026-09-29,2026-10-06,1,1,1,200,ok
2026-10-06 13:19:37,/history,NSE:NIFTY26O0622200CE,D,2026-06-28,2026-10-06,1,1,1,200,ok
2026-10-06 13:19:37,/history,NSE:NIFTY26O0622200PE,D,2026-06-28,2026-10-06,1,1,1,200,ok
2026-10-06 13:19:37,/history,NSE:NIFTY26O0622250PE,5S,2026-06-28,2026-07-28,1,1,1,200,no_data
2026-10-06 13:19:37,/history,NSE:NIFTY26O0622250CE,5S,2026-06-28,2026-07-28,1,1,1,200,no_data
2026-10-06 13:19:38,/history,NSE:NIFTY26O0622250PE,5S,2026-07-29,2026-08-28,1,1,1,200,no_data
2026-10-06 13:19:38,/history,NSE:NIFTY26O0622250CE,5S,2026-07-29,2026-08-28,1,1,1,200,no_data
2026-10-06 13:19:38,/history,NSE:NIFTY26O0622200PE,5S,2026-08-29,2026-09-28,1,1,1,200,ok
2026-10-06 13:19:51,/history,NSE:NIFTY26O0622250PE,1,2026-06-28,2026-10-06,1,1,1,200,ok
2026-10-06 13:19:51,/history,NSE:NIFTY26O0622200PE,5S,2026-09-29,2026-10-06,1,1,1,200,ok
2026-10-06 13:19:52,/history,NSE:NIFTY26O0622250CE,5,2026-06-28,2026-10-06,1,1,1,200,ok
2026-10-06 13:19:54,/history,NSE:NIFTY26O0622250PE,5S,2026-08-29,2026-09-28,1,1,1,200,ok
2026-10-06 13:19:56,/history,NSE:NIFTY26O0622250PE,5S,2026-09-29,2026-10-06,1,1,1,200,ok
2026-10-06 13:19:56,/history,NSE:NIFTY26O0622250CE,1,2026-06-28,2026-10-06,1,1,1,200,ok
2026-10-06 13:19:56,/history,NSE:NIFTY26O0622250PE,60,2026-06-28,2026-10-06,1,1,1,200,ok
2026-10-06 13:19:57,/history,NSE:NIFTY26O0622250CE,D,2026-06-28,2026-10-06,1,1,1,200,ok
2026-10-06 13:19:57,/history,NSE:NIFTY26O0622250PE,D,2026-06-28,2026-10-06,1,1,1,200,ok
2026-10-06 13:19:59,/history,NSE:NIFTY26O0622250PE,5,2026-06-28,2026-10-06,1,1,1,200,ok
2026-10-06 13:20:02,/history,NSE:NIFTY26O0622300CE,1,2026-06-28,2026-10-06,1,1,1,200,ok
2026-10-06 13:20:05,/history,NSE:NIFTY26O0622300PE,1,2026-06-28,2026-10-06,1,1,1,200,ok
2026-10-06 13:20:09,/history,NSE:NIFTY26O0622300CE,5S,2026-06-28,2026-07-28,1,1,1,200,no_data
2026-10-06 13:20:10,/history,NSE:NIFTY26O0622300PE,5S,2026-06-28,2026-07-28,1,1,1,200,no_data
2026-10-06 13:20:10,/history,NSE:NIFTY26O0622300CE,5S,2026-07-29,2026-08-28,1,1,1,200,no_data
2026-10-06 13:20:10,/history,NSE:NIFTY26O0622300CE,5,2026-06-28,2026-10-06,1,1,1,200,ok
2026-10-06 13:20:11,/history,NSE:NIFTY26O0622300PE,5S,2026-07-29,2026-08-28,1,1,1,200,no_data
2026-10-06 13:20:11,/history,NSE:NIFTY26O0622250CE,5S,2026-08-29,2026-09-28,1,1,1,200,ok
2026-10-06 13:20:11,/history,NSE:NIFTY26O0622250CE,60,2026-06-28,2026-10-06,1,1,1,200,ok
2026-10-06 13:20:11,/history,NSE:NIFTY26O0622300PE,5,2026-06-28,2026-10-06,1,1,1,200,ok
2026-10-06 13:20:11,/history,NSE:NIFTY26O0622300CE,5S,2026-08-29,2026-09-28,1,1,1,200,ok
2026-10-06 13:20:11,/history,NSE:NIFTY26O0622300CE,60,2026-06-28,2026-10-06,1,1,1,200,ok
2026-10-06 13:20:12,/history,NSE:NIFTY26O0622250CE,5S,2026-09-29,2026-10-06,1,1,1,200,ok
2026-10-06 13:20:12,/history,NSE:NIFTY26O0622300CE,D,2026-06-28,2026-10-06,1,1,1,200,ok
2026-10-06 13:20:12,/history,NSE:NIFTY26O0622300PE,60,2026-06-28,2026-10-06,1,1,1,200,ok
2026-10-06 13:20:12,/history,NSE:NIFTY26O0622300PE,D,2026-06-28,2026-10-06,1,1,1,200,ok
2026-10-06 13:20:13,/history,NSE:NIFTY26O0622350CE,5S,2026-06-28,2026-07-28,1,1,1,200,no_data
2026-10-06 13:20:13,/history,NSE:NIFTY26O0622300CE,5S,2026-09-29,2026-10-06,1,1,1,200,ok
2026-10-06 13:20:13,/history,NSE:NIFTY26O0622350PE,5S,2026-06-28,2026-07-28,1,1,1,200,no_data
2026-10-06 13:20:13,/history,NSE:NIFTY26O0622300PE,5S,2026-08-29,2026-09-28,1,1,1,200,ok
2026-10-06 13:20:13,/history,NSE:NIFTY26O0622350CE,5S,2026-07-29,2026-08-28,1,1,1,200,no_data
2026-10-06 13:20:13,/history,NSE:NIFTY26O0622350PE,5S,2026-07-29,2026-08-28,1,1,1,200,no_data
2026-10-06 13:20:13,/history,NSE:NIFTY26O0622350CE,5S,2026-08-29,2026-09-28,1,1,1,200,ok
2026-10-06 13:20:14,/history,NSE:NIFTY26O0622350CE,1,2026-06-28,2026-10-06,1,1,1,200,ok
2026-10-06 13:20:14,/history,NSE:NIFTY26O0622300PE,5S,2026-09-29,2026-10-06,1,1,1,200,ok
2026-10-06 13:20:14,/history,NSE:NIFTY26O0622350PE,1,2026-06-28,2026-10-06,1,1,1,200,ok
2026-10-06 13:20:15,/history,NSE:NIFTY26O0622350CE,5S,2026-09-29,2026-10-06,1,1,1,200,ok
2026-10-06 13:20:15,/history,NSE:NIFTY26O0622350CE,5,2026-06-28,2026-10-06,1,1,1,200,ok
2026-10-06 13:20:15,/history,NSE:NIFTY26O0622350PE,5,2026-06-28,2026-10-06,1,1,1,200,ok
2026-10-06 13:20:15,/history,NSE:NIFTY26O0622350PE,5S,2026-08-29,2026-09-28,1,1,1,200,ok
2026-10-06 13:20:15,/history,NSE:NIFTY26O0622350CE,60,2026-06-28,2026-10-06,1,1,1,200,ok
2026-10-06 13:20:15,/history,NSE:NIFTY26O0622350PE,60,2026-06-28,2026-10-06,1,1,1,200,ok
2026-10-06 13:20:16,/history,NSE:NIFTY26O0622350CE,D,2026-06-28,2026-10-06,1,1,1,200,ok
2026-10-06 13:20:16,/history,NSE:NIFTY26O0622350PE,D,2026-06-28,2026-10-06,1,1,1,200,ok
2026-10-06 13:20:16,/history,NSE:NIFTY26O0622400CE,5S,2026-06-28,2026-07-28,1,1,1,200,no_data
2026-10-06 13:20:16,/history,NSE:NIFTY26O0622400PE,5S,2026-06-28,2026-07-28,1,1,1,200,no_data
2026-10-06 13:20:16,/history,NSE:NIFTY26O0622400CE,1,2026-06-28,2026-10-06,1,1,1,200,ok
2026-10-06 13:20:16,/history,NSE:NIFTY26O0622350PE,5S,2026-09-29,2026-10-06,1,1,1,200,ok
2026-10-06 13:20:16,/history,NSE:NIFTY26O0622400PE,5S,2026-07-29,2026-08-28,1,1,1,200,no_data
2026-10-06 13:20:16,/history,NSE:NIFTY26O0622400CE,5S,2026-07-29,2026-08-28,1,1,1,200,no_data
2026-10-06 13:20:17,/history,NSE:NIFTY26O0622400CE,5,2026-06-28,2026-10-06,1,1,1,200,ok
2026-10-06 13:20:17,/history,NSE:NIFTY26O0622400PE,1,2026-06-28,2026-10-06,1,1,1,200,ok
2026-10-06 13:20:17,/history,NSE:NIFTY26O0622400CE,5S,2026-08-29,2026-09-28,1,1,1,200,ok
2026-10-06 13:20:17,/history,NSE:NIFTY26O0622400PE,5,2026-06-28,2026-10-06,1,1,1,200,ok
2026-10-06 13:20:17,/history,NSE:NIFTY26O0622400CE,60,2026-06-28,2026-10-06,1,1,1,200,ok
2026-10-06 13:20:17,/history,NSE:NIFTY26O0622400PE,60,2026-06-28,2026-10-06,1,1,1,200,ok
2026-10-06 13:20:17,/history,NSE:NIFTY26O0622400CE,D,2026-06-28,2026-10-06,1,1,1,200,ok
2026-10-06 13:20:18,/history,NSE:NIFTY26O0622450CE,5S,2026-06-28,2026-07-28,1,1,1,200,no_data
2026-10-06 13:20:18,/history,NSE:NIFTY26O0622400PE,D,2026-06-28,2026-10-06,1,1,1,200,ok
2026-10-06 13:20:18,/history,NSE:NIFTY26O0622400PE,5S,2026-08-29,2026-09-28,1,1,1,200,ok
2026-10-06 13:20:18,/history,NSE:NIFTY26O0622450CE,5S,2026-07-29,2026-08-28,1,1,1,200,no_data
2026-10-06 13:20:18,/history,NSE:NIFTY26O0622400CE,5S,2026-09-29,2026-10-06,1,1,1,200,ok
2026-10-06 13:20:18,/history,NSE:NIFTY26O0622450PE,5S,2026-06-28,2026-07-28,1,1,1,200,no_data
2026-10-06 13:20:18,/history,NSE:NIFTY26O0622450PE,5S,2026-07-29,2026-08-28,1,1,1,200,no_data
2026-10-06 13:20:19,/history,NSE:NIFTY26O0622450CE,5S,2026-08-29,2026-09-28,1,1,1,200,ok
2026-10-06 13:20:20,/history,NSE:NIFTY26O0622450CE,1,2026-06-28,2026-10-06,1,1,1,200,ok
2026-10-06 13:20:20,/history,NSE:NIFTY26O0622400PE,5S,2026-09-29,2026-10-06,1,1,1,200,ok
2026-10-06 13:20:21,/history,NSE:NIFTY26O0622450CE,5S,2026-09-29,2026-10-06,1,1,1,200,ok
2026-10-06 13:20:21,/history,NSE:NIFTY26O0622450PE,1,2026-06-28,2026-10-06,1,1,1,200,ok
2026-10-06 13:20:21,/history,NSE:NIFTY26O0622450CE,5,2026-06-28,2026-10-06,1,1,1,200,ok
2026-10-06 13:20:22,/history,NSE:NIFTY26O0622450PE,5S,2026-08-29,2026-09-28,1,1,1,200,ok
2026-10-06 13:20:22,/history,NSE:NIFTY26O0622450PE,5,2026-06-28,2026-10-06,1,1,1,200,ok
2026-10-06 13:20:22,/history,NSE:NIFTY26O0622450CE,60,2026-06-28,2026-10-06,1,1,1,200,ok
2026-10-06 13:20:22,/history,NSE:NIFTY26O0622450PE,60,2026-06-28,2026-10-06,1,1,1,200,ok
2026-10-06 13:20:22,/history,NSE:NIFTY26O0622450CE,D,2026-06-28,2026-10-06,1,1,1,200,ok
2026-10-06 13:20:22,/history,NSE:NIFTY26O0622450PE,D,2026-06-28,2026-10-06,1,1,1,200,ok
2026-10-06 13:20:22,/history,NSE:NIFTY26O0622500PE,5S,2026-06-28,2026-07-28,1,1,1,200,no_data
2026-10-06 13:20:22,/history,NSE:NIFTY26O0622450PE,5S,2026-09-29,2026-10-06,1,1,1,200,ok
2026-10-06 13:20:22,/history,NSE:NIFTY26O0622500CE,5S,2026-06-28,2026-07-28,1,1,1,200,no_data
2026-10-06 13:20:23,/history,NSE:NIFTY26O0622500CE,5S,2026-07-29,2026-08-28,1,1,1,200,no_data
2026-10-06 13:20:23,/history,NSE:NIFTY26O0622500CE,1,2026-06-28,2026-10-06,1,1,1,200,ok
2026-10-06 13:20:23,/history,NSE:NIFTY26O0622500PE,5S,2026-07-29,2026-08-28,1,1,1,200,no_data
2026-10-06 13:20:23,/history,NSE:NIFTY26O0622500PE,1,2026-06-28,2026-10-06,1,1,1,200,ok
2026-10-06 13:20:23,/history,NSE:NIFTY26O0622500CE,5,2026-06-28,2026-10-06,1,1,1,200,ok
2026-10-06 13:20:24,/history,NSE:NIFTY26O0622500CE,5S,2026-08-29,2026-09-28,1,1,1,200,ok
2026-10-06 13:20:24,/history,NSE:NIFTY26O0622500PE,5,2026-06-28,2026-10-06,1,1,1,200,ok
2026-10-06 13:20:24,/history,NSE:NIFTY26O0622500CE,60,2026-06-28,2026-10-06,1,1,1,200,ok
2026-10-06 13:20:24,/history,NSE:NIFTY26O0622500PE,60,2026-06-28,2026-10-06,1,1,1,200,ok
2026-10-06 13:20:24,/history,NSE:NIFTY26O0622500CE,D,2026-06-28,2026-10-06,1,1,1,200,ok
2026-10-06 13:20:24,/history,NSE:NIFTY26O0622500PE,D,2026-06-28,2026-10-06,1,1,1,200,ok
2026-10-06 13:20:25,/history,NSE:NIFTY26O0622550PE,5S,2026-06-28,2026-07-28,1,1,1,200,no_data
2026-10-06 13:20:25,/history,NSE:NIFTY26O0622550CE,5S,2026-06-28,2026-07-28,1,1,1,200,no_data
2026-10-06 13:20:25,/history,NSE:NIFTY26O0622550PE,5S,2026-07-29,2026-08-28,1,1,1,200,no_data
2026-10-06 13:20:25,/history,NSE:NIFTY26O0622550CE,5S,2026-07-29,2026-08-28,1,1,1,200,no_data
2026-10-06 13:20:25,/history,NSE:NIFTY26O0622500CE,5S,2026-09-29,2026-10-06,1,1,1,200,ok
2026-10-06 13:20:25,/history,NSE:NIFTY26O0622500PE,5S,2026-08-29,2026-09-28,1,1,1,200,ok
2026-10-06 13:20:25,/history,NSE:NIFTY26O0622550CE,1,2026-06-28,2026-10-06,1,1,1,200,ok
2026-10-06 13:20:26,/history,NSE:NIFTY26O0622550CE,5S,2026-08-29,2026-09-28,1,1,1,200,ok
2026-10-06 13:20:26,/history,NSE:NIFTY26O0622550PE,1,2026-06-28,2026-10-06,1,1,1,200,ok
2026-10-06 13:20:26,/history,NSE:NIFTY26O0622500PE,5S,2026-09-29,2026-10-06,1,1,1,200,ok
2026-10-06 13:20:27,/history,NSE:NIFTY26O0622550PE,5S,2026-08-29,2026-09-28,1,1,1,200,ok
2026-10-06 13:20:27,/history,NSE:NIFTY26O0622550CE,5,2026-06-28,2026-10-06,1,1,1,200,ok
2026-10-06 13:20:27,/history,NSE:NIFTY26O0622550CE,5S,2026-09-29,2026-10-06,1,1,1,200,ok
2026-10-06 13:20:28,/history,NSE:NIFTY26O0622550PE,5,2026-06-28,2026-10-06,1,1,1,200,ok
2026-10-06 13:20:28,/history,NSE:NIFTY26O0622550CE,60,2026-06-28,2026-10-06,1,1,1,200,ok
2026-10-06 13:20:28,/history,NSE:NIFTY26O0622550PE,60,2026-06-28,2026-10-06,1,1,1,200,ok
2026-10-06 13:20:28,/history,NSE:NIFTY26O0622550PE,5S,2026-09-29,2026-10-06,1,1,1,200,ok
2026-10-06 13:20:28,/history,NSE:NIFTY26O0622550CE,D,2026-06-28,2026-10-06,1,1,1,200,ok
2026-10-06 13:20:29,/history,NSE:NIFTY26O0622550PE,D,2026-06-28,2026-10-06,1,1,1,200,ok
2026-10-06 13:20:29,/history,NSE:NIFTY26O0622600CE,5S,2026-06-28,2026-07-28,1,1,1,200,no_data
2026-10-06 13:20:29,/history,NSE:NIFTY26O0622600PE,5S,2026-06-28,2026-07-28,1,1,1,200,no_data
2026-10-06 13:20:29,/history,NSE:NIFTY26O0622600CE,5S,2026-07-29,2026-08-28,1,1,1,200,no_data
2026-10-06 13:20:29,/history,NSE:NIFTY26O0622600PE,5S,2026-07-29,2026-08-28,1,1,1,200,no_data
2026-10-06 13:20:29,/history,NSE:NIFTY26O0622600CE,1,2026-06-28,2026-10-06,1,1,1,200,ok
2026-10-06 13:20:30,/history,NSE:NIFTY26O0622600CE,5S,2026-08-29,2026-09-28,1,1,1,200,ok
2026-10-06 13:20:30,/history,NSE:NIFTY26O0622600PE,1,2026-06-28,2026-10-06,1,1,1,200,ok
2026-10-06 13:20:31,/history,NSE:NIFTY26O0622600CE,5,2026-06-28,2026-10-06,1,1,1,200,ok
2026-10-06 13:20:31,/history,NSE:NIFTY26O0622600CE,60,2026-06-28,2026-10-06,1,1,1,200,ok
2026-10-06 13:20:31,/history,NSE:NIFTY26O0622600PE,5S,2026-08-29,2026-09-28,1,1,1,200,ok
2026-10-06 13:20:31,/history,NSE:NIFTY26O0622600PE,5,2026-06-28,2026-10-06,1,1,1,200,ok
2026-10-06 13:20:31,/history,NSE:NIFTY26O0622600PE,60,2026-06-28,2026-10-06,1,1,1,200,ok
2026-10-06 13:20:31,/history,NSE:NIFTY26O0622600CE,D,2026-06-28,2026-10-06,1,1,1,200,ok
2026-10-06 13:20:31,/history,NSE:NIFTY26O0622600CE,5S,2026-09-29,2026-10-06,1,1,1,200,ok
2026-10-06 13:20:31,/history,NSE:NIFTY26O0622600PE,D,2026-06-28,2026-10-06,1,1,1,200,ok
2026-10-06 13:20:31,/history,NSE:NIFTY26O0622650CE,5S,2026-06-28,2026-07-28,1,1,1,200,no_data
2026-10-06 13:20:31,/history,NSE:NIFTY26O0622650PE,5S,2026-06-28,2026-07-28,1,1,1,200,no_data
2026-10-06 13:20:32,/history,NSE:NIFTY26O0622650CE,1,2026-06-28,2026-10-06,1,1,1,200,ok
2026-10-06 13:20:32,/history,NSE:NIFTY26O0622650PE,5S,2026-07-29,2026-08-28,1,1,1,200,no_data
2026-10-06 13:20:32,/history,NSE:NIFTY26O0622650CE,5S,2026-07-29,2026-08-28,1,1,1,200,no_data
2026-10-06 13:20:32,/history,NSE:NIFTY26O0622600PE,5S,2026-09-29,2026-10-06,1,1,1,200,ok
2026-10-06 13:20:32,/history,NSE:NIFTY26O0622650CE,5,2026-06-28,2026-10-06,1,1,1,200,ok
2026-10-06 13:20:33,/history,NSE:NIFTY26O0622650PE,1,2026-06-28,2026-10-06,1,1,1,200,ok
2026-10-06 13:20:33,/history,NSE:NIFTY26O0622650CE,5S,2026-08-29,2026-09-28,1,1,1,200,ok
2026-10-06 13:20:33,/history,NSE:NIFTY26O0622650PE,5,2026-06-28,2026-10-06,1,1,1,200,ok
2026-10-06 13:20:34,/history,NSE:NIFTY26O0622650CE,60,2026-06-28,2026-10-06,1,1,1,200,ok
2026-10-06 13:20:34,/history,NSE:NIFTY26O0622650PE,60,2026-06-28,2026-10-06,1,1,1,200,ok
2026-10-06 13:20:34,/history,NSE:NIFTY26O0622650CE,D,2026-06-28,2026-10-06,1,1,1,200,ok
2026-10-06 13:20:34,/history,NSE:NIFTY26O0622650PE,D,2026-06-28,2026-10-06,1,1,1,200,ok
2026-10-06 13:20:34,/history,NSE:NIFTY26O0622700CE,5S,2026-06-28,2026-07-28,1,1,1,200,no_data
2026-10-06 13:20:34,/history,NSE:NIFTY26O0622700PE,5S,2026-06-28,2026-07-28,1,1,1,200,no_data
2026-10-06 13:20:35,/history,NSE:NIFTY26O0622700CE,5S,2026-07-29,2026-08-28,1,1,1,200,no_data
2026-10-06 13:20:35,/history,NSE:NIFTY26O0622650CE,5S,2026-09-29,2026-10-06,1,1,1,200,ok
2026-10-06 13:20:35,/history,NSE:NIFTY26O0622650PE,5S,2026-08-29,2026-09-28,1,1,1,200,ok
2026-10-06 13:20:35,/history,NSE:NIFTY26O0622700PE,5S,2026-07-29,2026-08-28,1,1,1,200,no_data
2026-10-06 13:20:35,/history,NSE:NIFTY26O0622700CE,5S,2026-08-29,2026-09-28,1,1,1,200,ok
2026-10-06 13:20:36,/history,NSE:NIFTY26O0622650PE,5S,2026-09-29,2026-10-06,1,1,1,200,ok
2026-10-06 13:20:37,/history,NSE:NIFTY26O0622700PE,5S,2026-08-29,2026-09-28,1,1,1,200,ok
2026-10-06 13:20:37,/history,NSE:NIFTY26O0622700CE,1,2026-06-28,2026-10-06,1,1,1,200,ok
2026-10-06 13:20:37,/history,NSE:NIFTY26O0622700CE,5S,2026-09-29,2026-10-06,1,1,1,200,ok
2026-10-06 13:20:38,/history,NSE:NIFTY26O0622700CE,5,2026-06-28,2026-10-06,1,1,1,200,ok
2026-10-06 13:20:38,/history,NSE:NIFTY26O0622700PE,5S,2026-09-29,2026-10-06,1,1,1,200,ok
2026-10-06 13:20:38,/history,NSE:NIFTY26O0622700PE,1,2026-06-28,2026-10-06,1,1,1,200,ok
2026-10-06 13:20:38,/history,NSE:NIFTY26O0622700PE,5,2026-06-28,2026-10-06,1,1,1,200,ok
2026-10-06 13:20:39,/history,NSE:NIFTY26O0622700CE,60,2026-06-28,2026-10-06,1,1,1,200,ok
2026-10-06 13:20:39,/history,NSE:NIFTY26O0622700PE,60,2026-06-28,2026-10-06,1,1,1,200,ok
2026-10-06 13:20:39,/history,NSE:NIFTY26O0622700CE,D,2026-06-28,2026-10-06,1,1,1,200,ok
2026-10-06 13:20:39,/history,NSE:NIFTY26O0622700PE,D,2026-06-28,2026-10-06,1,1,1,200,ok
2026-10-06 13:20:39,/history,NSE:NIFTY26O0622750CE,5S,2026-06-28,2026-07-28,1,1,1,200,no_data
2026-10-06 13:20:39,/history,NSE:NIFTY26O0622750PE,5S,2026-06-28,2026-07-28,1,1,1,200,no_data
2026-10-06 13:20:39,/history,NSE:NIFTY26O0622750CE,1,2026-06-28,2026-10-06,1,1,1,200,ok
2026-10-06 13:20:39,/history,NSE:NIFTY26O0622750PE,5S,2026-07-29,2026-08-28,1,1,1,200,no_data
2026-10-06 13:20:40,/history,NSE:NIFTY26O0622750PE,1,2026-06-28,2026-10-06,1,1,1,200,ok
2026-10-06 13:20:40,/history,NSE:NIFTY26O0622750CE,5S,2026-07-29,2026-08-28,1,1,1,200,no_data
2026-10-06 13:20:40,/history,NSE:NIFTY26O0622750CE,5,2026-06-28,2026-10-06,1,1,1,200,ok
2026-10-06 13:20:40,/history,NSE:NIFTY26O0622750CE,5S,2026-08-29,2026-09-28,1,1,1,200,ok
2026-10-06 13:20:40,/history,NSE:NIFTY26O0622750PE,5,2026-06-28,2026-10-06,1,1,1,200,ok
2026-10-06 13:20:40,/history,NSE:NIFTY26O0622750CE,60,2026-06-28,2026-10-06,1,1,1,200,ok
2026-10-06 13:20:40,/history,NSE:NIFTY26O0622750PE,60,2026-06-28,2026-10-06,1,1,1,200,ok
2026-10-06 13:20:41,/history,NSE:NIFTY26O0622750CE,D,2026-06-28,2026-10-06,1,1,1,200,ok
2026-10-06 13:20:41,/history,NSE:NIFTY26O0622800CE,5S,2026-06-28,2026-07-28,1,1,1,200,no_data
2026-10-06 13:20:41,/history,NSE:NIFTY26O0622750PE,5S,2026-08-29,2026-09-28,1,1,1,200,ok
2026-10-06 13:20:41,/history,NSE:NIFTY26O0622750PE,D,2026-06-28,2026-10-06,1,1,1,200,ok
2026-10-06 13:20:41,/history,NSE:NIFTY26O0622800PE,5S,2026-06-28,2026-07-28,1,1,1,200,no_data
2026-10-06 13:20:41,/history,NSE:NIFTY26O0622800CE,5S,2026-07-29,2026-08-28,1,1,1,200,no_data
2026-10-06 13:20:41,/history,NSE:NIFTY26O0622750CE,5S,2026-09-29,2026-10-06,1,1,1,200,ok
2026-10-06 13:20:41,/history,NSE:NIFTY26O0622800PE,5S,2026-07-29,2026-08-28,1,1,1,200,no_data
2026-10-06 13:20:41,/history,NSE:NIFTY26O0622800CE,1,2026-06-28,2026-10-06,1,1,1,200,ok
2026-10-06 13:20:42,/history,NSE:NIFTY26O0622800CE,5,2026-06-28,2026-10-06,1,1,1,200,ok
2026-10-06 13:20:42,/history,NSE:NIFTY26O0622800CE,5S,2026-08-29,2026-09-28,1,1,1,200,ok
2026-10-06 13:20:42,/history,NSE:NIFTY26O0622750PE,5S,2026-09-29,2026-10-06,1,1,1,200,ok
2026-10-06 13:20:42,/history,NSE:NIFTY26O0622800PE,1,2026-06-28,2026-10-06,1,1,1,200,ok
2026-10-06 13:20:43,/history,NSE:NIFTY26O0622800PE,5,2026-06-28,2026-10-06,1,1,1,200,ok
2026-10-06 13:20:43,/history,NSE:NIFTY26O0622800CE,60,2026-06-28,2026-10-06,1,1,1,200,ok
2026-10-06 13:20:43,/history,NSE:NIFTY26O0622800PE,60,2026-06-28,2026-10-06,1,1,1,200,ok
2026-10-06 13:20:43,/history,NSE:NIFTY26O0622800CE,D,2026-06-28,2026-10-06,1,1,1,200,ok
2026-10-06 13:20:43,/history,NSE:NIFTY26O0622800PE,D,2026-06-28,2026-10-06,1,1,1,200,ok
2026-10-06 13:20:44,/history,NSE:NIFTY26O0622800PE,5S,2026-08-29,2026-09-28,1,1,1,200,ok
2026-10-06 13:20:44,/history,NSE:NIFTY26O0622850CE,5S,2026-06-28,2026-07-28,1,1,1,200,no_data
2026-10-06 13:20:44,/history,NSE:NIFTY26O0622800CE,5S,2026-09-29,2026-10-06,1,1,1,200,ok
2026-10-06 13:20:44,/history,NSE:NIFTY26O0622850PE,5S,2026-06-28,2026-07-28,1,1,1,200,no_data
2026-10-06 13:20:44,/history,NSE:NIFTY26O0622850CE,5S,2026-07-29,2026-08-28,1,1,1,200,no_data
2026-10-06 13:20:44,/history,NSE:NIFTY26O0622850PE,5S,2026-07-29,2026-08-28,1,1,1,200,no_data
2026-10-06 13:20:45,/history,NSE:NIFTY26O0622800PE,5S,2026-09-29,2026-10-06,1,1,1,200,ok
2026-10-06 13:20:46,/history,NSE:NIFTY26O0622850CE,5S,2026-08-29,2026-09-28,1,1,1,200,ok
2026-10-06 13:20:47,/history,NSE:NIFTY26O0622850PE,5S,2026-08-29,2026-09-28,1,1,1,200,ok
2026-10-06 13:20:51,/history,NSE:NIFTY26O0622850PE,1,2026-06-28,2026-10-06,1,1,1,200,ok
2026-10-06 13:20:51,/history,NSE:NIFTY26O0622850CE,5S,2026-09-29,2026-10-06,1,1,1,200,ok
2026-10-06 13:20:52,/history,NSE:NIFTY26O0622850CE,60,2026-06-28,2026-10-06,1,1,1,200,ok
2026-10-06 13:20:53,/history,NSE:NIFTY26O0622850CE,5,2026-06-28,2026-10-06,1,1,1,200,ok
2026-10-06 13:20:55,/history,NSE:NIFTY26O0622850PE,60,2026-06-28,2026-10-06,1,1,1,200,ok
2026-10-06 13:20:56,/history,NSE:NIFTY26O0622850CE,1,2026-06-28,2026-10-06,1,1,1,200,ok
2026-10-06 13:20:57,/history,NSE:NIFTY26O0622850PE,5S,2026-09-29,2026-10-06,1,1,1,200,ok
2026-10-06 13:20:57,/history,NSE:NIFTY26O0622850PE,5,2026-06-28,2026-10-06,1,1,1,200,ok
2026-10-06 13:20:57,/history,NSE:NIFTY26O0622850CE,D,2026-06-28,2026-10-06,1,1,1,200,ok
2026-10-06 13:20:59,/history,NSE:NIFTY26O0622850PE,D,2026-06-28,2026-10-06,1,1,1,200,ok
2026-10-06 13:21:02,/history,NSE:NIFTY26O0622900PE,5S,2026-06-28,2026-07-28,1,1,1,200,no_data
2026-10-06 13:21:05,/history,NSE:NIFTY26O0622900PE,5S,2026-07-29,2026-08-28,1,1,1,200,no_data
2026-10-06 13:21:10,/history,NSE:NIFTY26O0622900PE,5S,2026-08-29,2026-09-28,1,1,1,200,ok
2026-10-06 13:21:10,/history,NSE:NIFTY26O0622900PE,1,2026-06-28,2026-10-06,1,1,1,200,ok
2026-10-06 13:21:11,/history,NSE:NIFTY26O0622900CE,5,2026-06-28,2026-10-06,1,1,1,200,ok
2026-10-06 13:21:11,/history,NSE:NIFTY26O0622900PE,5S,2026-09-29,2026-10-06,1,1,1,200,ok
2026-10-06 13:21:12,/history,NSE:NIFTY26O0622900CE,5S,2026-06-28,2026-07-28,1,1,1,200,no_data
2026-10-06 13:21:12,/history,NSE:NIFTY26O0622900PE,5,2026-06-28,2026-10-06,1,1,1,200,ok
2026-10-06 13:21:12,/history,NSE:NIFTY26O0622900CE,5S,2026-07-29,2026-08-28,1,1,1,200,no_data
2026-10-06 13:21:12,/history,NSE:NIFTY26O0622900CE,60,2026-06-28,2026-10-06,1,1,1,200,ok
2026-10-06 13:21:12,/history,NSE:NIFTY26O0622900CE,1,2026-06-28,2026-10-06,1,1,1,200,ok
2026-10-06 13:21:12,/history,NSE:NIFTY26O0622900PE,60,2026-06-28,2026-10-06,1,1,1,200,ok
2026-10-06 13:21:12,/history,NSE:NIFTY26O0622900CE,D,2026-06-28,2026-10-06,1,1,1,200,ok
2026-10-06 13:21:12,/history,NSE:NIFTY26O0622900PE,D,2026-06-28,2026-10-06,1,1,1,200,ok
2026-10-06 13:21:13,/history,NSE:NIFTY26O0622950PE,5S,2026-06-28,2026-07-28,1,1,1,200,no_data
2026-10-06 13:21:13,/history,NSE:NIFTY26O0622950CE,5S,2026-06-28,2026-07-28,1,1,1,200,no_data
2026-10-06 13:21:13,/history,NSE:NIFTY26O0622950PE,5S,2026-07-29,2026-08-28,1,1,1,200,no_data
2026-10-06 13:21:13,/history,NSE:NIFTY26O0622900CE,5S,2026-08-29,2026-09-28,1,1,1,200,ok
2026-10-06 13:21:13,/history,NSE:NIFTY26O0622950CE,5S,2026-07-29,2026-08-28,1,1,1,200,no_data
2026-10-06 13:21:13,/history,NSE:NIFTY26O0622950CE,1,2026-06-28,2026-10-06,1,1,1,200,ok
2026-10-06 13:21:14,/history,NSE:NIFTY26O0622950PE,1,2026-06-28,2026-10-06,1,1,1,200,ok
2026-10-06 13:21:14,/history,NSE:NIFTY26O0622950CE,5,2026-06-28,2026-10-06,1,1,1,200,ok
2026-10-06 13:21:15,/history,NSE:NIFTY26O0622950CE,5S,2026-08-29,2026-09-28,1,1,1,200,ok
2026-10-06 13:21:15,/history,NSE:NIFTY26O0622900CE,5S,2026-09-29,2026-10-06,1,1,1,200,ok
2026-10-06 13:21:15,/history,NSE:NIFTY26O0622950PE,5,2026-06-28,2026-10-06,1,1,1,200,ok
2026-10-06 13:21:15,/history,NSE:NIFTY26O0622950PE,5S,2026-08-29,2026-09-28,1,1,1,200,ok
2026-10-06 13:21:15,/history,NSE:NIFTY26O0622950CE,60,2026-06-28,2026-10-06,1,1,1,200,ok
2026-10-06 13:21:15,/history,NSE:NIFTY26O0622950PE,60,2026-06-28,2026-10-06,1,1,1,200,ok
2026-10-06 13:21:15,/history,NSE:NIFTY26O0622950CE,5S,2026-09-29,2026-10-06,1,1,1,200,ok
2026-10-06 13:21:15,/history,NSE:NIFTY26O0622950PE,D,2026-06-28,2026-10-06,1,1,1,200,ok
2026-10-06 13:21:16,/history,NSE:NIFTY26O0623000CE,5S,2026-06-28,2026-07-28,1,1,1,200,no_data
2026-10-06 13:21:16,/history,NSE:NIFTY26O0622950PE,5S,2026-09-29,2026-10-06,1,1,1,200,ok
2026-10-06 13:21:16,/history,NSE:NIFTY26O0623000CE,5S,2026-07-29,2026-08-28,1,1,1,200,no_data
2026-10-06 13:21:16,/history,NSE:NIFTY26O0622950CE,D,2026-06-28,2026-10-06,1,1,1,200,ok
2026-10-06 13:21:16,/history,NSE:NIFTY26O0623000PE,5S,2026-06-28,2026-07-28,1,1,1,200,no_data
2026-10-06 13:21:17,/history,NSE:NIFTY26O0623000PE,5S,2026-07-29,2026-08-28,1,1,1,200,no_data
2026-10-06 13:21:18,/history,NSE:NIFTY26O0623000CE,5S,2026-08-29,2026-09-28,1,1,1,200,ok
2026-10-06 13:21:18,/history,NSE:NIFTY26O0623000CE,1,2026-06-28,2026-10-06,1,1,1,200,ok
2026-10-06 13:21:19,/history,NSE:NIFTY26O0623000PE,1,2026-06-28,2026-10-06,1,1,1,200,ok
2026-10-06 13:21:19,/history,NSE:NIFTY26O0623000CE,5S,2026-09-29,2026-10-06,1,1,1,200,ok
2026-10-06 13:21:20,/history,NSE:NIFTY26O0623000CE,5,2026-06-28,2026-10-06,1,1,1,200,ok
2026-10-06 13:21:20,/history,NSE:NIFTY26O0623000PE,5S,2026-08-29,2026-09-28,1,1,1,200,ok
2026-10-06 13:21:20,/history,NSE:NIFTY26O0623000PE,5,2026-06-28,2026-10-06,1,1,1,200,ok
2026-10-06 13:21:20,/history,NSE:NIFTY26O0623000CE,60,2026-06-28,2026-10-06,1,1,1,200,ok
2026-10-06 13:21:20,/history,NSE:NIFTY26O0623000PE,60,2026-06-28,2026-10-06,1,1,1,200,ok
2026-10-06 13:21:20,/history,NSE:NIFTY26O0623000CE,D,2026-06-28,2026-10-06,1,1,1,200,ok
2026-10-06 13:21:20,/history,NSE:NIFTY26O0623050PE,5S,2026-06-28,2026-07-28,1,1,1,200,no_data
2026-10-06 13:21:20,/history,NSE:NIFTY26O0623000PE,D,2026-06-28,2026-10-06,1,1,1,200,ok
2026-10-06 13:21:20,/history,NSE:NIFTY26O0623050CE,5S,2026-06-28,2026-07-28,1,1,1,200,no_data
2026-10-06 13:21:20,/history,NSE:NIFTY26O0623000PE,5S,2026-09-29,2026-10-06,1,1,1,200,ok
2026-10-06 13:21:21,/history,NSE:NIFTY26O0623050PE,5S,2026-07-29,2026-08-28,1,1,1,200,no_data
2026-10-06 13:21:21,/history,NSE:NIFTY26O0623050CE,1,2026-06-28,2026-10-06,1,1,1,200,ok
2026-10-06 13:21:21,/history,NSE:NIFTY26O0623050CE,5S,2026-07-29,2026-08-28,1,1,1,200,no_data
2026-10-06 13:21:21,/history,NSE:NIFTY26O0623050PE,1,2026-06-28,2026-10-06,1,1,1,200,ok
2026-10-06 13:21:22,/history,NSE:NIFTY26O0623050CE,5,2026-06-28,2026-10-06,1,1,1,200,ok
2026-10-06 13:21:22,/history,NSE:NIFTY26O0623050PE,5,2026-06-28,2026-10-06,1,1,1,200,ok
2026-10-06 13:21:22,/history,NSE:NIFTY26O0623050CE,5S,2026-08-29,2026-09-28,1,1,1,200,ok
2026-10-06 13:21:23,/history,NSE:NIFTY26O0623050CE,60,2026-06-28,2026-10-06,1,1,1,200,ok
2026-10-06 13:21:23,/history,NSE:NIFTY26O0623050PE,60,2026-06-28,2026-10-06,1,1,1,200,ok
2026-10-06 13:21:23,/history,NSE:NIFTY26O0623050CE,D,2026-06-28,2026-10-06,1,1,1,200,ok
2026-10-06 13:21:23,/history,NSE:NIFTY26O0623100CE,5S,2026-06-28,2026-07-28,1,1,1,200,no_data
2026-10-06 13:21:23,/history,NSE:NIFTY26O0623050PE,D,2026-06-28,2026-10-06,1,1,1,200,ok
2026-10-06 13:21:23,/history,NSE:NIFTY26O0623100CE,5S,2026-07-29,2026-08-28,1,1,1,200,no_data
2026-10-06 13:21:23,/history,NSE:NIFTY26O0623050PE,5S,2026-08-29,2026-09-28,1,1,1,200,ok
2026-10-06 13:21:23,/history,NSE:NIFTY26O0623100PE,5S,2026-06-28,2026-07-28,1,1,1,200,no_data
2026-10-06 13:21:24,/history,NSE:NIFTY26O0623100PE,5S,2026-07-29,2026-08-28,1,1,1,200,no_data
2026-10-06 13:21:24,/history,NSE:NIFTY26O0623050CE,5S,2026-09-29,2026-10-06,1,1,1,200,ok
2026-10-06 13:21:26,/history,NSE:NIFTY26O0623050PE,5S,2026-09-29,2026-10-06,1,1,1,200,ok
2026-10-06 13:21:26,/history,NSE:NIFTY26O0623100CE,5S,2026-08-29,2026-09-28,1,1,1,200,ok
2026-10-06 13:21:27,/history,NSE:NIFTY26O0623100PE,5S,2026-08-29,2026-09-28,1,1,1,200,ok
2026-10-06 13:21:27,/history,NSE:NIFTY26O0623100CE,5S,2026-09-29,2026-10-06,1,1,1,200,ok
2026-10-06 13:21:28,/history,NSE:NIFTY26O0623100CE,1,2026-06-28,2026-10-06,1,1,1,200,ok
2026-10-06 13:21:28,/history,NSE:NIFTY26O0623100PE,5S,2026-09-29,2026-10-06,1,1,1,200,ok
2026-10-06 13:21:29,/history,NSE:NIFTY26O0623100CE,5,2026-06-28,2026-10-06,1,1,1,200,ok
2026-10-06 13:21:29,/history,NSE:NIFTY26O0623100PE,1,2026-06-28,2026-10-06,1,1,1,200,ok
2026-10-06 13:21:29,/history,NSE:NIFTY26O0623100PE,5,2026-06-28,2026-10-06,1,1,1,200,ok
2026-10-06 13:21:29,/history,NSE:NIFTY26O0623100CE,60,2026-06-28,2026-10-06,1,1,1,200,ok
2026-10-06 13:21:29,/history,NSE:NIFTY26O0623100PE,60,2026-06-28,2026-10-06,1,1,1,200,ok
2026-10-06 13:21:30,/history,NSE:NIFTY26O0623100CE,D,2026-06-28,2026-10-06,1,1,1,200,ok
2026-10-06 13:21:30,/history,NSE:NIFTY26O0623100PE,D,2026-06-28,2026-10-06,1,1,1,200,ok
2026-10-06 13:21:30,/history,NSE:NIFTY26O0623150PE,5S,2026-06-28,2026-07-28,1,1,1,200,no_data
2026-10-06 13:21:30,/history,NSE:NIFTY26O0623150CE,5S,2026-06-28,2026-07-28,1,1,1,200,no_data
2026-10-06 13:21:30,/history,NSE:NIFTY26O0623150PE,5S,2026-07-29,2026-08-28,1,1,1,200,no_data
2026-10-06 13:21:30,/history,NSE:NIFTY26O0623150CE,5S,2026-07-29,2026-08-28,1,1,1,200,no_data
2026-10-06 13:21:30,/history,NSE:NIFTY26O0623150CE,1,2026-06-28,2026-10-06,1,1,1,200,ok
2026-10-06 13:21:31,/history,NSE:NIFTY26O0623150PE,1,2026-06-28,2026-10-06,1,1,1,200,ok
2026-10-06 13:21:31,/history,NSE:NIFTY26O0623150CE,5,2026-06-28,2026-10-06,1,1,1,200,ok
2026-10-06 13:21:31,/history,NSE:NIFTY26O0623150PE,60,2026-06-28,2026-10-06,1,1,1,200,ok
2026-10-06 13:21:31,/history,NSE:NIFTY26O0623150PE,5,2026-06-28,2026-10-06,1,1,1,200,ok
2026-10-06 13:21:31,/history,NSE:NIFTY26O0623150CE,60,2026-06-28,2026-10-06,1,1,1,200,ok
2026-10-06 13:21:31,/history,NSE:NIFTY26O0623150CE,D,2026-06-28,2026-10-06,1,1,1,200,ok
2026-10-06 13:21:31,/history,NSE:NIFTY26O0623150PE,D,2026-06-28,2026-10-06,1,1,1,200,ok
2026-10-06 13:21:32,/history,NSE:NIFTY26O0623200CE,5S,2026-06-28,2026-07-28,1,1,1,200,no_data
2026-10-06 13:21:32,/history,NSE:NIFTY26O0623200PE,5S,2026-06-28,2026-07-28,1,1,1,200,no_data
2026-10-06 13:21:32,/history,NSE:NIFTY26O0623150PE,5S,2026-08-29,2026-09-28,1,1,1,200,ok
2026-10-06 13:21:32,/history,NSE:NIFTY26O0623200CE,5S,2026-07-29,2026-08-28,1,1,1,200,no_data
2026-10-06 13:21:32,/history,NSE:NIFTY26O0623200PE,5S,2026-07-29,2026-08-28,1,1,1,200,no_data
2026-10-06 13:21:32,/history,NSE:NIFTY26O0623150CE,5S,2026-08-29,2026-09-28,1,1,1,200,ok
2026-10-06 13:21:32,/history,NSE:NIFTY26O0623200CE,1,2026-06-28,2026-10-06,1,1,1,200,ok
2026-10-06 13:21:33,/history,NSE:NIFTY26O0623150PE,5S,2026-09-29,2026-10-06,1,1,1,200,ok
2026-10-06 13:21:33,/history,NSE:NIFTY26O0623200PE,1,2026-06-28,2026-10-06,1,1,1,200,ok
2026-10-06 13:21:34,/history,NSE:NIFTY26O0623200CE,5,2026-06-28,2026-10-06,1,1,1,200,ok
2026-10-06 13:21:34,/history,NSE:NIFTY26O0623150CE,5S,2026-09-29,2026-10-06,1,1,1,200,ok
2026-10-06 13:21:34,/history,NSE:NIFTY26O0623200CE,5S,2026-08-29,2026-09-28,1,1,1,200,ok
2026-10-06 13:21:35,/history,NSE:NIFTY26O0623200PE,5,2026-06-28,2026-10-06,1,1,1,200,ok
2026-10-06 13:21:35,/history,NSE:NIFTY26O0623200PE,5S,2026-08-29,2026-09-28,1,1,1,200,ok
2026-10-06 13:21:35,/history,NSE:NIFTY26O0623200CE,60,2026-06-28,2026-10-06,1,1,1,200,ok
2026-10-06 13:21:35,/history,NSE:NIFTY26O0623200PE,60,2026-06-28,2026-10-06,1,1,1,200,ok
2026-10-06 13:21:35,/history,NSE:NIFTY26O0623200CE,5S,2026-09-29,2026-10-06,1,1,1,200,ok
2026-10-06 13:21:35,/history,NSE:NIFTY26O0623200CE,D,2026-06-28,2026-10-06,1,1,1,200,ok
2026-10-06 13:21:36,/history,NSE:NIFTY26O0623200PE,D,2026-06-28,2026-10-06,1,1,1,200,ok
2026-10-06 13:21:36,/history,NSE:NIFTY26O0623200PE,5S,2026-09-29,2026-10-06,1,1,1,200,ok
2026-10-06 13:21:36,/history,NSE:NIFTY26O0623250CE,5S,2026-06-28,2026-07-28,1,1,1,200,no_data
2026-10-06 13:21:36,/history,NSE:NIFTY26O0623250CE,5S,2026-07-29,2026-08-28,1,1,1,200,no_data
2026-10-06 13:21:39,/history,NSE:NIFTY26O0623250PE,5S,2026-06-28,2026-07-28,1,1,1,200,no_data
2026-10-06 13:21:39,/history,NSE:NIFTY26O0623250PE,5S,2026-07-29,2026-08-28,1,1,1,200,no_data
2026-10-06 13:21:39,/history,NSE:NIFTY26O0623250CE,1,2026-06-28,2026-10-06,1,1,1,200,ok
2026-10-06 13:21:39,/history,NSE:NIFTY26O0623250CE,5S,2026-08-29,2026-09-28,1,1,1,200,ok
2026-10-06 13:21:40,/history,NSE:NIFTY26O0623250PE,1,2026-06-28,2026-10-06,1,1,1,200,ok
2026-10-06 13:21:41,/history,NSE:NIFTY26O0623250CE,5S,2026-09-29,2026-10-06,1,1,1,200,ok
2026-10-06 13:21:41,/history,NSE:NIFTY26O0623250CE,5,2026-06-28,2026-10-06,1,1,1,200,ok
2026-10-06 13:21:41,/history,NSE:NIFTY26O0623250PE,5S,2026-08-29,2026-09-28,1,1,1,200,ok
2026-10-06 13:21:41,/history,NSE:NIFTY26O0623250PE,5,2026-06-28,2026-10-06,1,1,1,200,ok
2026-10-06 13:21:41,/history,NSE:NIFTY26O0623250CE,60,2026-06-28,2026-10-06,1,1,1,200,ok
2026-10-06 13:21:41,/history,NSE:NIFTY26O0623250PE,60,2026-06-28,2026-10-06,1,1,1,200,ok
2026-10-06 13:21:41,/history,NSE:NIFTY26O0623250CE,D,2026-06-28,2026-10-06,1,1,1,200,ok
2026-10-06 13:21:42,/history,NSE:NIFTY26O0623250PE,D,2026-06-28,2026-10-06,1,1,1,200,ok
2026-10-06 13:21:42,/history,NSE:NIFTY26O0623300PE,5S,2026-06-28,2026-07-28,1,1,1,200,no_data
2026-10-06 13:21:42,/history,NSE:NIFTY26O0623300CE,5S,2026-06-28,2026-07-28,1,1,1,200,no_data
2026-10-06 13:21:42,/history,NSE:NIFTY26O0623250PE,5S,2026-09-29,2026-10-06,1,1,1,200,ok
2026-10-06 13:21:42,/history,NSE:NIFTY26O0623300PE,5S,2026-07-29,2026-08-28,1,1,1,200,no_data
2026-10-06 13:21:42,/history,NSE:NIFTY26O0623300CE,1,2026-06-28,2026-10-06,1,1,1,200,ok
2026-10-06 13:21:42,/history,NSE:NIFTY26O0623300CE,5S,2026-07-29,2026-08-28,1,1,1,200,no_data
2026-10-06 13:21:43,/history,NSE:NIFTY26O0623300PE,1,2026-06-28,2026-10-06,1,1,1,200,ok
2026-10-06 13:21:44,/history,NSE:NIFTY26O0623300CE,5,2026-06-28,2026-10-06,1,1,1,200,ok
2026-10-06 13:21:44,/history,NSE:NIFTY26O0623300PE,5,2026-06-28,2026-10-06,1,1,1,200,ok
2026-10-06 13:21:44,/history,NSE:NIFTY26O0623300CE,60,2026-06-28,2026-10-06,1,1,1,200,ok
2026-10-06 13:21:44,/history,NSE:NIFTY26O0623300CE,D,2026-06-28,2026-10-06,1,1,1,200,ok
2026-10-06 13:21:44,/history,NSE:NIFTY26O0623300PE,60,2026-06-28,2026-10-06,1,1,1,200,ok
2026-10-06 13:21:45,/history,NSE:NIFTY26O0623300PE,5S,2026-08-29,2026-09-28,1,1,1,200,ok
2026-10-06 13:21:45,/history,NSE:NIFTY26O0623300PE,D,2026-06-28,2026-10-06,1,1,1,200,ok
2026-10-06 13:21:45,/history,NSE:NIFTY26O0623300CE,5S,2026-08-29,2026-09-28,1,1,1,200,ok
2026-10-06 13:21:45,/history,NSE:NIFTY26O0623350CE,5S,2026-06-28,2026-07-28,1,1,1,200,no_data
2026-10-06 13:21:45,/history,NSE:NIFTY26O0623350PE,5S,2026-06-28,2026-07-28,1,1,1,200,no_data
2026-10-06 13:21:45,/history,NSE:NIFTY26O0623350CE,5S,2026-07-29,2026-08-28,1,1,1,200,no_data
2026-10-06 13:21:45,/history,NSE:NIFTY26O0623350CE,1,2026-06-28,2026-10-06,1,1,1,200,ok
2026-10-06 13:21:45,/history,NSE:NIFTY26O0623350PE,5S,2026-07-29,2026-08-28,1,1,1,200,no_data
2026-10-06 13:21:46,/history,NSE:NIFTY26O0623300PE,5S,2026-09-29,2026-10-06,1,1,1,200,ok
2026-10-06 13:21:46,/history,NSE:NIFTY26O0623300CE,5S,2026-09-29,2026-10-06,1,1,1,200,ok
2026-10-06 13:21:47,/history,NSE:NIFTY26O0623350PE,1,2026-06-28,2026-10-06,1,1,1,200,ok
2026-10-06 13:21:47,/history,NSE:NIFTY26O0623350CE,5S,2026-08-29,2026-09-28,1,1,1,200,ok
2026-10-06 13:21:48,/history,NSE:NIFTY26O0623350CE,5,2026-06-28,2026-10-06,1,1,1,200,ok
2026-10-06 13:21:48,/history,NSE:NIFTY26O0623350PE,5S,2026-08-29,2026-09-28,1,1,1,200,ok
2026-10-06 13:21:48,/history,NSE:NIFTY26O0623350PE,5,2026-06-28,2026-10-06,1,1,1,200,ok
2026-10-06 13:21:48,/history,NSE:NIFTY26O0623350CE,5S,2026-09-29,2026-10-06,1,1,1,200,ok
2026-10-06 13:21:49,/history,NSE:NIFTY26O0623350CE,60,2026-06-28,2026-10-06,1,1,1,200,ok
2026-10-06 13:21:49,/history,NSE:NIFTY26O0623350PE,5S,2026-09-29,2026-10-06,1,1,1,200,ok
2026-10-06 13:21:49,/history,NSE:NIFTY26O0623350PE,60,2026-06-28,2026-10-06,1,1,1,200,ok
2026-10-06 13:21:49,/history,NSE:NIFTY26O0623350CE,D,2026-06-28,2026-10-06,1,1,1,200,ok
2026-10-06 13:21:49,/history,NSE:NIFTY26O0623350PE,D,2026-06-28,2026-10-06,1,1,1,200,ok
2026-10-06 13:21:50,/history,NSE:NIFTY26O0623400CE,5S,2026-06-28,2026-07-28,1,1,1,200,no_data
2026-10-06 13:21:50,/history,NSE:NIFTY26O0623400CE,5S,2026-07-29,2026-08-28,1,1,1,200,no_data
2026-10-06 13:21:52,/history,NSE:NIFTY26O0623400PE,5S,2026-06-28,2026-07-28,1,1,1,200,no_data
2026-10-06 13:21:52,/history,NSE:NIFTY26O0623400PE,5S,2026-07-29,2026-08-28,1,1,1,200,no_data
2026-10-06 13:21:53,/history,NSE:NIFTY26O0623400CE,5S,2026-08-29,2026-09-28,1,1,1,200,ok
2026-10-06 13:21:53,/history,NSE:NIFTY26O0623400CE,1,2026-06-28,2026-10-06,1,1,1,200,ok
2026-10-06 13:21:54,/history,NSE:NIFTY26O0623400PE,1,2026-06-28,2026-10-06,1,1,1,200,ok
2026-10-06 13:21:54,/history,NSE:NIFTY26O0623400CE,5,2026-06-28,2026-10-06,1,1,1,200,ok
2026-10-06 13:21:54,/history,NSE:NIFTY26O0623400CE,5S,2026-09-29,2026-10-06,1,1,1,200,ok
2026-10-06 13:21:54,/history,NSE:NIFTY26O0623400PE,5,2026-06-28,2026-10-06,1,1,1,200,ok
2026-10-06 13:21:54,/history,NSE:NIFTY26O0623400PE,5S,2026-08-29,2026-09-28,1,1,1,200,ok
2026-10-06 13:21:54,/history,NSE:NIFTY26O0623400CE,60,2026-06-28,2026-10-06,1,1,1,200,ok
2026-10-06 13:21:55,/history,NSE:NIFTY26O0623400PE,60,2026-06-28,2026-10-06,1,1,1,200,ok
2026-10-06 13:21:55,/history,NSE:NIFTY26O0623400CE,D,2026-06-28,2026-10-06,1,1,1,200,ok
2026-10-06 13:21:55,/history,NSE:NIFTY26O0623400PE,D,2026-06-28,2026-10-06,1,1,1,200,ok
2026-10-06 13:21:55,/history,NSE:NIFTY26O0623450CE,5S,2026-06-28,2026-07-28,1,1,1,200,no_data
2026-10-06 13:21:55,/history,NSE:NIFTY26O0623450PE,5S,2026-06-28,2026-07-28,1,1,1,200,no_data
2026-10-06 13:21:55,/history,NSE:NIFTY26O0623450CE,5S,2026-07-29,2026-08-28,1,1,1,200,no_data
2026-10-06 13:21:55,/history,NSE:NIFTY26O0623400PE,5S,2026-09-29,2026-10-06,1,1,1,200,ok
2026-10-06 13:21:55,/history,NSE:NIFTY26O0623450CE,1,2026-06-28,2026-10-06,1,1,1,200,ok
2026-10-06 13:21:55,/history,NSE:NIFTY26O0623450PE,5S,2026-07-29,2026-08-28,1,1,1,200,no_data
2026-10-06 13:21:56,/history,NSE:NIFTY26O0623450PE,1,2026-06-28,2026-10-06,1,1,1,200,ok
2026-10-06 13:21:56,/history,NSE:NIFTY26O0623450CE,5,2026-06-28,2026-10-06,1,1,1,200,ok
2026-10-06 13:21:57,/history,NSE:NIFTY26O0623450PE,5,2026-06-28,2026-10-06,1,1,1,200,ok
2026-10-06 13:21:57,/history,NSE:NIFTY26O0623450CE,60,2026-06-28,2026-10-06,1,1,1,200,ok
2026-10-06 13:21:57,/history,NSE:NIFTY26O0623450PE,60,2026-06-28,2026-10-06,1,1,1,200,ok
2026-10-06 13:21:57,/history,NSE:NIFTY26O0623450PE,D,2026-06-28,2026-10-06,1,1,1,200,ok
2026-10-06 13:21:57,/history,NSE:NIFTY26O0623450CE,D,2026-06-28,2026-10-06,1,1,1,200,ok
2026-10-06 13:21:58,/history,NSE:NIFTY26O0623450CE,5S,2026-08-29,2026-09-28,1,1,1,200,ok
2026-10-06 13:21:58,/history,NSE:NIFTY26O0623500CE,5S,2026-06-28,2026-07-28,1,1,1,200,no_data
2026-10-06 13:21:58,/history,NSE:NIFTY26O0623500PE,5S,2026-06-28,2026-07-28,1,1,1,200,no_data
2026-10-06 13:21:58,/history,NSE:NIFTY26O0623500CE,5S,2026-07-29,2026-08-28,1,1,1,200,no_data
2026-10-06 13:21:58,/history,NSE:NIFTY26O0623450PE,5S,2026-08-29,2026-09-28,1,1,1,200,ok
2026-10-06 13:21:58,/history,NSE:NIFTY26O0623450CE,5S,2026-09-29,2026-10-06,1,1,1,200,ok
2026-10-06 13:21:59,/history,NSE:NIFTY26O0623500PE,1,2026-06-28,2026-10-06,1,1,1,200,ok
2026-10-06 13:22:03,/history,NSE:NIFTY26O0623500CE,5,2026-06-28,2026-10-06,1,1,1,200,ok
2026-10-06 13:22:05,/history,NSE:NIFTY26O0623500CE,1,2026-06-28,2026-10-06,1,1,1,200,ok
2026-10-06 13:22:09,/history,NSE:NIFTY26O0623500PE,5S,2026-07-29,2026-08-28,1,1,1,200,no_data
2026-10-06 13:22:10,/history,NSE:NIFTY26O0623500PE,5,2026-06-28,2026-10-06,1,1,1,200,ok
2026-10-06 13:22:12,/history,NSE:NIFTY26O0623500CE,60,2026-06-28,2026-10-06,1,1,1,200,ok
2026-10-06 13:22:12,/history,NSE:NIFTY26O0623500PE,60,2026-06-28,2026-10-06,1,1,1,200,ok
2026-10-06 13:22:13,/history,NSE:NIFTY26O0623500CE,D,2026-06-28,2026-10-06,1,1,1,200,ok
2026-10-06 13:22:13,/history,NSE:NIFTY26O0623500CE,5S,2026-08-29,2026-09-28,1,1,1,200,ok
2026-10-06 13:22:13,/history,NSE:NIFTY26O0623500PE,D,2026-06-28,2026-10-06,1,1,1,200,ok
2026-10-06 13:22:13,/history,NSE:NIFTY26O0623550CE,5S,2026-06-28,2026-07-28,1,1,1,200,no_data
2026-10-06 13:22:13,/history,NSE:NIFTY26O0623550PE,5S,2026-06-28,2026-07-28,1,1,1,200,no_data
2026-10-06 13:22:13,/history,NSE:NIFTY26O0623450PE,5S,2026-09-29,2026-10-06,1,1,1,200,ok
2026-10-06 13:22:13,/history,NSE:NIFTY26O0623550CE,5S,2026-07-29,2026-08-28,1,1,1,200,no_data
2026-10-06 13:22:14,/history,NSE:NIFTY26O0623550PE,5S,2026-07-29,2026-08-28,1,1,1,200,no_data
2026-10-06 13:22:14,/history,NSE:NIFTY26O0623500PE,5S,2026-08-29,2026-09-28,1,1,1,200,ok
2026-10-06 13:22:14,/history,NSE:NIFTY26O0623500CE,5S,2026-09-29,2026-10-06,1,1,1,200,ok
2026-10-06 13:22:16,/history,NSE:NIFTY26O0623500PE,5S,2026-09-29,2026-10-06,1,1,1,200,ok
2026-10-06 13:22:18,/history,NSE:NIFTY26O0623550CE,5S,2026-08-29,2026-09-28,1,1,1,200,ok
2026-10-06 13:22:18,/history,NSE:NIFTY26O0623550PE,5S,2026-08-29,2026-09-28,1,1,1,200,ok
2026-10-06 13:22:19,/history,NSE:NIFTY26O0623550PE,5S,2026-09-29,2026-10-06,1,1,1,200,ok
2026-10-06 13:22:19,/history,NSE:NIFTY26O0623550CE,5S,2026-09-29,2026-10-06,1,1,1,200,ok
2026-10-06 13:22:21,/history,NSE:NIFTY26O0623550CE,1,2026-06-28,2026-10-06,1,1,1,200,ok
2026-10-06 13:22:21,/history,NSE:NIFTY26O0623550PE,1,2026-06-28,2026-10-06,1,1,1,200,ok
2026-10-06 13:22:22,/history,NSE:NIFTY26O0623550CE,5,2026-06-28,2026-10-06,1,1,1,200,ok
2026-10-06 13:22:22,/history,NSE:NIFTY26O0623550PE,5,2026-06-28,2026-10-06,1,1,1,200,ok
2026-10-06 13:22:22,/history,NSE:NIFTY26O0623550CE,60,2026-06-28,2026-10-06,1,1,1,200,ok
2026-10-06 13:22:22,/history,NSE:NIFTY26O0623550PE,60,2026-06-28,2026-10-06,1,1,1,200,ok
2026-10-06 13:22:22,/history,NSE:NIFTY26O0623550CE,D,2026-06-28,2026-10-06,1,1,1,200,ok
2026-10-06 13:22:22,/history,NSE:NIFTY26O0623550PE,D,2026-06-28,2026-10-06,1,1,1,200,ok
2026-10-06 13:22:22,/history,NSE:NIFTY26O0623600CE,5S,2026-06-28,2026-07-28,1,1,1,200,no_data
2026-10-06 13:22:22,/history,NSE:NIFTY26O0623600PE,5S,2026-06-28,2026-07-28,1,1,1,200,no_data
2026-10-06 13:22:23,/history,NSE:NIFTY26O0623600CE,1,2026-06-28,2026-10-06,1,1,1,200,ok
2026-10-06 13:22:23,/history,NSE:NIFTY26O0623600CE,5S,2026-07-29,2026-08-28,1,1,1,200,no_data
2026-10-06 13:22:23,/history,NSE:NIFTY26O0623600PE,1,2026-06-28,2026-10-06,1,1,1,200,ok
2026-10-06 13:22:23,/history,NSE:NIFTY26O0623600PE,5S,2026-07-29,2026-08-28,1,1,1,200,no_data
2026-10-06 13:22:23,/history,NSE:NIFTY26O0623600CE,60,2026-06-28,2026-10-06,1,1,1,200,ok
2026-10-06 13:22:23,/history,NSE:NIFTY26O0623600PE,5,2026-06-28,2026-10-06,1,1,1,200,ok
2026-10-06 13:22:23,/history,NSE:NIFTY26O0623600CE,5,2026-06-28,2026-10-06,1,1,1,200,ok
2026-10-06 13:22:23,/history,NSE:NIFTY26O0623600PE,60,2026-06-28,2026-10-06,1,1,1,200,ok
2026-10-06 13:22:23,/history,NSE:NIFTY26O0623600PE,D,2026-06-28,2026-10-06,1,1,1,200,ok
2026-10-06 13:22:24,/history,NSE:NIFTY26O0623650PE,5S,2026-06-28,2026-07-28,1,1,1,200,no_data
2026-10-06 13:22:24,/history,NSE:NIFTY26O0623650CE,5S,2026-06-28,2026-07-28,1,1,1,200,no_data
2026-10-06 13:22:24,/history,NSE:NIFTY26O0623650CE,5S,2026-07-29,2026-08-28,1,1,1,200,no_data
2026-10-06 13:22:24,/history,NSE:NIFTY26O0623600CE,D,2026-06-28,2026-10-06,1,1,1,200,ok
2026-10-06 13:22:24,/history,NSE:NIFTY26O0623650PE,5S,2026-07-29,2026-08-28,1,1,1,200,no_data
2026-10-06 13:22:25,/history,NSE:NIFTY26O0623650CE,1,2026-06-28,2026-10-06,1,1,1,200,ok
2026-10-06 13:22:25,/history,NSE:NIFTY26O0623600CE,5S,2026-08-29,2026-09-28,1,1,1,200,ok
2026-10-06 13:22:26,/history,NSE:NIFTY26O0623650PE,1,2026-06-28,2026-10-06,1,1,1,200,ok
2026-10-06 13:22:27,/history,NSE:NIFTY26O0623600CE,5S,2026-09-29,2026-10-06,1,1,1,200,ok
2026-10-06 13:22:27,/history,NSE:NIFTY26O0623650CE,5S,2026-08-29,2026-09-28,1,1,1,200,ok
2026-10-06 13:22:28,/history,NSE:NIFTY26O0623600PE,5S,2026-08-29,2026-09-28,1,1,1,200,ok
2026-10-06 13:22:29,/history,NSE:NIFTY26O0623650CE,5,2026-06-28,2026-10-06,1,1,1,200,ok
2026-10-06 13:22:29,/history,NSE:NIFTY26O0623650PE,5S,2026-08-29,2026-09-28,1,1,1,200,ok
2026-10-06 13:22:29,/history,NSE:NIFTY26O0623650CE,5S,2026-09-29,2026-10-06,1,1,1,200,ok
2026-10-06 13:22:29,/history,NSE:NIFTY26O0623650PE,5,2026-06-28,2026-10-06,1,1,1,200,ok
2026-10-06 13:22:30,/history,NSE:NIFTY26O0623650CE,60,2026-06-28,2026-10-06,1,1,1,200,ok
2026-10-06 13:22:30,/history,NSE:NIFTY26O0623650PE,60,2026-06-28,2026-10-06,1,1,1,200,ok
2026-10-06 13:22:30,/history,NSE:NIFTY26O0623650PE,5S,2026-09-29,2026-10-06,1,1,1,200,ok
2026-10-06 13:22:31,/history,NSE:NIFTY26O0623600PE,5S,2026-09-29,2026-10-06,1,1,1,200,ok
2026-10-06 13:22:31,/history,NSE:NIFTY26O0623650CE,D,2026-06-28,2026-10-06,1,1,1,200,ok
2026-10-06 13:22:31,/history,NSE:NIFTY26O0623650PE,D,2026-06-28,2026-10-06,1,1,1,200,ok
2026-10-06 13:22:31,/history,NSE:NIFTY26O0623700CE,5S,2026-06-28,2026-07-28,1,1,1,200,no_data
2026-10-06 13:22:32,/history,NSE:NIFTY26O0623700CE,5S,2026-07-29,2026-08-28,1,1,1,200,no_data
2026-10-06 13:22:34,/history,NSE:NIFTY26O0623700PE,5S,2026-06-28,2026-07-28,1,1,1,200,no_data
2026-10-06 13:22:34,/history,NSE:NIFTY26O0623700PE,5S,2026-07-29,2026-08-28,1,1,1,200,no_data
2026-10-06 13:22:34,/history,NSE:NIFTY26O0623700CE,5S,2026-08-29,2026-09-28,1,1,1,200,ok
2026-10-06 13:22:34,/history,NSE:NIFTY26O0623700CE,1,2026-06-28,2026-10-06,1,1,1,200,ok
2026-10-06 13:22:35,/history,NSE:NIFTY26O0623700PE,1,2026-06-28,2026-10-06,1,1,1,200,ok
2026-10-06 13:22:35,/history,NSE:NIFTY26O0623700CE,5,2026-06-28,2026-10-06,1,1,1,200,ok
2026-10-06 13:22:35,/history,NSE:NIFTY26O0623700CE,5S,2026-09-29,2026-10-06,1,1,1,200,ok
2026-10-06 13:22:36,/history,NSE:NIFTY26O0623700PE,5,2026-06-28,2026-10-06,1,1,1,200,ok
2026-10-06 13:22:36,/history,NSE:NIFTY26O0623700PE,5S,2026-08-29,2026-09-28,1,1,1,200,ok
2026-10-06 13:22:36,/history,NSE:NIFTY26O0623700PE,60,2026-06-28,2026-10-06,1,1,1,200,ok
2026-10-06 13:22:36,/history,NSE:NIFTY26O0623700CE,60,2026-06-28,2026-10-06,1,1,1,200,ok
2026-10-06 13:22:36,/history,NSE:NIFTY26O0623700CE,D,2026-06-28,2026-10-06,1,1,1,200,ok
2026-10-06 13:22:37,/history,NSE:NIFTY26O0623700PE,D,2026-06-28,2026-10-06,1,1,1,200,ok
2026-10-06 13:22:37,/history,NSE:NIFTY26O0623750CE,5S,2026-06-28,2026-07-28,1,1,1,200,no_data
2026-10-06 13:22:37,/history,NSE:NIFTY26O0623750PE,5S,2026-06-28,2026-07-28,1,1,1,200,no_data
2026-10-06 13:22:37,/history,NSE:NIFTY26O0623700PE,5S,2026-09-29,2026-10-06,1,1,1,200,ok
2026-10-06 13:22:37,/history,NSE:NIFTY26O0623750CE,5S,2026-07-29,2026-08-28,1,1,1,200,no_data
2026-10-06 13:22:37,/history,NSE:NIFTY26O0623750CE,1,2026-06-28,2026-10-06,1,1,1,200,ok
2026-10-06 13:22:37,/history,NSE:NIFTY26O0623750PE,5S,2026-07-29,2026-08-28,1,1,1,200,no_data
2026-10-06 13:22:38,/history,NSE:NIFTY26O0623750PE,1,2026-06-28,2026-10-06,1,1,1,200,ok
2026-10-06 13:22:38,/history,NSE:NIFTY26O0623750CE,5,2026-06-28,2026-10-06,1,1,1,200,ok
2026-10-06 13:22:39,/history,NSE:NIFTY26O0623750PE,5,2026-06-28,2026-10-06,1,1,1,200,ok
2026-10-06 13:22:39,/history,NSE:NIFTY26O0623750CE,60,2026-06-28,2026-10-06,1,1,1,200,ok
2026-10-06 13:22:39,/history,NSE:NIFTY26O0623750CE,5S,2026-08-29,2026-09-28,1,1,1,200,ok
2026-10-06 13:22:40,/history,NSE:NIFTY26O0623750PE,60,2026-06-28,2026-10-06,1,1,1,200,ok
2026-10-06 13:22:40,/history,NSE:NIFTY26O0623750PE,5S,2026-08-29,2026-09-28,1,1,1,200,ok
2026-10-06 13:22:40,/history,NSE:NIFTY26O0623750CE,D,2026-06-28,2026-10-06,1,1,1,200,ok
2026-10-06 13:22:40,/history,NSE:NIFTY26O0623750PE,D,2026-06-28,2026-10-06,1,1,1,200,ok
2026-10-06 13:22:40,/history,NSE:NIFTY26O0623750CE,5S,2026-09-29,2026-10-06,1,1,1,200,ok
2026-10-06 13:22:40,/history,NSE:NIFTY26O0623800CE,5S,2026-06-28,2026-07-28,1,1,1,200,no_data
2026-10-06 13:22:40,/history,NSE:NIFTY26O0623800PE,5S,2026-06-28,2026-07-28,1,1,1,200,no_data
2026-10-06 13:22:40,/history,NSE:NIFTY26O0623800CE,5S,2026-07-29,2026-08-28,1,1,1,200,no_data
2026-10-06 13:22:41,/history,NSE:NIFTY26O0623800PE,5S,2026-07-29,2026-08-28,1,1,1,200,no_data
2026-10-06 13:22:41,/history,NSE:NIFTY26O0623750PE,5S,2026-09-29,2026-10-06,1,1,1,200,ok
2026-10-06 13:22:43,/history,NSE:NIFTY26O0623800CE,1,2026-06-28,2026-10-06,1,1,1,200,ok
2026-10-06 13:22:45,/history,NSE:NIFTY26O0623800PE,1,2026-06-28,2026-10-06,1,1,1,200,ok
2026-10-06 13:22:45,/history,NSE:NIFTY26O0623800PE,5S,2026-08-29,2026-09-28,1,1,1,200,ok
2026-10-06 13:22:45,/history,NSE:NIFTY26O0623800CE,5S,2026-08-29,2026-09-28,1,1,1,200,ok
2026-10-06 13:22:45,/history,NSE:NIFTY26O0623800CE,5,2026-06-28,2026-10-06,1,1,1,200,ok
2026-10-06 13:22:46,/history,NSE:NIFTY26O0623800PE,5S,2026-09-29,2026-10-06,1,1,1,200,ok
2026-10-06 13:22:46,/history,NSE:NIFTY26O0623800PE,5,2026-06-28,2026-10-06,1,1,1,200,ok
2026-10-06 13:22:46,/history,NSE:NIFTY26O0623800CE,5S,2026-09-29,2026-10-06,1,1,1,200,ok
2026-10-06 13:22:47,/history,NSE:NIFTY26O0623800CE,60,2026-06-28,2026-10-06,1,1,1,200,ok
2026-10-06 13:22:47,/history,NSE:NIFTY26O0623800PE,60,2026-06-28,2026-10-06,1,1,1,200,ok
2026-10-06 13:22:47,/history,NSE:NIFTY26O0623800CE,D,2026-06-28,2026-10-06,1,1,1,200,ok
2026-10-06 13:22:47,/history,NSE:NIFTY26O0623800PE,D,2026-06-28,2026-10-06,1,1,1,200,ok
2026-10-06 13:22:47,/history,NSE:NIFTY26O0623850CE,5S,2026-06-28,2026-07-28,1,1,1,200,no_data
2026-10-06 13:22:47,/history,NSE:NIFTY26O0623850PE,5S,2026-06-28,2026-07-28,1,1,1,200,no_data
2026-10-06 13:22:48,/history,NSE:NIFTY26O0623850CE,5S,2026-07-29,2026-08-28,1,1,1,200,no_data
2026-10-06 13:22:48,/history,NSE:NIFTY26O0623850PE,5S,2026-07-29,2026-08-28,1,1,1,200,no_data
2026-10-06 13:22:49,/history,NSE:NIFTY26O0623850PE,1,2026-06-28,2026-10-06,1,1,1,200,ok
2026-10-06 13:22:50,/history,NSE:NIFTY26O0623850PE,5S,2026-08-29,2026-09-28,1,1,1,200,ok
2026-10-06 13:22:50,/history,NSE:NIFTY26O0623850CE,5,2026-06-28,2026-10-06,1,1,1,200,ok
2026-10-06 13:22:50,/history,NSE:NIFTY26O0623850PE,5,2026-06-28,2026-10-06,1,1,1,200,ok
2026-10-06 13:22:50,/history,NSE:NIFTY26O0623850CE,5S,2026-08-29,2026-09-28,1,1,1,200,ok
2026-10-06 13:22:50,/history,NSE:NIFTY26O0623850CE,60,2026-06-28,2026-10-06,1,1,1,200,ok
2026-10-06 13:22:51,/history,NSE:NIFTY26O0623850PE,60,2026-06-28,2026-10-06,1,1,1,200,ok
2026-10-06 13:22:51,/history,NSE:NIFTY26O0623850PE,5S,2026-09-29,2026-10-06,1,1,1,200,ok
2026-10-06 13:22:51,/history,NSE:NIFTY26O0623850CE,D,2026-06-28,2026-10-06,1,1,1,200,ok
2026-10-06 13:22:51,/history,NSE:NIFTY26O0623850PE,D,2026-06-28,2026-10-06,1,1,1,200,ok
2026-10-06 13:22:51,/history,NSE:NIFTY26O0623900CE,5S,2026-06-28,2026-07-28,1,1,1,200,no_data
2026-10-06 13:22:51,/history,NSE:NIFTY26O0623850CE,5S,2026-09-29,2026-10-06,1,1,1,200,ok
2026-10-06 13:22:51,/history,NSE:NIFTY26O0623900PE,5S,2026-06-28,2026-07-28,1,1,1,200,no_data
2026-10-06 13:22:51,/history,NSE:NIFTY26O0623900CE,5S,2026-07-29,2026-08-28,1,1,1,200,no_data
2026-10-06 13:22:51,/history,NSE:NIFTY26O0623900PE,5S,2026-07-29,2026-08-28,1,1,1,200,no_data
2026-10-06 13:22:52,/history,NSE:NIFTY26O0623850CE,1,2026-06-28,2026-10-06,1,1,1,200,ok
2026-10-06 13:22:53,/history,NSE:NIFTY26O0623900CE,1,2026-06-28,2026-10-06,1,1,1,200,ok
2026-10-06 13:22:54,/history,NSE:NIFTY26O0623900PE,5S,2026-08-29,2026-09-28,1,1,1,200,ok
2026-10-06 13:22:55,/history,NSE:NIFTY26O0623900PE,1,2026-06-28,2026-10-06,1,1,1,200,ok
2026-10-06 13:22:56,/history,NSE:NIFTY26O0623900CE,5,2026-06-28,2026-10-06,1,1,1,200,ok
2026-10-06 13:22:56,/history,NSE:NIFTY26O0623900CE,5S,2026-08-29,2026-09-28,1,1,1,200,ok
2026-10-06 13:22:56,/history,NSE:NIFTY26O0623900PE,5S,2026-09-29,2026-10-06,1,1,1,200,ok
2026-10-06 13:22:56,/history,NSE:NIFTY26O0623900CE,60,2026-06-28,2026-10-06,1,1,1,200,ok
2026-10-06 13:22:56,/history,NSE:NIFTY26O0623900PE,5,2026-06-28,2026-10-06,1,1,1,200,ok
2026-10-06 13:22:57,/history,NSE:NIFTY26O0623900PE,60,2026-06-28,2026-10-06,1,1,1,200,ok
2026-10-06 13:22:57,/history,NSE:NIFTY26O0623900CE,D,2026-06-28,2026-10-06,1,1,1,200,ok
2026-10-06 13:22:57,/history,NSE:NIFTY26O0623900PE,D,2026-06-28,2026-10-06,1,1,1,200,ok
2026-10-06 13:22:57,/history,NSE:NIFTY26O0623950CE,5S,2026-06-28,2026-07-28,1,1,1,200,no_data
2026-10-06 13:22:57,/history,NSE:NIFTY26O0623950PE,5S,2026-06-28,2026-07-28,1,1,1,200,no_data
2026-10-06 13:22:57,/history,NSE:NIFTY26O0623900CE,5S,2026-09-29,2026-10-06,1,1,1,200,ok
2026-10-06 13:22:57,/history,NSE:NIFTY26O0623950CE,5S,2026-07-29,2026-08-28,1,1,1,200,no_data
2026-10-06 13:22:57,/history,NSE:NIFTY26O0623950PE,5S,2026-07-29,2026-08-28,1,1,1,200,no_data
2026-10-06 13:22:58,/history,NSE:NIFTY26O0623950CE,1,2026-06-28,2026-10-06,1,1,1,200,ok
2026-10-06 13:22:59,/history,NSE:NIFTY26O0623950PE,1,2026-06-28,2026-10-06,1,1,1,200,ok
2026-10-06 13:23:00,/history,NSE:NIFTY26O0623950PE,5S,2026-08-29,2026-09-28,1,1,1,200,ok
2026-10-06 13:23:00,/history,NSE:NIFTY26O0623950CE,5,2026-06-28,2026-10-06,1,1,1,200,ok
2026-10-06 13:23:00,/history,NSE:NIFTY26O0623950PE,5,2026-06-28,2026-10-06,1,1,1,200,ok
2026-10-06 13:23:01,/history,NSE:NIFTY26O0623950PE,5S,2026-09-29,2026-10-06,1,1,1,200,ok
2026-10-06 13:23:01,/history,NSE:NIFTY26O0623950CE,60,2026-06-28,2026-10-06,1,1,1,200,ok
2026-10-06 13:23:01,/history,NSE:NIFTY26O0623950CE,5S,2026-08-29,2026-09-28,1,1,1,200,ok
2026-10-06 13:23:01,/history,NSE:NIFTY26O0623950PE,60,2026-06-28,2026-10-06,1,1,1,200,ok
2026-10-06 13:23:01,/history,NSE:NIFTY26O0623950CE,D,2026-06-28,2026-10-06,1,1,1,200,ok
2026-10-06 13:23:02,/history,NSE:NIFTY26O0623950PE,D,2026-06-28,2026-10-06,1,1,1,200,ok
2026-10-06 13:23:02,/history,NSE:NIFTY26O0623950CE,5S,2026-09-29,2026-10-06,1,1,1,200,ok
2026-10-06 13:23:02,/history,NSE:NIFTY26O0624000CE,5S,2026-06-28,2026-07-28,1,1,1,200,no_data
2026-10-06 13:23:02,/history,NSE:NIFTY26O0624000PE,5S,2026-06-28,2026-07-28,1,1,1,200,no_data
2026-10-06 13:23:02,/history,NSE:NIFTY26O0624000CE,5S,2026-07-29,2026-08-28,1,1,1,200,no_data
2026-10-06 13:23:02,/history,NSE:NIFTY26O0624000PE,5S,2026-07-29,2026-08-28,1,1,1,200,no_data
2026-10-06 13:23:03,/history,NSE:NIFTY26O0624000CE,1,2026-06-28,2026-10-06,1,1,1,200,ok
2026-10-06 13:23:04,/history,NSE:NIFTY26O0624000PE,1,2026-06-28,2026-10-06,1,1,1,200,ok
2026-10-06 13:23:05,/history,NSE:NIFTY26O0624000PE,5S,2026-08-29,2026-09-28,1,1,1,200,ok
2026-10-06 13:23:06,/history,NSE:NIFTY26O0624000CE,5S,2026-08-29,2026-09-28,1,1,1,200,ok
2026-10-06 13:23:06,/history,NSE:NIFTY26O0624000CE,5,2026-06-28,2026-10-06,1,1,1,200,ok
2026-10-06 13:23:06,/history,NSE:NIFTY26O0624000PE,5,2026-06-28,2026-10-06,1,1,1,200,ok
2026-10-06 13:23:06,/history,NSE:NIFTY26O0624000PE,60,2026-06-28,2026-10-06,1,1,1,200,ok
2026-10-06 13:23:06,/history,NSE:NIFTY26O0624000CE,60,2026-06-28,2026-10-06,1,1,1,200,ok
2026-10-06 13:23:06,/history,NSE:NIFTY26O0624000PE,5S,2026-09-29,2026-10-06,1,1,1,200,ok
2026-10-06 13:23:06,/history,NSE:NIFTY26O0624000CE,D,2026-06-28,2026-10-06,1,1,1,200,ok
2026-10-06 13:23:06,/history,NSE:NIFTY26O0624000PE,D,2026-06-28,2026-10-06,1,1,1,200,ok
2026-10-06 13:23:06,/history,NSE:NIFTY26O0624050CE,5S,2026-06-28,2026-07-28,1,1,1,200,no_data
2026-10-06 13:23:07,/history,NSE:NIFTY26O0624050PE,5S,2026-06-28,2026-07-28,1,1,1,200,no_data
2026-10-06 13:23:07,/history,NSE:NIFTY26O0624000CE,5S,2026-09-29,2026-10-06,1,1,1,200,ok
2026-10-06 13:23:07,/history,NSE:NIFTY26O0624050CE,5S,2026-07-29,2026-08-28,1,1,1,200,no_data
2026-10-06 13:23:07,/history,NSE:NIFTY26O0624050PE,5S,2026-07-29,2026-08-28,1,1,1,200,no_data
2026-10-06 13:23:07,/history,NSE:NIFTY26O0624050CE,1,2026-06-28,2026-10-06,1,1,1,200,ok
2026-10-06 13:23:10,/history,NSE:NIFTY26O0624050PE,1,2026-06-28,2026-10-06,1,1,1,200,ok
2026-10-06 13:23:10,/history,NSE:NIFTY26O0624050PE,5S,2026-08-29,2026-09-28,1,1,1,200,ok
2026-10-06 13:23:11,/history,NSE:NIFTY26O0624050CE,5,2026-06-28,2026-10-06,1,1,1,200,ok
2026-10-06 13:23:11,/history,NSE:NIFTY26O0624050CE,5S,2026-08-29,2026-09-28,1,1,1,200,ok
2026-10-06 13:23:11,/history,NSE:NIFTY26O0624050PE,5S,2026-09-29,2026-10-06,1,1,1,200,ok
2026-10-06 13:23:11,/history,NSE:NIFTY26O0624050PE,5,2026-06-28,2026-10-06,1,1,1,200,ok
2026-10-06 13:23:12,/history,NSE:NIFTY26O0624050CE,60,2026-06-28,2026-10-06,1,1,1,200,ok
2026-10-06 13:23:12,/history,NSE:NIFTY26O0624050PE,60,2026-06-28,2026-10-06,1,1,1,200,ok
2026-10-06 13:23:12,/history,NSE:NIFTY26O0624050CE,5S,2026-09-29,2026-10-06,1,1,1,200,ok
2026-10-06 13:23:12,/history,NSE:NIFTY26O0624050CE,D,2026-06-28,2026-10-06,1,1,1,200,ok
2026-10-06 13:23:12,/history,NSE:NIFTY26O0624050PE,D,2026-06-28,2026-10-06,1,1,1,200,ok
2026-10-06 13:23:13,/history,NSE:NIFTY26O0624100CE,5S,2026-06-28,2026-07-28,1,1,1,200,no_data
2026-10-06 13:23:13,/history,NSE:NIFTY26O0624100CE,5S,2026-07-29,2026-08-28,1,1,1,200,no_data
2026-10-06 13:23:13,/history,NSE:NIFTY26O0624100PE,5S,2026-06-28,2026-07-28,1,1,1,200,no_data
2026-10-06 13:23:14,/history,NSE:NIFTY26O0624100PE,5S,2026-07-29,2026-08-28,1,1,1,200,no_data
2026-10-06 13:23:14,/history,NSE:NIFTY26O0624100CE,1,2026-06-28,2026-10-06,1,1,1,200,ok
2026-10-06 13:23:14,/history,NSE:NIFTY26O0624100PE,1,2026-06-28,2026-10-06,1,1,1,200,ok
2026-10-06 13:23:14,/history,NSE:NIFTY26O0624100PE,5,2026-06-28,2026-10-06,1,1,1,200,ok
2026-10-06 13:23:14,/history,NSE:NIFTY26O0624100CE,5,2026-06-28,2026-10-06,1,1,1,200,ok
2026-10-06 13:23:15,/history,NSE:NIFTY26O0624100PE,60,2026-06-28,2026-10-06,1,1,1,200,ok
2026-10-06 13:23:15,/history,NSE:NIFTY26O0624100CE,60,2026-06-28,2026-10-06,1,1,1,200,ok
2026-10-06 13:23:15,/history,NSE:NIFTY26O0624100CE,D,2026-06-28,2026-10-06,1,1,1,200,ok
2026-10-06 13:23:15,/history,NSE:NIFTY26O0624100PE,D,2026-06-28,2026-10-06,1,1,1,200,ok
2026-10-06 13:23:15,/history,NSE:NIFTY26O0624150CE,5S,2026-06-28,2026-07-28,1,1,1,200,no_data
2026-10-06 13:23:15,/history,NSE:NIFTY26O0624150PE,5S,2026-06-28,2026-07-28,1,1,1,200,no_data
2026-10-06 13:23:16,/history,NSE:NIFTY26O0624150CE,5S,2026-07-29,2026-08-28,1,1,1,200,no_data
2026-10-06 13:23:16,/history,NSE:NIFTY26O0624150PE,5S,2026-07-29,2026-08-28,1,1,1,200,no_data
2026-10-06 13:23:16,/history,NSE:NIFTY26O0624100PE,5S,2026-08-29,2026-09-28,1,1,1,200,ok
2026-10-06 13:23:16,/history,NSE:NIFTY26O0624100CE,5S,2026-08-29,2026-09-28,1,1,1,200,ok
2026-10-06 13:23:16,/history,NSE:NIFTY26O0624150CE,1,2026-06-28,2026-10-06,1,1,1,200,ok
2026-10-06 13:23:16,/history,NSE:NIFTY26O0624150PE,1,2026-06-28,2026-10-06,1,1,1,200,ok
2026-10-06 13:23:17,/history,NSE:NIFTY26O0624150PE,5S,2026-08-29,2026-09-28,1,1,1,200,ok
2026-10-06 13:23:17,/history,NSE:NIFTY26O0624100PE,5S,2026-09-29,2026-10-06,1,1,1,200,ok
2026-10-06 13:23:17,/history,NSE:NIFTY26O0624150CE,5,2026-06-28,2026-10-06,1,1,1,200,ok
2026-10-06 13:23:17,/history,NSE:NIFTY26O0624100CE,5S,2026-09-29,2026-10-06,1,1,1,200,ok
2026-10-06 13:23:18,/history,NSE:NIFTY26O0624150PE,5,2026-06-28,2026-10-06,1,1,1,200,ok
2026-10-06 13:23:19,/history,NSE:NIFTY26O0624150CE,5S,2026-08-29,2026-09-28,1,1,1,200,ok
2026-10-06 13:23:19,/history,NSE:NIFTY26O0624150CE,60,2026-06-28,2026-10-06,1,1,1,200,ok
2026-10-06 13:23:21,/history,NSE:NIFTY26O0624150CE,D,2026-06-28,2026-10-06,1,1,1,200,ok
2026-10-06 13:23:21,/history,NSE:NIFTY26O0624150CE,5S,2026-09-29,2026-10-06,1,1,1,200,ok
2026-10-06 13:23:22,/history,NSE:NIFTY26O0624150PE,60,2026-06-28,2026-10-06,1,1,1,200,ok
2026-10-06 13:23:22,/history,NSE:NIFTY26O0624150PE,D,2026-06-28,2026-10-06,1,1,1,200,ok
2026-10-06 13:23:22,/history,NSE:NIFTY26O0624200PE,5S,2026-06-28,2026-07-28,1,1,1,200,no_data
2026-10-06 13:23:22,/history,NSE:NIFTY26O0624150PE,5S,2026-09-29,2026-10-06,1,1,1,200,ok
2026-10-06 13:23:22,/history,NSE:NIFTY26O0624200PE,5S,2026-07-29,2026-08-28,1,1,1,200,no_data
2026-10-06 13:23:23,/history,NSE:NIFTY26O0624200CE,1,2026-06-28,2026-10-06,1,1,1,200,ok
2026-10-06 13:23:23,/history,NSE:NIFTY26O0624200CE,5S,2026-06-28,2026-07-28,1,1,1,200,no_data
2026-10-06 13:23:23,/history,NSE:NIFTY26O0624200CE,5S,2026-07-29,2026-08-28,1,1,1,200,no_data
2026-10-06 13:23:24,/history,NSE:NIFTY26O0624200PE,1,2026-06-28,2026-10-06,1,1,1,200,ok
2026-10-06 13:23:24,/history,NSE:NIFTY26O0624200PE,5S,2026-08-29,2026-09-28,1,1,1,200,ok
2026-10-06 13:23:24,/history,NSE:NIFTY26O0624200PE,5,2026-06-28,2026-10-06,1,1,1,200,ok
2026-10-06 13:23:24,/history,NSE:NIFTY26O0624200CE,5,2026-06-28,2026-10-06,1,1,1,200,ok
2026-10-06 13:23:24,/history,NSE:NIFTY26O0624200CE,60,2026-06-28,2026-10-06,1,1,1,200,ok
2026-10-06 13:23:25,/history,NSE:NIFTY26O0624200PE,60,2026-06-28,2026-10-06,1,1,1,200,ok
2026-10-06 13:23:25,/history,NSE:NIFTY26O0624200CE,D,2026-06-28,2026-10-06,1,1,1,200,ok
2026-10-06 13:23:25,/history,NSE:NIFTY26O0624200PE,5S,2026-09-29,2026-10-06,1,1,1,200,ok
2026-10-06 13:23:25,/history,NSE:NIFTY26O0624200PE,D,2026-06-28,2026-10-06,1,1,1,200,ok
2026-10-06 13:23:25,/history,NSE:NIFTY26O0624250CE,5S,2026-06-28,2026-07-28,1,1,1,200,no_data
2026-10-06 13:23:25,/history,NSE:NIFTY26O0624200CE,5S,2026-08-29,2026-09-28,1,1,1,200,ok
2026-10-06 13:23:25,/history,NSE:NIFTY26O0624250PE,5S,2026-06-28,2026-07-28,1,1,1,200,no_data
2026-10-06 13:23:25,/history,NSE:NIFTY26O0624250CE,5S,2026-07-29,2026-08-28,1,1,1,200,no_data
2026-10-06 13:23:26,/history,NSE:NIFTY26O0624250PE,5S,2026-07-29,2026-08-28,1,1,1,200,no_data
2026-10-06 13:23:26,/history,NSE:NIFTY26O0624250CE,1,2026-06-28,2026-10-06,1,1,1,200,ok
2026-10-06 13:23:26,/history,NSE:NIFTY26O0624250PE,5S,2026-08-29,2026-09-28,1,1,1,200,ok
2026-10-06 13:23:26,/history,NSE:NIFTY26O0624200CE,5S,2026-09-29,2026-10-06,1,1,1,200,ok
2026-10-06 13:23:27,/history,NSE:NIFTY26O0624250CE,5,2026-06-28,2026-10-06,1,1,1,200,ok
2026-10-06 13:23:27,/history,NSE:NIFTY26O0624250PE,1,2026-06-28,2026-10-06,1,1,1,200,ok
2026-10-06 13:23:27,/history,NSE:NIFTY26O0624250PE,5S,2026-09-29,2026-10-06,1,1,1,200,ok
2026-10-06 13:23:28,/history,NSE:NIFTY26O0624250CE,5S,2026-08-29,2026-09-28,1,1,1,200,ok
2026-10-06 13:23:28,/history,NSE:NIFTY26O0624250PE,5,2026-06-28,2026-10-06,1,1,1,200,ok
2026-10-06 13:23:29,/history,NSE:NIFTY26O0624250CE,5S,2026-09-29,2026-10-06,1,1,1,200,ok
2026-10-06 13:23:29,/history,NSE:NIFTY26O0624250CE,D,2026-06-28,2026-10-06,1,1,1,200,ok
2026-10-06 13:23:29,/history,NSE:NIFTY26O0624250PE,D,2026-06-28,2026-10-06,1,1,1,200,ok
2026-10-06 13:23:29,/history,NSE:NIFTY26O0624300CE,5S,2026-06-28,2026-07-28,1,1,1,200,no_data
2026-10-06 13:23:30,/history,NSE:NIFTY26O0624300CE,1,2026-06-28,2026-10-06,1,1,1,200,ok
2026-10-06 13:23:30,/history,NSE:NIFTY26O0624250PE,60,2026-06-28,2026-10-06,1,1,1,200,ok
2026-10-06 13:23:32,/history,NSE:NIFTY26O0624300CE,5S,2026-07-29,2026-08-28,1,1,1,200,no_data
2026-10-06 13:23:32,/history,NSE:NIFTY26O0624250CE,60,2026-06-28,2026-10-06,1,1,1,200,ok
2026-10-06 13:23:32,/history,NSE:NIFTY26O0624300PE,5S,2026-06-28,2026-07-28,1,1,1,200,no_data
2026-10-06 13:23:32,/history,NSE:NIFTY26O0624300PE,1,2026-06-28,2026-10-06,1,1,1,200,ok
2026-10-06 13:23:32,/history,NSE:NIFTY26O0624300CE,60,2026-06-28,2026-10-06,1,1,1,200,ok
2026-10-06 13:23:34,/history,NSE:NIFTY26O0624300CE,5,2026-06-28,2026-10-06,1,1,1,200,ok
2026-10-06 13:23:34,/history,NSE:NIFTY26O0624300PE,60,2026-06-28,2026-10-06,1,1,1,200,ok
2026-10-06 13:23:34,/history,NSE:NIFTY26O0624300PE,D,2026-06-28,2026-10-06,1,1,1,200,ok
2026-10-06 13:23:35,/history,NSE:NIFTY26O0624350CE,5S,2026-06-28,2026-07-28,1,1,1,200,no_data
2026-10-06 13:23:35,/history,NSE:NIFTY26O0624300PE,5S,2026-07-29,2026-08-28,1,1,1,200,no_data
2026-10-06 13:23:35,/history,NSE:NIFTY26O0624350CE,5S,2026-07-29,2026-08-28,1,1,1,200,no_data
2026-10-06 13:23:36,/history,NSE:NIFTY26O0624300CE,5S,2026-08-29,2026-09-28,1,1,1,200,ok
2026-10-06 13:23:36,/history,NSE:NIFTY26O0624300PE,5,2026-06-28,2026-10-06,1,1,1,200,ok
2026-10-06 13:23:37,/history,NSE:NIFTY26O0624350CE,5S,2026-08-29,2026-09-28,1,1,1,200,ok
2026-10-06 13:23:37,/history,NSE:NIFTY26O0624300CE,D,2026-06-28,2026-10-06,1,1,1,200,ok
2026-10-06 13:23:37,/history,NSE:NIFTY26O0624350PE,5S,2026-06-28,2026-07-28,1,1,1,200,no_data
2026-10-06 13:23:37,/history,NSE:NIFTY26O0624350CE,1,2026-06-28,2026-10-06,1,1,1,200,ok
2026-10-06 13:23:37,/history,NSE:NIFTY26O0624350PE,5S,2026-07-29,2026-08-28,1,1,1,200,no_data
2026-10-06 13:23:37,/history,NSE:NIFTY26O0624350CE,5S,2026-09-29,2026-10-06,1,1,1,200,ok
2026-10-06 13:23:38,/history,NSE:NIFTY26O0624300CE,5S,2026-09-29,2026-10-06,1,1,1,200,ok
2026-10-06 13:23:38,/history,NSE:NIFTY26O0624350PE,5S,2026-08-29,2026-09-28,1,1,1,200,ok
2026-10-06 13:23:38,/history,NSE:NIFTY26O0624350PE,1,2026-06-28,2026-10-06,1,1,1,200,ok
2026-10-06 13:23:38,/history,NSE:NIFTY26O0624300PE,5S,2026-08-29,2026-09-28,1,1,1,200,ok
2026-10-06 13:23:38,/history,NSE:NIFTY26O0624350PE,5S,2026-09-29,2026-10-06,1,1,1,200,ok
2026-10-06 13:23:38,/history,NSE:NIFTY26O0624350CE,5,2026-06-28,2026-10-06,1,1,1,200,ok
2026-10-06 13:23:39,/history,NSE:NIFTY26O0624350PE,5,2026-06-28,2026-10-06,1,1,1,200,ok
2026-10-06 13:23:39,/history,NSE:NIFTY26O0624350CE,60,2026-06-28,2026-10-06,1,1,1,200,ok
2026-10-06 13:23:39,/history,NSE:NIFTY26O0624300PE,5S,2026-09-29,2026-10-06,1,1,1,200,ok
2026-10-06 13:23:39,/history,NSE:NIFTY26O0624350CE,D,2026-06-28,2026-10-06,1,1,1,200,ok
2026-10-06 13:23:40,/history,NSE:NIFTY26O0624400CE,5S,2026-06-28,2026-07-28,1,1,1,200,no_data
2026-10-06 13:23:40,/history,NSE:NIFTY26O0624400CE,5S,2026-07-29,2026-08-28,1,1,1,200,no_data
2026-10-06 13:23:40,/history,NSE:NIFTY26O0624400PE,5S,2026-06-28,2026-07-28,1,1,1,200,no_data
2026-10-06 13:23:40,/history,NSE:NIFTY26O0624350PE,60,2026-06-28,2026-10-06,1,1,1,200,ok
2026-10-06 13:23:40,/history,NSE:NIFTY26O0624400PE,5S,2026-07-29,2026-08-28,1,1,1,200,no_data
2026-10-06 13:23:41,/history,NSE:NIFTY26O0624400CE,1,2026-06-28,2026-10-06,1,1,1,200,ok
2026-10-06 13:23:41,/history,NSE:NIFTY26O0624350PE,D,2026-06-28,2026-10-06,1,1,1,200,ok
2026-10-06 13:23:41,/history,NSE:NIFTY26O0624400CE,5,2026-06-28,2026-10-06,1,1,1,200,ok
2026-10-06 13:23:41,/history,NSE:NIFTY26O0624400PE,5,2026-06-28,2026-10-06,1,1,1,200,ok
2026-10-06 13:23:41,/history,NSE:NIFTY26O0624400PE,5S,2026-08-29,2026-09-28,1,1,1,200,ok
2026-10-06 13:23:42,/history,NSE:NIFTY26O0624400CE,5S,2026-08-29,2026-09-28,1,1,1,200,ok
2026-10-06 13:23:42,/history,NSE:NIFTY26O0624400CE,5S,2026-09-29,2026-10-06,1,1,1,200,ok
2026-10-06 13:23:44,/history,NSE:NIFTY26O0624400PE,60,2026-06-28,2026-10-06,1,1,1,200,ok
2026-10-06 13:23:45,/history,NSE:NIFTY26O0624400CE,60,2026-06-28,2026-10-06,1,1,1,200,ok
2026-10-06 13:23:45,/history,NSE:NIFTY26O0624450CE,5S,2026-06-28,2026-07-28,1,1,1,200,no_data
2026-10-06 13:23:46,/history,NSE:NIFTY26O0624400PE,5S,2026-09-29,2026-10-06,1,1,1,200,ok
2026-10-06 13:23:47,/history,NSE:NIFTY26O0624450CE,5S,2026-07-29,2026-08-28,1,1,1,200,no_data
2026-10-06 13:23:47,/history,NSE:NIFTY26O0624400PE,1,2026-06-28,2026-10-06,1,1,1,200,ok
2026-10-06 13:23:47,/history,NSE:NIFTY26O0624400PE,D,2026-06-28,2026-10-06,1,1,1,200,ok
2026-10-06 13:23:48,/history,NSE:NIFTY26O0624400CE,D,2026-06-28,2026-10-06,1,1,1,200,ok
2026-10-06 13:23:48,/history,NSE:NIFTY26O0624450PE,5S,2026-06-28,2026-07-28,1,1,1,200,no_data
2026-10-06 13:23:48,/history,NSE:NIFTY26O0624450PE,1,2026-06-28,2026-10-06,1,1,1,200,ok
2026-10-06 13:23:48,/history,NSE:NIFTY26O0624450CE,5,2026-06-28,2026-10-06,1,1,1,200,ok
2026-10-06 13:23:48,/history,NSE:NIFTY26O0624450PE,5,2026-06-28,2026-10-06,1,1,1,200,ok
2026-10-06 13:23:48,/history,NSE:NIFTY26O0624450PE,5S,2026-07-29,2026-08-28,1,1,1,200,no_data
2026-10-06 13:23:48,/history,NSE:NIFTY26O0624450CE,1,2026-06-28,2026-10-06,1,1,1,200,ok
2026-10-06 13:23:48,/history,NSE:NIFTY26O0624450CE,5S,2026-08-29,2026-09-28,1,1,1,200,ok
2026-10-06 13:23:49,/history,NSE:NIFTY26O0624450CE,D,2026-06-28,2026-10-06,1,1,1,200,ok
2026-10-06 13:23:49,/history,NSE:NIFTY26O0624450CE,5S,2026-09-29,2026-10-06,1,1,1,200,ok
2026-10-06 13:23:50,/history,NSE:NIFTY26O0624500CE,5S,2026-06-28,2026-07-28,1,1,1,200,no_data
2026-10-06 13:23:51,/history,NSE:NIFTY26O0624500CE,5S,2026-07-29,2026-08-28,1,1,1,200,no_data
2026-10-06 13:23:51,/history,NSE:NIFTY26O0624450CE,60,2026-06-28,2026-10-06,1,1,1,200,ok
2026-10-06 13:23:51,/history,NSE:NIFTY26O0624450PE,60,2026-06-28,2026-10-06,1,1,1,200,ok
2026-10-06 13:23:51,/history,NSE:NIFTY26O0624450PE,5S,2026-08-29,2026-09-28,1,1,1,200,ok
2026-10-06 13:23:51,/history,NSE:NIFTY26O0624450PE,D,2026-06-28,2026-10-06,1,1,1,200,ok
2026-10-06 13:23:51,/history,NSE:NIFTY26O0624500PE,5S,2026-06-28,2026-07-28,1,1,1,200,no_data
2026-10-06 13:23:51,/history,NSE:NIFTY26O0624500PE,5S,2026-07-29,2026-08-28,1,1,1,200,no_data
2026-10-06 13:23:52,/history,NSE:NIFTY26O0624500CE,5S,2026-08-29,2026-09-28,1,1,1,200,ok
2026-10-06 13:23:52,/history,NSE:NIFTY26O0624500PE,1,2026-06-28,2026-10-06,1,1,1,200,ok
2026-10-06 13:23:53,/history,NSE:NIFTY26O0624500CE,1,2026-06-28,2026-10-06,1,1,1,200,ok
2026-10-06 13:23:53,/history,NSE:NIFTY26O0624450PE,5S,2026-09-29,2026-10-06,1,1,1,200,ok
2026-10-06 13:23:53,/history,NSE:NIFTY26O0624500CE,5S,2026-09-29,2026-10-06,1,1,1,200,ok
2026-10-06 13:23:54,/history,NSE:NIFTY26O0624500PE,5S,2026-08-29,2026-09-28,1,1,1,200,ok
2026-10-06 13:23:54,/history,NSE:NIFTY26O0624500CE,5,2026-06-28,2026-10-06,1,1,1,200,ok
2026-10-06 13:23:54,/history,NSE:NIFTY26O0624500CE,D,2026-06-28,2026-10-06,1,1,1,200,ok
2026-10-06 13:23:55,/history,NSE:NIFTY26O0624500PE,5S,2026-09-29,2026-10-06,1,1,1,200,ok
2026-10-06 13:23:56,/history,NSE:NIFTY26O0624500PE,5,2026-06-28,2026-10-06,1,1,1,200,ok
2026-10-06 13:23:56,/history,NSE:NIFTY26O0624550PE,5S,2026-06-28,2026-07-28,1,1,1,200,no_data
2026-10-06 13:23:56,/history,NSE:NIFTY26O0624550PE,5S,2026-07-29,2026-08-28,1,1,1,200,no_data
2026-10-06 13:23:57,/history,NSE:NIFTY26O0624550PE,5S,2026-08-29,2026-09-28,1,1,1,200,ok
2026-10-06 13:23:57,/history,NSE:NIFTY26O0624500PE,D,2026-06-28,2026-10-06,1,1,1,200,ok
2026-10-06 13:23:57,/history,NSE:NIFTY26O0624550CE,5S,2026-06-28,2026-07-28,1,1,1,200,no_data
2026-10-06 13:23:57,/history,NSE:NIFTY26O0624500PE,60,2026-06-28,2026-10-06,1,1,1,200,ok
2026-10-06 13:23:58,/history,NSE:NIFTY26O0624550PE,5S,2026-09-29,2026-10-06,1,1,1,200,ok
2026-10-06 13:23:58,/history,NSE:NIFTY26O0624500CE,60,2026-06-28,2026-10-06,1,1,1,200,ok
2026-10-06 13:23:58,/history,NSE:NIFTY26O0624550CE,1,2026-06-28,2026-10-06,1,1,1,200,ok
2026-10-06 13:23:58,/history,NSE:NIFTY26O0624550CE,5S,2026-07-29,2026-08-28,1,1,1,200,no_data
2026-10-06 13:23:58,/history,NSE:NIFTY26O0624550CE,5,2026-06-28,2026-10-06,1,1,1,200,ok
2026-10-06 13:23:58,/history,NSE:NIFTY26O0624550PE,1,2026-06-28,2026-10-06,1,1,1,200,ok
2026-10-06 13:23:58,/history,NSE:NIFTY26O0624550PE,5,2026-06-28,2026-10-06,1,1,1,200,ok
2026-10-06 13:23:58,/history,NSE:NIFTY26O0624550CE,60,2026-06-28,2026-10-06,1,1,1,200,ok
2026-10-06 13:23:59,/history,NSE:NIFTY26O0624550PE,60,2026-06-28,2026-10-06,1,1,1,200,ok
2026-10-06 13:24:00,/history,NSE:NIFTY26O0624550CE,D,2026-06-28,2026-10-06,1,1,1,200,ok
2026-10-06 13:24:01,/history,NSE:NIFTY26O0624550CE,5S,2026-08-29,2026-09-28,1,1,1,200,ok
2026-10-06 13:24:01,/history,NSE:NIFTY26O0624550CE,5S,2026-09-29,2026-10-06,1,1,1,200,ok
2026-10-06 13:24:01,/history,NSE:NIFTY26O0624550PE,D,2026-06-28,2026-10-06,1,1,1,200,ok
2026-10-06 13:24:01,/history,NSE:NIFTY26O0624600CE,5S,2026-06-28,2026-07-28,1,1,1,200,no_data
2026-10-06 13:24:01,/history,NSE:NIFTY26O0624600PE,5S,2026-06-28,2026-07-28,1,1,1,200,no_data
2026-10-06 13:24:02,/history,NSE:NIFTY26O0624600CE,5,2026-06-28,2026-10-06,1,1,1,200,ok
2026-10-06 13:24:02,/history,NSE:NIFTY26O0624600PE,5,2026-06-28,2026-10-06,1,1,1,200,ok
2026-10-06 13:24:02,/history,NSE:NIFTY26O0624600CE,60,2026-06-28,2026-10-06,1,1,1,200,ok
2026-10-06 13:24:02,/history,NSE:NIFTY26O0624600PE,60,2026-06-28,2026-10-06,1,1,1,200,ok
2026-10-06 13:24:03,/history,NSE:NIFTY26O0624600CE,D,2026-06-28,2026-10-06,1,1,1,200,ok
2026-10-06 13:24:03,/history,NSE:NIFTY26O0624600PE,5S,2026-07-29,2026-08-28,1,1,1,200,no_data
2026-10-06 13:24:03,/history,NSE:NIFTY26O0624600PE,1,2026-06-28,2026-10-06,1,1,1,200,ok
2026-10-06 13:24:03,/history,NSE:NIFTY26O0624600CE,1,2026-06-28,2026-10-06,1,1,1,200,ok
2026-10-06 13:24:04,/history,NSE:NIFTY26O0624600CE,5S,2026-07-29,2026-08-28,1,1,1,200,no_data
2026-10-06 13:24:06,/history,NSE:NIFTY26O0624600PE,D,2026-06-28,2026-10-06,1,1,1,200,ok
2026-10-06 13:24:06,/history,NSE:NIFTY26O0624650PE,5S,2026-06-28,2026-07-28,1,1,1,200,no_data
2026-10-06 13:24:06,/history,NSE:NIFTY26O0624650CE,5S,2026-06-28,2026-07-28,1,1,1,200,no_data
2026-10-06 13:24:06,/history,NSE:NIFTY26O0624650CE,1,2026-06-28,2026-10-06,1,1,1,200,ok
2026-10-06 13:24:06,/history,NSE:NIFTY26O0624600PE,5S,2026-08-29,2026-09-28,1,1,1,200,ok
2026-10-06 13:24:06,/history,NSE:NIFTY26O0624650PE,5S,2026-07-29,2026-08-28,1,1,1,200,no_data
2026-10-06 13:24:06,/history,NSE:NIFTY26O0624650CE,5S,2026-07-29,2026-08-28,1,1,1,200,no_data
2026-10-06 13:24:07,/history,NSE:NIFTY26O0624650PE,5S,2026-08-29,2026-09-28,1,1,1,200,ok
2026-10-06 13:24:07,/history,NSE:NIFTY26O0624650PE,1,2026-06-28,2026-10-06,1,1,1,200,ok
2026-10-06 13:24:07,/history,NSE:NIFTY26O0624650CE,5,2026-06-28,2026-10-06,1,1,1,200,ok
2026-10-06 13:24:07,/history,NSE:NIFTY26O0624650PE,5S,2026-09-29,2026-10-06,1,1,1,200,ok
2026-10-06 13:24:08,/history,NSE:NIFTY26O0624600CE,5S,2026-08-29,2026-09-28,1,1,1,200,ok
2026-10-06 13:24:08,/history,NSE:NIFTY26O0624650CE,5S,2026-08-29,2026-09-28,1,1,1,200,ok
2026-10-06 13:24:08,/history,NSE:NIFTY26O0624650PE,5,2026-06-28,2026-10-06,1,1,1,200,ok
2026-10-06 13:24:08,/history,NSE:NIFTY26O0624600PE,5S,2026-09-29,2026-10-06,1,1,1,200,ok
2026-10-06 13:24:09,/history,NSE:NIFTY26O0624650PE,60,2026-06-28,2026-10-06,1,1,1,200,ok
2026-10-06 13:24:11,/history,NSE:NIFTY26O0624650PE,D,2026-06-28,2026-10-06,1,1,1,200,ok
2026-10-06 13:24:11,/history,NSE:NIFTY26O0624650CE,D,2026-06-28,2026-10-06,1,1,1,200,ok
2026-10-06 13:24:11,/history,NSE:NIFTY26O0624650CE,60,2026-06-28,2026-10-06,1,1,1,200,ok
2026-10-06 13:24:11,/history,NSE:NIFTY26O0624700CE,1,2026-06-28,2026-10-06,1,1,1,200,ok
2026-10-06 13:24:12,/history,NSE:NIFTY26O0624700PE,1,2026-06-28,2026-10-06,1,1,1,200,ok
2026-10-06 13:24:12,/history,NSE:NIFTY26O0624700PE,5S,2026-06-28,2026-07-28,1,1,1,200,no_data
2026-10-06 13:24:13,/history,NSE:NIFTY26O0624700CE,5S,2026-06-28,2026-07-28,1,1,1,200,no_data
2026-10-06 13:24:13,/history,NSE:NIFTY26O0624700CE,5,2026-06-28,2026-10-06,1,1,1,200,ok
2026-10-06 13:24:13,/history,NSE:NIFTY26O0624700PE,5,2026-06-28,2026-10-06,1,1,1,200,ok
2026-10-06 13:24:13,/history,NSE:NIFTY26O0624650CE,5S,2026-09-29,2026-10-06,1,1,1,200,ok
2026-10-06 13:24:14,/history,NSE:NIFTY26O0624600CE,5S,2026-09-29,2026-10-06,1,1,1,200,ok
2026-10-06 13:24:14,/history,NSE:NIFTY26O0624700CE,60,2026-06-28,2026-10-06,1,1,1,200,ok
2026-10-06 13:24:14,/history,NSE:NIFTY26O0624700CE,5S,2026-07-29,2026-08-28,1,1,1,200,no_data
2026-10-06 13:24:14,/history,NSE:NIFTY26O0624700PE,5S,2026-07-29,2026-08-28,1,1,1,200,no_data
2026-10-06 13:24:14,/history,NSE:NIFTY26O0624700PE,60,2026-06-28,2026-10-06,1,1,1,200,ok
2026-10-06 13:24:14,/history,NSE:NIFTY26O0624700CE,D,2026-06-28,2026-10-06,1,1,1,200,ok
2026-10-06 13:24:15,/history,NSE:NIFTY26O0624700PE,5S,2026-08-29,2026-09-28,1,1,1,200,ok
2026-10-06 13:24:15,/history,NSE:NIFTY26O0624700PE,5S,2026-09-29,2026-10-06,1,1,1,200,ok
2026-10-06 13:24:15,/history,NSE:NIFTY26O0624750CE,5S,2026-06-28,2026-07-28,1,1,1,200,no_data
2026-10-06 13:24:16,/history,NSE:NIFTY26O0624700PE,D,2026-06-28,2026-10-06,1,1,1,200,ok
2026-10-06 13:24:16,/history,NSE:NIFTY26O0624750CE,5S,2026-07-29,2026-08-28,1,1,1,200,no_data
2026-10-06 13:24:16,/history,NSE:NIFTY26O0624700CE,5S,2026-08-29,2026-09-28,1,1,1,200,ok
2026-10-06 13:24:16,/history,NSE:NIFTY26O0624750PE,5S,2026-06-28,2026-07-28,1,1,1,200,no_data
2026-10-06 13:24:16,/history,NSE:NIFTY26O0624750PE,5S,2026-07-29,2026-08-28,1,1,1,200,no_data
2026-10-06 13:24:17,/history,NSE:NIFTY26O0624700CE,5S,2026-09-29,2026-10-06,1,1,1,200,ok
2026-10-06 13:24:17,/history,NSE:NIFTY26O0624750PE,5S,2026-08-29,2026-09-28,1,1,1,200,ok
2026-10-06 13:24:17,/history,NSE:NIFTY26O0624750PE,5S,2026-09-29,2026-10-06,1,1,1,200,ok
2026-10-06 13:24:17,/history,NSE:NIFTY26O0624750CE,5S,2026-08-29,2026-09-28,1,1,1,200,ok
2026-10-06 13:24:17,/history,NSE:NIFTY26O0624750CE,1,2026-06-28,2026-10-06,1,1,1,200,ok
2026-10-06 13:24:17,/history,NSE:NIFTY26O0624750CE,5,2026-06-28,2026-10-06,1,1,1,200,ok
2026-10-06 13:24:17,/history,NSE:NIFTY26O0624750PE,1,2026-06-28,2026-10-06,1,1,1,200,ok
2026-10-06 13:24:18,/history,NSE:NIFTY26O0624750PE,5,2026-06-28,2026-10-06,1,1,1,200,ok
2026-10-06 13:24:18,/history,NSE:NIFTY26O0624750CE,5S,2026-09-29,2026-10-06,1,1,1,200,ok
2026-10-06 13:24:19,/history,NSE:NIFTY26O0624750CE,60,2026-06-28,2026-10-06,1,1,1,200,ok
2026-10-06 13:24:19,/history,NSE:NIFTY26O0624750PE,60,2026-06-28,2026-10-06,1,1,1,200,ok
2026-10-06 13:24:21,/history,NSE:NIFTY26O0624750PE,D,2026-06-28,2026-10-06,1,1,1,200,ok
2026-10-06 13:24:21,/history,NSE:NIFTY26O0624800CE,5S,2026-06-28,2026-07-28,1,1,1,200,no_data
2026-10-06 13:24:22,/history,NSE:NIFTY26O0624800PE,5S,2026-06-28,2026-07-28,1,1,1,200,no_data
2026-10-06 13:24:22,/history,NSE:NIFTY26O0624800CE,1,2026-06-28,2026-10-06,1,1,1,200,ok
2026-10-06 13:24:22,/history,NSE:NIFTY26O0624800PE,1,2026-06-28,2026-10-06,1,1,1,200,ok
2026-10-06 13:24:22,/history,NSE:NIFTY26O0624800CE,5,2026-06-28,2026-10-06,1,1,1,200,ok
2026-10-06 13:24:22,/history,NSE:NIFTY26O0624800PE,5,2026-06-28,2026-10-06,1,1,1,200,ok
2026-10-06 13:24:23,/history,NSE:NIFTY26O0624800CE,60,2026-06-28,2026-10-06,1,1,1,200,ok
2026-10-06 13:24:23,/history,NSE:NIFTY26O0624800PE,60,2026-06-28,2026-10-06,1,1,1,200,ok
2026-10-06 13:24:23,/history,NSE:NIFTY26O0624750CE,D,2026-06-28,2026-10-06,1,1,1,200,ok
2026-10-06 13:24:23,/history,NSE:NIFTY26O0624800PE,5S,2026-07-29,2026-08-28,1,1,1,200,no_data
2026-10-06 13:24:24,/history,NSE:NIFTY26O0624800PE,5S,2026-08-29,2026-09-28,1,1,1,200,ok
2026-10-06 13:24:24,/history,NSE:NIFTY26O0624800CE,D,2026-06-28,2026-10-06,1,1,1,200,ok
2026-10-06 13:24:24,/history,NSE:NIFTY26O0624850PE,5S,2026-06-28,2026-07-28,1,1,1,200,no_data
2026-10-06 13:24:24,/history,NSE:NIFTY26O0624800CE,5S,2026-07-29,2026-08-28,1,1,1,200,no_data
2026-10-06 13:24:24,/history,NSE:NIFTY26O0624850PE,5S,2026-07-29,2026-08-28,1,1,1,200,no_data
2026-10-06 13:24:24,/history,NSE:NIFTY26O0624800PE,5S,2026-09-29,2026-10-06,1,1,1,200,ok
2026-10-06 13:24:25,/history,NSE:NIFTY26O0624800PE,D,2026-06-28,2026-10-06,1,1,1,200,ok
2026-10-06 13:24:25,/history,NSE:NIFTY26O0624850CE,1,2026-06-28,2026-10-06,1,1,1,200,ok
2026-10-06 13:24:25,/history,NSE:NIFTY26O0624850PE,1,2026-06-28,2026-10-06,1,1,1,200,ok
2026-10-06 13:24:25,/history,NSE:NIFTY26O0624850CE,5S,2026-06-28,2026-07-28,1,1,1,200,no_data
2026-10-06 13:24:25,/history,NSE:NIFTY26O0624850CE,5S,2026-07-29,2026-08-28,1,1,1,200,no_data
2026-10-06 13:24:26,/history,NSE:NIFTY26O0624850PE,5,2026-06-28,2026-10-06,1,1,1,200,ok
2026-10-06 13:24:26,/history,NSE:NIFTY26O0624850CE,5,2026-06-28,2026-10-06,1,1,1,200,ok
2026-10-06 13:24:26,/history,NSE:NIFTY26O0624800CE,5S,2026-08-29,2026-09-28,1,1,1,200,ok
2026-10-06 13:24:27,/history,NSE:NIFTY26O0624850CE,60,2026-06-28,2026-10-06,1,1,1,200,ok
2026-10-06 13:24:27,/history,NSE:NIFTY26O0624850PE,5S,2026-08-29,2026-09-28,1,1,1,200,ok
2026-10-06 13:24:27,/history,NSE:NIFTY26O0624850CE,5S,2026-08-29,2026-09-28,1,1,1,200,ok
2026-10-06 13:24:27,/history,NSE:NIFTY26O0624850PE,60,2026-06-28,2026-10-06,1,1,1,200,ok
2026-10-06 13:24:27,/history,NSE:NIFTY26O0624850PE,5S,2026-09-29,2026-10-06,1,1,1,200,ok
2026-10-06 13:24:27,/history,NSE:NIFTY26O0624800CE,5S,2026-09-29,2026-10-06,1,1,1,200,ok
2026-10-06 13:24:29,/history,NSE:NIFTY26O0624900CE,5S,2026-06-28,2026-07-28,1,1,1,200,no_data
2026-10-06 13:24:29,/history,NSE:NIFTY26O0624900CE,5S,2026-07-29,2026-08-28,1,1,1,200,no_data
2026-10-06 13:24:29,/history,NSE:NIFTY26O0624850CE,D,2026-06-28,2026-10-06,1,1,1,200,ok
2026-10-06 13:24:29,/history,NSE:NIFTY26O0624900PE,5S,2026-06-28,2026-07-28,1,1,1,200,no_data
2026-10-06 13:24:30,/history,NSE:NIFTY26O0624900PE,5S,2026-07-29,2026-08-28,1,1,1,200,no_data
2026-10-06 13:24:30,/history,NSE:NIFTY26O0624850CE,5S,2026-09-29,2026-10-06,1,1,1,200,ok
2026-10-06 13:24:31,/history,NSE:NIFTY26O0624900PE,5S,2026-08-29,2026-09-28,1,1,1,200,ok
2026-10-06 13:24:32,/history,NSE:NIFTY26O0624900PE,5S,2026-09-29,2026-10-06,1,1,1,200,ok
2026-10-06 13:24:32,/history,NSE:NIFTY26O0624850PE,D,2026-06-28,2026-10-06,1,1,1,200,ok
2026-10-06 13:24:32,/history,NSE:NIFTY26O0624900PE,1,2026-06-28,2026-10-06,1,1,1,200,ok
2026-10-06 13:24:32,/history,NSE:NIFTY26O0624900CE,1,2026-06-28,2026-10-06,1,1,1,200,ok
2026-10-06 13:24:33,/history,NSE:NIFTY26O0624900CE,5S,2026-08-29,2026-09-28,1,1,1,200,ok
2026-10-06 13:24:34,/history,NSE:NIFTY26O0624900PE,5,2026-06-28,2026-10-06,1,1,1,200,ok
2026-10-06 13:24:34,/history,NSE:NIFTY26O0624900CE,5,2026-06-28,2026-10-06,1,1,1,200,ok
2026-10-06 13:24:34,/history,NSE:NIFTY26O0624900CE,60,2026-06-28,2026-10-06,1,1,1,200,ok
2026-10-06 13:24:34,/history,NSE:NIFTY26O0624900CE,D,2026-06-28,2026-10-06,1,1,1,200,ok
2026-10-06 13:24:35,/history,NSE:NIFTY26O0624900PE,D,2026-06-28,2026-10-06,1,1,1,200,ok
2026-10-06 13:24:35,/history,NSE:NIFTY26O0624950CE,5S,2026-06-28,2026-07-28,1,1,1,200,no_data
2026-10-06 13:24:36,/history,NSE:NIFTY26O0624900CE,5S,2026-09-29,2026-10-06,1,1,1,200,ok
2026-10-06 13:24:36,/history,NSE:NIFTY26O0624900PE,60,2026-06-28,2026-10-06,1,1,1,200,ok
2026-10-06 13:24:37,/history,NSE:NIFTY26O0624950PE,5S,2026-06-28,2026-07-28,1,1,1,200,no_data
2026-10-06 13:24:37,/history,NSE:NIFTY26O0624950CE,5,2026-06-28,2026-10-06,1,1,1,200,ok
2026-10-06 13:24:37,/history,NSE:NIFTY26O0624950PE,5,2026-06-28,2026-10-06,1,1,1,200,ok
2026-10-06 13:24:38,/history,NSE:NIFTY26O0624950CE,60,2026-06-28,2026-10-06,1,1,1,200,ok
2026-10-06 13:24:38,/history,NSE:NIFTY26O0624950PE,1,2026-06-28,2026-10-06,1,1,1,200,ok
2026-10-06 13:24:38,/history,NSE:NIFTY26O0624950CE,5S,2026-07-29,2026-08-28,1,1,1,200,no_data
2026-10-06 13:24:38,/history,NSE:NIFTY26O0624950PE,60,2026-06-28,2026-10-06,1,1,1,200,ok
2026-10-06 13:24:38,/history,NSE:NIFTY26O0624950CE,1,2026-06-28,2026-10-06,1,1,1,200,ok
2026-10-06 13:24:38,/history,NSE:NIFTY26O0624950PE,5S,2026-07-29,2026-08-28,1,1,1,200,no_data
2026-10-06 13:24:38,/history,NSE:NIFTY26O0624950PE,5S,2026-08-29,2026-09-28,1,1,1,200,ok
2026-10-06 13:24:38,/history,NSE:NIFTY26O0625000CE,5S,2026-06-28,2026-07-28,1,1,1,200,no_data
2026-10-06 13:24:38,/history,NSE:NIFTY26O0625000CE,5S,2026-07-29,2026-08-28,1,1,1,200,no_data
2026-10-06 13:24:39,/history,NSE:NIFTY26O0624950PE,5S,2026-09-29,2026-10-06,1,1,1,200,no_data
2026-10-06 13:24:40,/history,NSE:NIFTY26O0625000CE,5S,2026-08-29,2026-09-28,1,1,1,200,ok
2026-10-06 13:24:40,/history,NSE:NIFTY26O0625000PE,5S,2026-06-28,2026-07-28,1,1,1,200,no_data
2026-10-06 13:24:40,/history,NSE:NIFTY26O0624950CE,D,2026-06-28,2026-10-06,1,1,1,200,ok
2026-10-06 13:24:41,/history,NSE:NIFTY26O0624950CE,5S,2026-08-29,2026-09-28,1,1,1,200,ok
2026-10-06 13:24:41,/history,NSE:NIFTY26O0624950PE,D,2026-06-28,2026-10-06,1,1,1,200,ok
2026-10-06 13:24:41,/history,NSE:NIFTY26O0625000PE,5S,2026-07-29,2026-08-28,1,1,1,200,no_data
2026-10-06 13:24:41,/history,NSE:NIFTY26O0625000PE,1,2026-06-28,2026-10-06,1,1,1,200,ok
2026-10-06 13:24:41,/history,NSE:NIFTY26O0624950CE,5S,2026-09-29,2026-10-06,1,1,1,200,ok
2026-10-06 13:24:41,/history,NSE:NIFTY26O0625000CE,1,2026-06-28,2026-10-06,1,1,1,200,ok
2026-10-06 13:24:42,/history,NSE:NIFTY26O0625000CE,5S,2026-09-29,2026-10-06,1,1,1,200,ok
2026-10-06 13:24:42,/history,NSE:NIFTY26O0625000CE,5,2026-06-28,2026-10-06,1,1,1,200,ok
2026-10-06 13:24:43,/history,NSE:NIFTY26O0625000PE,5S,2026-08-29,2026-09-28,1,1,1,200,ok
2026-10-06 13:24:43,/history,NSE:NIFTY26O0625000PE,5,2026-06-28,2026-10-06,1,1,1,200,ok
2026-10-06 13:24:43,/history,NSE:NIFTY26O0625000CE,60,2026-06-28,2026-10-06,1,1,1,200,ok
2026-10-06 13:24:43,/history,NSE:NIFTY26O0625000PE,5S,2026-09-29,2026-10-06,1,1,1,200,ok
2026-10-06 13:24:44,/history,NSE:NIFTY26O0625050CE,5S,2026-06-28,2026-07-28,1,1,1,200,no_data
2026-10-06 13:24:45,/history,NSE:NIFTY26O0625050PE,5S,2026-06-28,2026-07-28,1,1,1,200,no_data
2026-10-06 13:24:46,/history,NSE:NIFTY26O0625050CE,5S,2026-07-29,2026-08-28,1,1,1,200,no_data
2026-10-06 13:24:46,/history,NSE:NIFTY26O0625050PE,5S,2026-07-29,2026-08-28,1,1,1,200,no_data
2026-10-06 13:24:47,/history,NSE:NIFTY26O0625000PE,60,2026-06-28,2026-10-06,1,1,1,200,ok
2026-10-06 13:24:48,/history,NSE:NIFTY26O0625050CE,5S,2026-08-29,2026-09-28,1,1,1,200,ok
2026-10-06 13:24:48,/history,NSE:NIFTY26O0625050PE,5S,2026-08-29,2026-09-28,1,1,1,200,ok
2026-10-06 13:24:48,/history,NSE:NIFTY26O0625000PE,D,2026-06-28,2026-10-06,1,1,1,200,ok
2026-10-06 13:24:48,/history,NSE:NIFTY26O0625000CE,D,2026-06-28,2026-10-06,1,1,1,200,ok
2026-10-06 13:24:48,/history,NSE:NIFTY26O0625050CE,1,2026-06-28,2026-10-06,1,1,1,200,ok
2026-10-06 13:24:49,/history,NSE:NIFTY26O0625050CE,5,2026-06-28,2026-10-06,1,1,1,200,ok
2026-10-06 13:24:49,/history,NSE:NIFTY26O0625050PE,1,2026-06-28,2026-10-06,1,1,1,200,ok
2026-10-06 13:24:49,/history,NSE:NIFTY26O0625050PE,5S,2026-09-29,2026-10-06,1,1,1,200,ok
2026-10-06 13:24:49,/history,NSE:NIFTY26O0625050CE,5S,2026-09-29,2026-10-06,1,1,1,200,ok
2026-10-06 13:24:49,/history,NSE:NIFTY26O0625050CE,60,2026-06-28,2026-10-06,1,1,1,200,ok
2026-10-06 13:24:49,/history,NSE:NIFTY26O0625050PE,5,2026-06-28,2026-10-06,1,1,1,200,ok
2026-10-06 13:24:49,/history,NSE:NIFTY26O0625050PE,60,2026-06-28,2026-10-06,1,1,1,200,ok
2026-10-06 13:24:50,/history,NSE:NIFTY26O0625100PE,5S,2026-06-28,2026-07-28,1,1,1,200,no_data
2026-10-06 13:24:51,/history,NSE:NIFTY26O0625100PE,5S,2026-07-29,2026-08-28,1,1,1,200,no_data
2026-10-06 13:24:51,/history,NSE:NIFTY26O0625100PE,5S,2026-08-29,2026-09-28,1,1,1,200,ok
2026-10-06 13:24:51,/history,NSE:NIFTY26O0625100CE,1,2026-06-28,2026-10-06,1,1,1,200,ok
2026-10-06 13:24:51,/history,NSE:NIFTY26O0625050CE,D,2026-06-28,2026-10-06,1,1,1,200,ok
2026-10-06 13:24:51,/history,NSE:NIFTY26O0625100PE,5S,2026-09-29,2026-10-06,1,1,1,200,ok
2026-10-06 13:24:51,/history,NSE:NIFTY26O0625050PE,D,2026-06-28,2026-10-06,1,1,1,200,ok
2026-10-06 13:24:51,/history,NSE:NIFTY26O0625100CE,5S,2026-06-28,2026-07-28,1,1,1,200,no_data
2026-10-06 13:24:52,/history,NSE:NIFTY26O0625100PE,1,2026-06-28,2026-10-06,1,1,1,200,ok
2026-10-06 13:24:52,/history,NSE:NIFTY26O0625100CE,5,2026-06-28,2026-10-06,1,1,1,200,ok
2026-10-06 13:24:53,/history,NSE:NIFTY26O0625100CE,60,2026-06-28,2026-10-06,1,1,1,200,ok
2026-10-06 13:24:53,/history,NSE:NIFTY26O0625100PE,5,2026-06-28,2026-10-06,1,1,1,200,ok
2026-10-06 13:24:53,/history,NSE:NIFTY26O0625100CE,5S,2026-07-29,2026-08-28,1,1,1,200,no_data
2026-10-06 13:24:53,/history,NSE:NIFTY26O0625100PE,60,2026-06-28,2026-10-06,1,1,1,200,ok
2026-10-06 13:24:54,/history,NSE:NIFTY26O0625100CE,D,2026-06-28,2026-10-06,1,1,1,200,ok
2026-10-06 13:24:55,/history,NSE:NIFTY26O0625100PE,D,2026-06-28,2026-10-06,1,1,1,200,ok
2026-10-06 13:24:55,/history,NSE:NIFTY26O0625150CE,5S,2026-06-28,2026-07-28,1,1,1,200,no_data
2026-10-06 13:24:57,/history,NSE:NIFTY26O0625100CE,5S,2026-08-29,2026-09-28,1,1,1,200,ok
2026-10-06 13:24:57,/history,NSE:NIFTY26O0625150PE,5S,2026-06-28,2026-07-28,1,1,1,200,no_data
2026-10-06 13:24:57,/history,NSE:NIFTY26O0625150PE,1,2026-06-28,2026-10-06,1,1,1,200,no_data
2026-10-06 13:24:57,/history,NSE:NIFTY26O0625150CE,5S,2026-07-29,2026-08-28,1,1,1,200,no_data
2026-10-06 13:24:57,/history,NSE:NIFTY26O0625150CE,1,2026-06-28,2026-10-06,1,1,1,200,ok
2026-10-06 13:24:57,/history,NSE:NIFTY26O0625150PE,5S,2026-07-29,2026-08-28,1,1,1,200,no_data
2026-10-06 13:24:57,/history,NSE:NIFTY26O0625100CE,5S,2026-09-29,2026-10-06,1,1,1,200,ok
2026-10-06 13:24:58,/history,NSE:NIFTY26O0625150CE,60,2026-06-28,2026-10-06,1,1,1,200,ok
2026-10-06 13:24:58,/history,NSE:NIFTY26O0625150PE,5S,2026-08-29,2026-09-28,1,1,1,200,no_data
2026-10-06 13:24:58,/history,NSE:NIFTY26O0625150PE,60,2026-06-28,2026-10-06,1,1,1,200,no_data
2026-10-06 13:24:58,/history,NSE:NIFTY26O0625150CE,5,2026-06-28,2026-10-06,1,1,1,200,ok
2026-10-06 13:24:58,/history,NSE:NIFTY26O0625150PE,5,2026-06-28,2026-10-06,1,1,1,200,no_data
2026-10-06 13:24:58,/history,NSE:NIFTY26O0625150PE,5S,2026-09-29,2026-10-06,1,1,1,200,no_data
2026-10-06 13:24:58,/history,NSE:NIFTY26O0625150CE,D,2026-06-28,2026-10-06,1,1,1,200,ok
2026-10-06 13:24:59,/history,NSE:NIFTY26O0625150CE,5S,2026-08-29,2026-09-28,1,1,1,200,ok
2026-10-06 13:24:59,/history,NSE:NIFTY26O0625150PE,D,2026-06-28,2026-10-06,1,1,1,200,no_data
2026-10-06 13:25:01,/history,NSE:NIFTY26O0625200CE,5S,2026-06-28,2026-07-28,1,1,1,200,no_data
2026-10-06 13:25:01,/history,NSE:NIFTY26O0625200PE,5S,2026-06-28,2026-07-28,1,1,1,200,no_data
2026-10-06 13:25:02,/history,NSE:NIFTY26O0625150CE,5S,2026-09-29,2026-10-06,1,1,1,200,ok
2026-10-06 13:25:02,/history,NSE:NIFTY26O0625200CE,5S,2026-07-29,2026-08-28,1,1,1,200,no_data
2026-10-06 13:25:02,/history,NSE:NIFTY26O0625200PE,1,2026-06-28,2026-10-06,1,1,1,200,ok
2026-10-06 13:25:02,/history,NSE:NIFTY26O0625200CE,1,2026-06-28,2026-10-06,1,1,1,200,ok
2026-10-06 13:25:02,/history,NSE:NIFTY26O0625200CE,5,2026-06-28,2026-10-06,1,1,1,200,ok
2026-10-06 13:25:03,/history,NSE:NIFTY26O0625200PE,5,2026-06-28,2026-10-06,1,1,1,200,ok
2026-10-06 13:25:03,/history,NSE:NIFTY26O0625200CE,60,2026-06-28,2026-10-06,1,1,1,200,ok
2026-10-06 13:25:03,/history,NSE:NIFTY26O0625200PE,5S,2026-07-29,2026-08-28,1,1,1,200,no_data
2026-10-06 13:25:03,/history,NSE:NIFTY26O0625200PE,60,2026-06-28,2026-10-06,1,1,1,200,ok
2026-10-06 13:25:03,/history,NSE:NIFTY26O0625200CE,D,2026-06-28,2026-10-06,1,1,1,200,ok
2026-10-06 13:25:03,/history,NSE:NIFTY26O0625200CE,5S,2026-08-29,2026-09-28,1,1,1,200,ok
2026-10-06 13:25:03,/history,NSE:NIFTY26O0625200PE,5S,2026-08-29,2026-09-28,1,1,1,200,ok
2026-10-06 13:25:04,/history,NSE:NIFTY26O0625250PE,5S,2026-06-28,2026-07-28,1,1,1,200,no_data
2026-10-06 13:25:06,/history,NSE:NIFTY26O0625250PE,5S,2026-07-29,2026-08-28,1,1,1,200,no_data
2026-10-06 13:25:06,/history,NSE:NIFTY26O0625250PE,5S,2026-08-29,2026-09-28,1,1,1,200,ok
2026-10-06 13:25:06,/history,NSE:NIFTY26O0625250PE,5S,2026-09-29,2026-10-06,1,1,1,200,ok
2026-10-06 13:25:06,/history,NSE:NIFTY26O0625200PE,D,2026-06-28,2026-10-06,1,1,1,200,ok
2026-10-06 13:25:06,/history,NSE:NIFTY26O0625250CE,5S,2026-06-28,2026-07-28,1,1,1,200,no_data
2026-10-06 13:25:07,/history,NSE:NIFTY26O0625250CE,5S,2026-07-29,2026-08-28,1,1,1,200,no_data
2026-10-06 13:25:07,/history,NSE:NIFTY26O0625250CE,1,2026-06-28,2026-10-06,1,1,1,200,ok
2026-10-06 13:25:07,/history,NSE:NIFTY26O0625250PE,1,2026-06-28,2026-10-06,1,1,1,200,ok
2026-10-06 13:25:07,/history,NSE:NIFTY26O0625200CE,5S,2026-09-29,2026-10-06,1,1,1,200,ok
2026-10-06 13:25:07,/history,NSE:NIFTY26O0625250PE,5,2026-06-28,2026-10-06,1,1,1,200,ok
2026-10-06 13:25:07,/history,NSE:NIFTY26O0625200PE,5S,2026-09-29,2026-10-06,1,1,1,200,ok
2026-10-06 13:25:08,/history,NSE:NIFTY26O0625250CE,5,2026-06-28,2026-10-06,1,1,1,200,ok
2026-10-06 13:25:08,/history,NSE:NIFTY26O0625250CE,60,2026-06-28,2026-10-06,1,1,1,200,ok
2026-10-06 13:25:08,/history,NSE:NIFTY26O0625250CE,5S,2026-08-29,2026-09-28,1,1,1,200,ok
2026-10-06 13:25:08,/history,NSE:NIFTY26O0625250CE,D,2026-06-28,2026-10-06,1,1,1,200,ok
2026-10-06 13:25:10,/history,NSE:NIFTY26O0625300PE,5S,2026-06-28,2026-07-28,1,1,1,200,no_data
2026-10-06 13:25:11,/history,NSE:NIFTY26O0625300PE,5S,2026-07-29,2026-08-28,1,1,1,200,no_data
2026-10-06 13:25:11,/history,NSE:NIFTY26O0625250PE,60,2026-06-28,2026-10-06,1,1,1,200,ok
2026-10-06 13:25:11,/history,NSE:NIFTY26O0625300CE,5S,2026-06-28,2026-07-28,1,1,1,200,no_data
2026-10-06 13:25:12,/history,NSE:NIFTY26O0625250CE,5S,2026-09-29,2026-10-06,1,1,1,200,ok
2026-10-06 13:25:12,/history,NSE:NIFTY26O0625300PE,5S,2026-08-29,2026-09-28,1,1,1,200,no_data
2026-10-06 13:25:12,/history,NSE:NIFTY26O0625300CE,1,2026-06-28,2026-10-06,1,1,1,200,ok
2026-10-06 13:25:13,/history,NSE:NIFTY26O0625250PE,D,2026-06-28,2026-10-06,1,1,1,200,ok
2026-10-06 13:25:13,/history,NSE:NIFTY26O0625300PE,5S,2026-09-29,2026-10-06,1,1,1,200,ok
2026-10-06 13:25:13,/history,NSE:NIFTY26O0625300PE,1,2026-06-28,2026-10-06,1,1,1,200,ok
2026-10-06 13:25:13,/history,NSE:NIFTY26O0625300PE,5,2026-06-28,2026-10-06,1,1,1,200,ok
2026-10-06 13:25:13,/history,NSE:NIFTY26O0625300CE,60,2026-06-28,2026-10-06,1,1,1,200,ok
2026-10-06 13:25:14,/history,NSE:NIFTY26O0625300PE,60,2026-06-28,2026-10-06,1,1,1,200,ok
2026-10-06 13:25:15,/history,NSE:NIFTY26O0625300CE,5,2026-06-28,2026-10-06,1,1,1,200,ok
2026-10-06 13:25:15,/history,NSE:NIFTY26O0625300CE,D,2026-06-28,2026-10-06,1,1,1,200,ok
2026-10-06 13:25:15,/history,NSE:NIFTY26O0625300CE,5S,2026-07-29,2026-08-28,1,1,1,200,no_data
2026-10-06 13:25:15,/history,NSE:NIFTY26O0625300PE,D,2026-06-28,2026-10-06,1,1,1,200,ok
2026-10-06 13:25:15,/history,NSE:NIFTY26O0625350CE,5S,2026-06-28,2026-07-28,1,1,1,200,no_data
2026-10-06 13:25:15,/history,NSE:NIFTY26O0625350PE,5S,2026-06-28,2026-07-28,1,1,1,200,no_data
2026-10-06 13:25:16,/history,NSE:NIFTY26O0625300CE,5S,2026-08-29,2026-09-28,1,1,1,200,ok
2026-10-06 13:25:16,/history,NSE:NIFTY26O0625350CE,5S,2026-07-29,2026-08-28,1,1,1,200,no_data
2026-10-06 13:25:16,/history,NSE:NIFTY26O0625350PE,1,2026-06-28,2026-10-06,1,1,1,200,ok
2026-10-06 13:25:16,/history,NSE:NIFTY26O0625350PE,5S,2026-07-29,2026-08-28,1,1,1,200,no_data
2026-10-06 13:25:16,/history,NSE:NIFTY26O0625350CE,1,2026-06-28,2026-10-06,1,1,1,200,ok
2026-10-06 13:25:16,/history,NSE:NIFTY26O0625350PE,5S,2026-08-29,2026-09-28,1,1,1,200,no_data
2026-10-06 13:25:16,/history,NSE:NIFTY26O0625350PE,5S,2026-09-29,2026-10-06,1,1,1,200,ok
2026-10-06 13:25:17,/history,NSE:NIFTY26O0625300CE,5S,2026-09-29,2026-10-06,1,1,1,200,ok
2026-10-06 13:25:17,/history,NSE:NIFTY26O0625350CE,5S,2026-08-29,2026-09-28,1,1,1,200,ok
2026-10-06 13:25:17,/history,NSE:NIFTY26O0625350CE,5,2026-06-28,2026-10-06,1,1,1,200,ok
2026-10-06 13:25:17,/history,NSE:NIFTY26O0625350CE,60,2026-06-28,2026-10-06,1,1,1,200,ok
2026-10-06 13:25:17,/history,NSE:NIFTY26O0625350CE,D,2026-06-28,2026-10-06,1,1,1,200,ok
2026-10-06 13:25:17,/history,NSE:NIFTY26O0625350PE,60,2026-06-28,2026-10-06,1,1,1,200,ok
2026-10-06 13:25:18,/history,NSE:NIFTY26O0625350PE,D,2026-06-28,2026-10-06,1,1,1,200,ok
2026-10-06 13:25:18,/history,NSE:NIFTY26O0625400CE,1,2026-06-28,2026-10-06,1,1,1,200,ok
2026-10-06 13:25:19,/history,NSE:NIFTY26O0625350PE,5,2026-06-28,2026-10-06,1,1,1,200,ok
2026-10-06 13:25:19,/history,NSE:NIFTY26O0625400PE,1,2026-06-28,2026-10-06,1,1,1,200,ok
2026-10-06 13:25:21,/history,NSE:NIFTY26O0625400CE,5,2026-06-28,2026-10-06,1,1,1,200,ok
2026-10-06 13:25:22,/history,NSE:NIFTY26O0625350CE,5S,2026-09-29,2026-10-06,1,1,1,200,ok
2026-10-06 13:25:22,/history,NSE:NIFTY26O0625400PE,60,2026-06-28,2026-10-06,1,1,1,200,ok
2026-10-06 13:25:22,/history,NSE:NIFTY26O0625400PE,5,2026-06-28,2026-10-06,1,1,1,200,ok
2026-10-06 13:25:22,/history,NSE:NIFTY26O0625400CE,D,2026-06-28,2026-10-06,1,1,1,200,ok
2026-10-06 13:25:23,/history,NSE:NIFTY26O0625400CE,60,2026-06-28,2026-10-06,1,1,1,200,ok
2026-10-06 13:25:23,/history,NSE:NIFTY26O0625400CE,5S,2026-06-28,2026-07-28,1,1,1,200,no_data
2026-10-06 13:25:23,/history,NSE:NIFTY26O0625400CE,5S,2026-07-29,2026-08-28,1,1,1,200,no_data
2026-10-06 13:25:23,/history,NSE:NIFTY26O0625450PE,5S,2026-06-28,2026-07-28,1,1,1,200,no_data
2026-10-06 13:25:24,/history,NSE:NIFTY26O0625450CE,5S,2026-06-28,2026-07-28,1,1,1,200,no_data
2026-10-06 13:25:24,/history,NSE:NIFTY26O0625400PE,D,2026-06-28,2026-10-06,1,1,1,200,ok
2026-10-06 13:25:24,/history,NSE:NIFTY26O0625450CE,5S,2026-07-29,2026-08-28,1,1,1,200,no_data
2026-10-06 13:25:25,/history,NSE:NIFTY26O0625450PE,5S,2026-07-29,2026-08-28,1,1,1,200,no_data
2026-10-06 13:25:25,/history,NSE:NIFTY26O0625400PE,5S,2026-06-28,2026-07-28,1,1,1,200,no_data
2026-10-06 13:25:25,/history,NSE:NIFTY26O0625450PE,5S,2026-08-29,2026-09-28,1,1,1,200,no_data
2026-10-06 13:25:25,/history,NSE:NIFTY26O0625400PE,5S,2026-07-29,2026-08-28,1,1,1,200,no_data
2026-10-06 13:25:25,/history,NSE:NIFTY26O0625450CE,1,2026-06-28,2026-10-06,1,1,1,200,ok
2026-10-06 13:25:25,/history,NSE:NIFTY26O0625450CE,5S,2026-08-29,2026-09-28,1,1,1,200,ok
2026-10-06 13:25:25,/history,NSE:NIFTY26O0625450PE,5S,2026-09-29,2026-10-06,1,1,1,200,no_data
2026-10-06 13:25:26,/history,NSE:NIFTY26O0625400PE,5S,2026-08-29,2026-09-28,1,1,1,200,ok
2026-10-06 13:25:26,/history,NSE:NIFTY26O0625450PE,1,2026-06-28,2026-10-06,1,1,1,200,no_data
2026-10-06 13:25:27,/history,NSE:NIFTY26O0625400CE,5S,2026-08-29,2026-09-28,1,1,1,200,ok
2026-10-06 13:25:27,/history,NSE:NIFTY26O0625400PE,5S,2026-09-29,2026-10-06,1,1,1,200,ok
2026-10-06 13:25:27,/history,NSE:NIFTY26O0625450CE,5S,2026-09-29,2026-10-06,1,1,1,200,ok
2026-10-06 13:25:27,/history,NSE:NIFTY26O0625450PE,5,2026-06-28,2026-10-06,1,1,1,200,no_data
2026-10-06 13:25:27,/history,NSE:NIFTY26O0625450CE,5,2026-06-28,2026-10-06,1,1,1,200,ok
2026-10-06 13:25:27,/history,NSE:NIFTY26O0625450CE,60,2026-06-28,2026-10-06,1,1,1,200,ok
2026-10-06 13:25:28,/history,NSE:NIFTY26O0625450PE,60,2026-06-28,2026-10-06,1,1,1,200,no_data
2026-10-06 13:25:28,/history,NSE:NIFTY26O0625450CE,D,2026-06-28,2026-10-06,1,1,1,200,ok
2026-10-06 13:25:28,/history,NSE:NIFTY26O0625450PE,D,2026-06-28,2026-10-06,1,1,1,200,no_data
2026-10-06 13:25:28,/history,NSE:NIFTY26O0625400CE,5S,2026-09-29,2026-10-06,1,1,1,200,ok
2026-10-06 13:25:29,/history,NSE:NIFTY26O0625500CE,5S,2026-06-28,2026-07-28,1,1,1,200,no_data
2026-10-06 13:25:29,/history,NSE:NIFTY26O0625500PE,5S,2026-06-28,2026-07-28,1,1,1,200,no_data
2026-10-06 13:25:29,/history,NSE:NIFTY26O0625500CE,5S,2026-07-29,2026-08-28,1,1,1,200,no_data
2026-10-06 13:25:29,/history,NSE:NIFTY26O0625500PE,1,2026-06-28,2026-10-06,1,1,1,200,ok
2026-10-06 13:25:30,/history,NSE:NIFTY26O0625500PE,5S,2026-07-29,2026-08-28,1,1,1,200,no_data
2026-10-06 13:25:31,/history,NSE:NIFTY26O0625500CE,5,2026-06-28,2026-10-06,1,1,1,200,ok
2026-10-06 13:25:32,/history,NSE:NIFTY26O0625500CE,5S,2026-08-29,2026-09-28,1,1,1,200,ok
2026-10-06 13:25:32,/history,NSE:NIFTY26O0625500CE,5S,2026-09-29,2026-10-06,1,1,1,200,ok
2026-10-06 13:25:32,/history,NSE:NIFTY26O0625500PE,5,2026-06-28,2026-10-06,1,1,1,200,ok
2026-10-06 13:25:33,/history,NSE:NIFTY26O0625500CE,1,2026-06-28,2026-10-06,1,1,1,200,ok
2026-10-06 13:25:33,/history,NSE:NIFTY26O0625500CE,60,2026-06-28,2026-10-06,1,1,1,200,ok
2026-10-06 13:25:33,/history,NSE:NIFTY26O0625500PE,5S,2026-08-29,2026-09-28,1,1,1,200,ok
2026-10-06 13:25:35,/history,NSE:NIFTY26O0625550CE,5S,2026-06-28,2026-07-28,1,1,1,200,no_data
2026-10-06 13:25:35,/history,NSE:NIFTY26O0625500PE,60,2026-06-28,2026-10-06,1,1,1,200,ok
2026-10-06 13:25:35,/history,NSE:NIFTY26O0625550CE,5S,2026-07-29,2026-08-28,1,1,1,200,no_data
2026-10-06 13:25:35,/history,NSE:NIFTY26O0625550PE,5S,2026-06-28,2026-07-28,1,1,1,200,no_data
2026-10-06 13:25:36,/history,NSE:NIFTY26O0625500CE,D,2026-06-28,2026-10-06,1,1,1,200,ok
2026-10-06 13:25:36,/history,NSE:NIFTY26O0625550PE,5S,2026-07-29,2026-08-28,1,1,1,200,no_data
2026-10-06 13:25:37,/history,NSE:NIFTY26O0625550CE,5S,2026-08-29,2026-09-28,1,1,1,200,ok
2026-10-06 13:25:37,/history,NSE:NIFTY26O0625500PE,D,2026-06-28,2026-10-06,1,1,1,200,ok
2026-10-06 13:25:38,/history,NSE:NIFTY26O0625550CE,5S,2026-09-29,2026-10-06,1,1,1,200,ok
2026-10-06 13:25:38,/history,NSE:NIFTY26O0625500PE,5S,2026-09-29,2026-10-06,1,1,1,200,ok
2026-10-06 13:25:38,/history,NSE:NIFTY26O0625550PE,5S,2026-08-29,2026-09-28,1,1,1,200,no_data
2026-10-06 13:25:38,/history,NSE:NIFTY26O0625550PE,1,2026-06-28,2026-10-06,1,1,1,200,no_data
2026-10-06 13:25:38,/history,NSE:NIFTY26O0625550PE,5S,2026-09-29,2026-10-06,1,1,1,200,no_data
2026-10-06 13:25:39,/history,NSE:NIFTY26O0625550CE,1,2026-06-28,2026-10-06,1,1,1,200,ok
2026-10-06 13:25:39,/history,NSE:NIFTY26O0625550PE,5,2026-06-28,2026-10-06,1,1,1,200,no_data
2026-10-06 13:25:39,/history,NSE:NIFTY26O0625550CE,5,2026-06-28,2026-10-06,1,1,1,200,ok
2026-10-06 13:25:39,/history,NSE:NIFTY26O0625550CE,60,2026-06-28,2026-10-06,1,1,1,200,ok
2026-10-06 13:25:39,/history,NSE:NIFTY26O0625550PE,60,2026-06-28,2026-10-06,1,1,1,200,no_data
2026-10-06 13:25:39,/history,NSE:NIFTY26O0625550CE,D,2026-06-28,2026-10-06,1,1,1,200,ok
2026-10-06 13:25:39,/history,NSE:NIFTY26O0625600CE,5S,2026-06-28,2026-07-28,1,1,1,200,no_data
2026-10-06 13:25:39,/history,NSE:NIFTY26O0625550PE,D,2026-06-28,2026-10-06,1,1,1,200,no_data
2026-10-06 13:25:39,/history,NSE:NIFTY26O0625600PE,5S,2026-06-28,2026-07-28,1,1,1,200,no_data
2026-10-06 13:25:40,/history,NSE:NIFTY26O0625600PE,1,2026-06-28,2026-10-06,1,1,1,200,ok
2026-10-06 13:25:40,/history,NSE:NIFTY26O0625600CE,5,2026-06-28,2026-10-06,1,1,1,200,ok
2026-10-06 13:25:40,/history,NSE:NIFTY26O0625600PE,5,2026-06-28,2026-10-06,1,1,1,200,ok
2026-10-06 13:25:41,/history,NSE:NIFTY26O0625600CE,5S,2026-07-29,2026-08-28,1,1,1,200,no_data
2026-10-06 13:25:41,/history,NSE:NIFTY26O0625600PE,5S,2026-07-29,2026-08-28,1,1,1,200,no_data
2026-10-06 13:25:41,/history,NSE:NIFTY26O0625600CE,60,2026-06-28,2026-10-06,1,1,1,200,ok
2026-10-06 13:25:41,/history,NSE:NIFTY26O0625600PE,60,2026-06-28,2026-10-06,1,1,1,200,ok
2026-10-06 13:25:42,/history,NSE:NIFTY26O0625600CE,1,2026-06-28,2026-10-06,1,1,1,200,ok
2026-10-06 13:25:42,/history,NSE:NIFTY26O0625600PE,5S,2026-08-29,2026-09-28,1,1,1,200,ok
2026-10-06 13:25:43,/history,NSE:NIFTY26O0625600CE,5S,2026-08-29,2026-09-28,1,1,1,200,ok
2026-10-06 13:25:43,/history,NSE:NIFTY26O0625600CE,D,2026-06-28,2026-10-06,1,1,1,200,ok
2026-10-06 13:25:43,/history,NSE:NIFTY26O0625600PE,D,2026-06-28,2026-10-06,1,1,1,200,ok
2026-10-06 13:25:43,/history,NSE:NIFTY26O0625650CE,5S,2026-06-28,2026-07-28,1,1,1,200,no_data
2026-10-06 13:25:43,/history,NSE:NIFTY26O0625600CE,5S,2026-09-29,2026-10-06,1,1,1,200,ok
2026-10-06 13:25:45,/history,NSE:NIFTY26O0625600PE,5S,2026-09-29,2026-10-06,1,1,1,200,ok
2026-10-06 13:25:46,/history,NSE:NIFTY26O0625650PE,5S,2026-06-28,2026-07-28,1,1,1,200,no_data
2026-10-06 13:25:46,/history,NSE:NIFTY26O0625650CE,5S,2026-07-29,2026-08-28,1,1,1,200,no_data
2026-10-06 13:25:46,/history,NSE:NIFTY26O0625650CE,1,2026-06-28,2026-10-06,1,1,1,200,ok
2026-10-06 13:25:47,/history,NSE:NIFTY26O0625650PE,5S,2026-07-29,2026-08-28,1,1,1,200,no_data
2026-10-06 13:25:47,/history,NSE:NIFTY26O0625650CE,5,2026-06-28,2026-10-06,1,1,1,200,ok
2026-10-06 13:25:48,/history,NSE:NIFTY26O0625650PE,5S,2026-08-29,2026-09-28,1,1,1,200,ok
2026-10-06 13:25:48,/history,NSE:NIFTY26O0625650PE,1,2026-06-28,2026-10-06,1,1,1,200,ok
2026-10-06 13:25:48,/history,NSE:NIFTY26O0625650PE,5,2026-06-28,2026-10-06,1,1,1,200,ok
2026-10-06 13:25:48,/history,NSE:NIFTY26O0625650CE,60,2026-06-28,2026-10-06,1,1,1,200,ok
2026-10-06 13:25:48,/history,NSE:NIFTY26O0625650PE,5S,2026-09-29,2026-10-06,1,1,1,200,ok
2026-10-06 13:25:48,/history,NSE:NIFTY26O0625650PE,D,2026-06-28,2026-10-06,1,1,1,200,ok
2026-10-06 13:25:49,/history,NSE:NIFTY26O0625700CE,5S,2026-06-28,2026-07-28,1,1,1,200,no_data
2026-10-06 13:25:49,/history,NSE:NIFTY26O0625700CE,5S,2026-07-29,2026-08-28,1,1,1,200,no_data
2026-10-06 13:25:49,/history,NSE:NIFTY26O0625650CE,5S,2026-08-29,2026-09-28,1,1,1,200,ok
2026-10-06 13:25:49,/history,NSE:NIFTY26O0625650PE,60,2026-06-28,2026-10-06,1,1,1,200,ok
2026-10-06 13:25:51,/history,NSE:NIFTY26O0625700CE,5S,2026-08-29,2026-09-28,1,1,1,200,ok
2026-10-06 13:25:51,/history,NSE:NIFTY26O0625700PE,5S,2026-06-28,2026-07-28,1,1,1,200,no_data
2026-10-06 13:25:51,/history,NSE:NIFTY26O0625650CE,5S,2026-09-29,2026-10-06,1,1,1,200,ok
2026-10-06 13:25:51,/history,NSE:NIFTY26O0625650CE,D,2026-06-28,2026-10-06,1,1,1,200,ok
2026-10-06 13:25:52,/history,NSE:NIFTY26O0625700PE,1,2026-06-28,2026-10-06,1,1,1,200,ok
2026-10-06 13:25:52,/history,NSE:NIFTY26O0625700PE,5S,2026-07-29,2026-08-28,1,1,1,200,no_data
2026-10-06 13:25:52,/history,NSE:NIFTY26O0625700CE,5S,2026-09-29,2026-10-06,1,1,1,200,ok
2026-10-06 13:25:52,/history,NSE:NIFTY26O0625700CE,5,2026-06-28,2026-10-06,1,1,1,200,ok
2026-10-06 13:25:53,/history,NSE:NIFTY26O0625700PE,5S,2026-08-29,2026-09-28,1,1,1,200,ok
2026-10-06 13:25:53,/history,NSE:NIFTY26O0625700CE,1,2026-06-28,2026-10-06,1,1,1,200,ok
2026-10-06 13:25:53,/history,NSE:NIFTY26O0625700PE,5S,2026-09-29,2026-10-06,1,1,1,200,ok
2026-10-06 13:25:53,/history,NSE:NIFTY26O0625700PE,5,2026-06-28,2026-10-06,1,1,1,200,ok
2026-10-06 13:25:53,/history,NSE:NIFTY26O0625700CE,60,2026-06-28,2026-10-06,1,1,1,200,ok
2026-10-06 13:25:53,/history,NSE:NIFTY26O0625700PE,60,2026-06-28,2026-10-06,1,1,1,200,ok
2026-10-06 13:25:53,/history,NSE:NIFTY26O0625700CE,D,2026-06-28,2026-10-06,1,1,1,200,ok
2026-10-06 13:25:55,/history,NSE:NIFTY26O0625750CE,1,2026-06-28,2026-10-06,1,1,1,200,ok
2026-10-06 13:25:55,/history,NSE:NIFTY26O0625700PE,D,2026-06-28,2026-10-06,1,1,1,200,ok
2026-10-06 13:25:55,/history,NSE:NIFTY26O0625750CE,5S,2026-06-28,2026-07-28,1,1,1,200,no_data
2026-10-06 13:25:56,/history,NSE:NIFTY26O0625750PE,5S,2026-06-28,2026-07-28,1,1,1,200,no_data
2026-10-06 13:25:58,/history,NSE:NIFTY26O0625750PE,1,2026-06-28,2026-10-06,1,1,1,200,ok
2026-10-06 13:25:58,/history,NSE:NIFTY26O0625750PE,5,2026-06-28,2026-10-06,1,1,1,200,ok
2026-10-06 13:25:58,/history,NSE:NIFTY26O0625750PE,5S,2026-07-29,2026-08-28,1,1,1,200,no_data
2026-10-06 13:25:58,/history,NSE:NIFTY26O0625750CE,5S,2026-07-29,2026-08-28,1,1,1,200,no_data
2026-10-06 13:25:58,/history,NSE:NIFTY26O0625750CE,60,2026-06-28,2026-10-06,1,1,1,200,ok
2026-10-06 13:25:58,/history,NSE:NIFTY26O0625750CE,5,2026-06-28,2026-10-06,1,1,1,200,ok
2026-10-06 13:25:59,/history,NSE:NIFTY26O0625750PE,60,2026-06-28,2026-10-06,1,1,1,200,ok
2026-10-06 13:25:59,/history,NSE:NIFTY26O0625750PE,5S,2026-08-29,2026-09-28,1,1,1,200,ok
2026-10-06 13:25:59,/history,NSE:NIFTY26O0625750CE,D,2026-06-28,2026-10-06,1,1,1,200,ok
2026-10-06 13:25:59,/history,NSE:NIFTY26O0625800CE,5S,2026-06-28,2026-07-28,1,1,1,200,no_data
2026-10-06 13:25:59,/history,NSE:NIFTY26O0625750PE,D,2026-06-28,2026-10-06,1,1,1,200,ok
2026-10-06 13:25:59,/history,NSE:NIFTY26O0625750PE,5S,2026-09-29,2026-10-06,1,1,1,200,ok
2026-10-06 13:25:59,/history,NSE:NIFTY26O0625800PE,5S,2026-06-28,2026-07-28,1,1,1,200,no_data
2026-10-06 13:26:00,/history,NSE:NIFTY26O0625750CE,5S,2026-08-29,2026-09-28,1,1,1,200,ok
2026-10-06 13:26:00,/history,NSE:NIFTY26O0625750CE,5S,2026-09-29,2026-10-06,1,1,1,200,ok
2026-10-06 13:26:01,/history,NSE:NIFTY26O0625800CE,5S,2026-07-29,2026-08-28,1,1,1,200,no_data
2026-10-06 13:26:01,/history,NSE:NIFTY26O0625800CE,1,2026-06-28,2026-10-06,1,1,1,200,ok
2026-10-06 13:26:02,/history,NSE:NIFTY26O0625800PE,5,2026-06-28,2026-10-06,1,1,1,200,ok
2026-10-06 13:26:02,/history,NSE:NIFTY26O0625800CE,60,2026-06-28,2026-10-06,1,1,1,200,ok
2026-10-06 13:26:02,/history,NSE:NIFTY26O0625800PE,60,2026-06-28,2026-10-06,1,1,1,200,ok
2026-10-06 13:26:02,/history,NSE:NIFTY26O0625800PE,5S,2026-07-29,2026-08-28,1,1,1,200,no_data
2026-10-06 13:26:02,/history,NSE:NIFTY26O0625800PE,1,2026-06-28,2026-10-06,1,1,1,200,ok
2026-10-06 13:26:03,/history,NSE:NIFTY26O0625800CE,D,2026-06-28,2026-10-06,1,1,1,200,ok
2026-10-06 13:26:03,/history,NSE:NIFTY26O0625800PE,5S,2026-08-29,2026-09-28,1,1,1,200,ok
2026-10-06 13:26:03,/history,NSE:NIFTY26O0625800CE,5S,2026-08-29,2026-09-28,1,1,1,200,ok
2026-10-06 13:26:03,/history,NSE:NIFTY26O0625800PE,5S,2026-09-29,2026-10-06,1,1,1,200,ok
2026-10-06 13:26:04,/history,NSE:NIFTY26O0625800CE,5,2026-06-28,2026-10-06,1,1,1,200,ok
2026-10-06 13:26:04,/history,NSE:NIFTY26O0625800PE,D,2026-06-28,2026-10-06,1,1,1,200,ok
2026-10-06 13:26:04,/history,NSE:NIFTY26O0625800CE,5S,2026-09-29,2026-10-06,1,1,1,200,ok
2026-10-06 13:26:04,/history,NSE:NIFTY26O0625850CE,5S,2026-06-28,2026-07-28,1,1,1,200,no_data
2026-10-06 13:26:06,/history,NSE:NIFTY26O0625850PE,5S,2026-06-28,2026-07-28,1,1,1,200,no_data
2026-10-06 13:26:06,/history,NSE:NIFTY26O0625850CE,1,2026-06-28,2026-10-06,1,1,1,200,no_data
2026-10-06 13:26:06,/history,NSE:NIFTY26O0625850PE,5S,2026-07-29,2026-08-28,1,1,1,200,no_data
2026-10-06 13:26:06,/history,NSE:NIFTY26O0625850PE,5S,2026-08-29,2026-09-28,1,1,1,200,no_data
2026-10-06 13:26:06,/history,NSE:NIFTY26O0625850PE,1,2026-06-28,2026-10-06,1,1,1,200,no_data
2026-10-06 13:26:06,/history,NSE:NIFTY26O0625850CE,5,2026-06-28,2026-10-06,1,1,1,200,no_data
2026-10-06 13:26:07,/history,NSE:NIFTY26O0625850CE,60,2026-06-28,2026-10-06,1,1,1,200,no_data
2026-10-06 13:26:07,/history,NSE:NIFTY26O0625850PE,60,2026-06-28,2026-10-06,1,1,1,200,no_data
2026-10-06 13:26:07,/history,NSE:NIFTY26O0625850CE,D,2026-06-28,2026-10-06,1,1,1,200,no_data
2026-10-06 13:26:07,/history,NSE:NIFTY26O0625850PE,D,2026-06-28,2026-10-06,1,1,1,200,no_data
2026-10-06 13:26:07,/history,NSE:NIFTY26O0625850CE,5S,2026-07-29,2026-08-28,1,1,1,200,no_data
2026-10-06 13:26:07,/history,NSE:NIFTY26O0625900CE,5S,2026-06-28,2026-07-28,1,1,1,200,no_data
2026-10-06 13:26:07,/history,NSE:NIFTY26O0625850PE,5,2026-06-28,2026-10-06,1,1,1,200,no_data
2026-10-06 13:26:08,/history,NSE:NIFTY26O0625900CE,1,2026-06-28,2026-10-06,1,1,1,200,no_data
2026-10-06 13:26:08,/history,NSE:NIFTY26O0625900PE,5S,2026-06-28,2026-07-28,1,1,1,200,no_data
2026-10-06 13:26:10,/history,NSE:NIFTY26O0625900PE,1,2026-06-28,2026-10-06,1,1,1,200,no_data
2026-10-06 13:26:11,/history,NSE:NIFTY26O0625900CE,5,2026-06-28,2026-10-06,1,1,1,200,no_data
2026-10-06 13:26:11,/history,NSE:NIFTY26O0625900PE,5,2026-06-28,2026-10-06,1,1,1,200,no_data
2026-10-06 13:26:11,/history,NSE:NIFTY26O0625900CE,60,2026-06-28,2026-10-06,1,1,1,200,no_data
2026-10-06 13:26:11,/history,NSE:NIFTY26O0625850CE,5S,2026-08-29,2026-09-28,1,1,1,200,no_data
2026-10-06 13:26:12,/history,NSE:NIFTY26O0625900CE,5S,2026-07-29,2026-08-28,1,1,1,200,no_data
2026-10-06 13:26:12,/history,NSE:NIFTY26O0625900PE,60,2026-06-28,2026-10-06,1,1,1,200,no_data
2026-10-06 13:26:13,/history,NSE:NIFTY26O0625850PE,5S,2026-09-29,2026-10-06,1,1,1,200,no_data
2026-10-06 13:26:13,/history,NSE:NIFTY26O0625900PE,5S,2026-07-29,2026-08-28,1,1,1,200,no_data
2026-10-06 13:26:14,/history,NSE:NIFTY26O0625900CE,5S,2026-08-29,2026-09-28,1,1,1,200,no_data
2026-10-06 13:26:14,/history,NSE:NIFTY26O0625850CE,5S,2026-09-29,2026-10-06,1,1,1,200,no_data
2026-10-06 13:26:14,/history,NSE:NIFTY26O0625900CE,D,2026-06-28,2026-10-06,1,1,1,200,no_data
2026-10-06 13:26:15,/history,NSE:NIFTY26O0625900PE,D,2026-06-28,2026-10-06,1,1,1,200,no_data
2026-10-06 13:26:15,/history,NSE:NIFTY26O0625900PE,5S,2026-08-29,2026-09-28,1,1,1,200,no_data
2026-10-06 13:26:15,/history,NSE:NIFTY26O0625900CE,5S,2026-09-29,2026-10-06,1,1,1,200,no_data
2026-10-06 13:26:15,/history,NSE:NIFTY26O0625950CE,5S,2026-06-28,2026-07-28,1,1,1,200,no_data
2026-10-06 13:26:15,/history,NSE:NIFTY26O0625950PE,5S,2026-06-28,2026-07-28,1,1,1,200,no_data
2026-10-06 13:26:15,/history,NSE:NIFTY26O0625950CE,1,2026-06-28,2026-10-06,1,1,1,200,no_data
2026-10-06 13:26:15,/history,NSE:NIFTY26O0625900PE,5S,2026-09-29,2026-10-06,1,1,1,200,no_data
2026-10-06 13:26:15,/history,NSE:NIFTY26O0625950PE,1,2026-06-28,2026-10-06,1,1,1,200,no_data
2026-10-06 13:26:16,/history,NSE:NIFTY26O0625950CE,5S,2026-07-29,2026-08-28,1,1,1,200,no_data
2026-10-06 13:26:16,/history,NSE:NIFTY26O0625950PE,5S,2026-07-29,2026-08-28,1,1,1,200,no_data
2026-10-06 13:26:16,/history,NSE:NIFTY26O0625950CE,5,2026-06-28,2026-10-06,1,1,1,200,no_data
2026-10-06 13:26:16,/history,NSE:NIFTY26O0625950PE,5,2026-06-28,2026-10-06,1,1,1,200,no_data
2026-10-06 13:26:16,/history,NSE:NIFTY26O0625950CE,5S,2026-08-29,2026-09-28,1,1,1,200,no_data
2026-10-06 13:26:16,/history,NSE:NIFTY26O0625950PE,5S,2026-08-29,2026-09-28,1,1,1,200,no_data
2026-10-06 13:26:16,/history,NSE:NIFTY26O0625950PE,60,2026-06-28,2026-10-06,1,1,1,200,no_data
2026-10-06 13:26:16,/history,NSE:NIFTY26O0625950PE,D,2026-06-28,2026-10-06,1,1,1,200,no_data
2026-10-06 13:26:17,/history,NSE:NIFTY26O0625950CE,D,2026-06-28,2026-10-06,1,1,1,200,no_data
2026-10-06 13:26:17,/history,NSE:NIFTY26O0625950CE,5S,2026-09-29,2026-10-06,1,1,1,200,no_data
2026-10-06 13:26:17,/history,NSE:NIFTY26O0626000PE,5S,2026-06-28,2026-07-28,1,1,1,200,no_data
2026-10-06 13:26:17,/history,NSE:NIFTY26O0626000CE,1,2026-06-28,2026-10-06,1,1,1,200,no_data
2026-10-06 13:26:18,/history,NSE:NIFTY26O0626000PE,1,2026-06-28,2026-10-06,1,1,1,200,no_data
2026-10-06 13:26:18,/history,NSE:NIFTY26O0625950CE,60,2026-06-28,2026-10-06,1,1,1,200,no_data
2026-10-06 13:26:19,/history,NSE:NIFTY26O0626000PE,5,2026-06-28,2026-10-06,1,1,1,200,no_data
2026-10-06 13:26:19,/history,NSE:NIFTY26O0625950PE,5S,2026-09-29,2026-10-06,1,1,1,200,no_data
2026-10-06 13:26:21,/history,NSE:NIFTY26O0626000CE,60,2026-06-28,2026-10-06,1,1,1,200,no_data
2026-10-06 13:26:21,/history,NSE:NIFTY26O0626000PE,60,2026-06-28,2026-10-06,1,1,1,200,no_data
2026-10-06 13:26:22,/history,NSE:NIFTY26O0626000CE,5S,2026-06-28,2026-07-28,1,1,1,200,no_data
2026-10-06 13:26:23,/history,NSE:NIFTY26O0626000PE,5S,2026-07-29,2026-08-28,1,1,1,200,no_data
2026-10-06 13:26:23,/history,NSE:NIFTY26O0626000CE,D,2026-06-28,2026-10-06,1,1,1,200,no_data
2026-10-06 13:26:23,/history,NSE:NIFTY26O0626000PE,D,2026-06-28,2026-10-06,1,1,1,200,no_data
2026-10-06 13:26:23,/history,NSE:NIFTY26O0626000CE,5S,2026-07-29,2026-08-28,1,1,1,200,no_data
2026-10-06 13:26:23,/history,NSE:NIFTY26O0626000CE,5,2026-06-28,2026-10-06,1,1,1,200,no_data
2026-10-06 13:26:23,/history,NSE:NIFTY26O0626000CE,5S,2026-08-29,2026-09-28,1,1,1,200,no_data
2026-10-06 13:26:24,/history,NSE:NIFTY26O0626000PE,5S,2026-08-29,2026-09-28,1,1,1,200,no_data
2026-10-06 13:26:24,/history,NSE:NIFTY26O0626000PE,5S,2026-09-29,2026-10-06,1,1,1,200,no_data
2026-10-06 13:26:24,/history,NSE:NIFTY26O0626000CE,5S,2026-09-29,2026-10-06,1,1,1,200,no_data
